-- --------------------------------------------------------
-- Host:                         localhost
-- Server version:               5.7.24 - MySQL Community Server (GPL)
-- Server OS:                    Win64
-- HeidiSQL Version:             10.2.0.5599
-- --------------------------------------------------------

/*!40101 SET @OLD_CHARACTER_SET_CLIENT=@@CHARACTER_SET_CLIENT */;
/*!40101 SET NAMES utf8 */;
/*!50503 SET NAMES utf8mb4 */;
/*!40014 SET @OLD_FOREIGN_KEY_CHECKS=@@FOREIGN_KEY_CHECKS, FOREIGN_KEY_CHECKS=0 */;
/*!40101 SET @OLD_SQL_MODE=@@SQL_MODE, SQL_MODE='NO_AUTO_VALUE_ON_ZERO' */;


-- Dumping database structure for refund2
CREATE DATABASE IF NOT EXISTS `refund2` /*!40100 DEFAULT CHARACTER SET utf8 */;
USE `refund2`;

-- Dumping structure for table refund2.10_form_rules
CREATE TABLE IF NOT EXISTS `10_form_rules` (
  `id` int(10) unsigned NOT NULL AUTO_INCREMENT,
  `form_id` int(10) unsigned NOT NULL,
  `order` int(11) NOT NULL,
  `name` varchar(300) COLLATE utf8mb4_unicode_ci NOT NULL,
  `sub_of` int(11) NOT NULL,
  `rule_type` int(11) NOT NULL,
  `result_type` int(11) DEFAULT NULL,
  `condition` varchar(191) COLLATE utf8mb4_unicode_ci DEFAULT NULL,
  `description` varchar(500) COLLATE utf8mb4_unicode_ci DEFAULT NULL,
  `condition_type` int(11) DEFAULT NULL,
  `status` tinyint(4) NOT NULL,
  `created_at` timestamp NULL DEFAULT NULL,
  `updated_at` timestamp NULL DEFAULT NULL,
  PRIMARY KEY (`id`),
  KEY `10_form_rules_form_id_index` (`form_id`),
  CONSTRAINT `10_form_rules_form_id_foreign` FOREIGN KEY (`form_id`) REFERENCES `9_forms` (`id`) ON DELETE CASCADE
) ENGINE=InnoDB AUTO_INCREMENT=188 DEFAULT CHARSET=utf8mb4 COLLATE=utf8mb4_unicode_ci;

-- Dumping data for table refund2.10_form_rules: ~128 rows (approximately)
/*!40000 ALTER TABLE `10_form_rules` DISABLE KEYS */;
REPLACE INTO `10_form_rules` (`id`, `form_id`, `order`, `name`, `sub_of`, `rule_type`, `result_type`, `condition`, `description`, `condition_type`, `status`, `created_at`, `updated_at`) VALUES
	(39, 31, 1, 'เป็นการให้ความช่วยเหลือผู้ประกอบการก่อสร้างเท่านั้น', 0, 1, 0, NULL, 'งานก่อสร้าง หมายถึง งานก่อสร้างตามหลักทั่วไปที่มีกฎหมาย ระเบียบ มติคณะรัฐมนตรี  หรือหนังสือเวียนที่เกี่ยวข้องอ้างอิงได้', 0, 0, '2020-01-06 04:25:18', '2020-03-12 07:07:31'),
	(40, 31, 2, 'อยู่ในพื้นที่ภาคใต้ 12 จังหวัด ได้แก่ พัทลุง นราธิวาส ยะลา สงขลา ปัตตานี ตรัง สุราษฎร์ธานี นครศรีธรรมราช ชุมพร ระนอง กระบี่ และประจวบคีรีขันธ์', 0, 1, 0, NULL, NULL, 0, 0, '2020-01-06 04:30:16', '2020-01-06 04:30:16'),
	(41, 31, 3, 'สัญญาที่จะได้รับความช่วยเหลือ', 0, 1, 1, NULL, NULL, 0, 0, '2020-01-06 05:14:01', '2020-01-06 05:18:58'),
	(42, 31, 1, 'เป็นสัญญาจ้างก่อสร้างที่ได้ลงนามกับทางราชการ ก่อนวันที่ 1 ธ.ค. 59', 41, 2, 0, NULL, NULL, 0, 0, '2020-01-06 05:14:31', '2020-06-10 04:30:20'),
	(43, 31, 2, 'เป็นสัญญาจ้างก่อสร้างที่ได้ลงนามกับทางราชการ ระหว่างวันที่ 1 ธ.ค. 59 - 12 ก.พ. 60', 41, 2, 0, NULL, NULL, 0, 0, '2020-01-06 05:16:23', '2020-06-10 04:30:29'),
	(44, 31, 4, 'เป็นสัญญาตามหลักเกณฑ์ข้อ 3.1 หรือ 3.2 ที่', 0, 1, 1, NULL, NULL, 0, 0, '2020-01-06 05:22:45', '2020-06-10 04:30:44'),
	(45, 31, 1, 'ณ วันที่ 1 ธ.ค. 59 - 12 ก.พ. 60 สัญญายังมีนิติสัมพันธ์อยู่ และยังไม่ส่งมอบงานงวดสุดท้ายในช่วงเวลาดังกล่าว', 44, 2, 0, NULL, NULL, 0, 0, '2020-01-06 05:23:07', '2020-06-10 04:31:56'),
	(46, 31, 2, 'ณ วันที่ 1 ธ.ค. 59 - 12 ก.พ. 60 สัญญายังมีนิติสัมพันธ์อยู่ แต่ได้มีการส่งมอบงานงวดสุดท้ายในช่วงเวลาดังกล่าว', 44, 2, 0, NULL, NULL, 0, 0, '2020-01-06 05:24:05', '2020-06-10 04:32:16'),
	(47, 31, 6, 'การขยายเวลา งดหรือลดค่าปรับ ตามมาตรการนี้', 0, 1, 1, NULL, NULL, 0, 0, '2020-01-06 05:42:32', '2020-06-10 04:37:02'),
	(48, 31, 1, 'กรณีไม่เคยขยายเวลา งดหรือลดค่าปรับด้วยเหตุดังกล่าวตามระเบียบพัสดุฯ ขยายเวลา งดหรือลดค่าปรับได้ 120 วัน', 47, 2, 0, NULL, 'ไม่เคย', 0, 0, '2020-01-06 05:43:19', '2020-06-10 04:37:27'),
	(49, 31, 2, 'กรณีเคยขยายเวลา งดหรือลดค่าปรับด้วยเหตุดังกล่าวตามระเบียบพัสดุฯ แล้ว ขยายเวลา งดหรือลดค่าปรับเพิ่มได้อีกรวมไม่เกิน 120 วัน', 47, 2, 0, NULL, 'เคย', 0, 0, '2020-01-06 05:44:32', '2020-06-10 04:37:59'),
	(50, 31, 7, 'ผู้ประกอบการต้องยื่นคำขอต่อหน่วยงานภายใน 60 วัน นับถัดจากวันที่คณะรัฐมนตรีมีมติ', 0, 1, 0, NULL, NULL, 0, 0, '2020-01-06 05:48:35', '2020-04-07 07:38:57'),
	(51, 32, 1, 'เป็นการให้ความช่วยเหลือผู้ประกอบการก่อสร้างเท่านั้น', 0, 1, 0, NULL, NULL, 0, 0, '2020-01-06 07:34:54', '2020-01-06 07:34:54'),
	(52, 32, 2, 'เป็นสัญญาจ้างก่อสร้างที่ลงนามระหว่างวันที่ 23 เม.ย. 56 - 25 พ.ย. 56', 0, 1, 0, NULL, NULL, 0, 0, '2020-01-06 07:35:52', '2020-05-19 07:06:23'),
	(53, 32, 3, 'เป็นสัญญาตามหลักเกณฑ์ข้อ 2 ที่', 0, 1, 1, NULL, NULL, 0, 0, '2020-01-06 07:37:40', '2020-05-19 07:10:48'),
	(54, 32, 1, 'สัญญายังมีนิติสัมพันธ์อยู่ ณ วันที่คณะรัฐมนตรีมีมติให้ความช่วยเหลือในครั้งนี้ ซึ่งยังไม่ได้ส่งมอบงานงวดสุดท้าย', 53, 2, 0, NULL, NULL, 0, 0, '2020-01-06 07:58:50', '2020-05-19 07:16:20'),
	(55, 32, 2, 'ส่งมอบงานงวดสุดท้ายแล้ว ก่อนวันที่คณะรัฐมนตรีมีมติให้ความช่วยเหลือในครั้งนี้ (ส่งมอบงานงวดสุดท้ายก่อนวันที่ 6 ก.ย. 59)', 53, 2, 0, NULL, NULL, 0, 0, '2020-01-06 08:00:28', '2020-05-19 07:20:20'),
	(56, 32, 4, 'อนุมัติงดหรือลดค่าปรับได้ไม่เกิน จำนวน 150 วัน', 0, 1, 0, NULL, NULL, 0, 0, '2020-01-06 08:01:42', '2020-06-04 07:11:03'),
	(57, 32, 5, 'การยื่นคำร้องขอรับความช่วยเหลือ', 0, 1, 1, NULL, NULL, 0, 0, '2020-01-06 08:03:12', '2020-05-19 07:26:28'),
	(58, 32, 1, 'อยู่ในหลักเกณฑ์/เงื่อนไข ตามข้อ 3.1 โดยยื่นคำร้องขอพร้อมกับการส่งมอบงานงวดสุดท้าย', 57, 2, 0, NULL, NULL, 0, 0, '2020-01-06 08:04:29', '2020-05-19 07:27:36'),
	(59, 32, 2, 'อยู่ในหลักเกณฑ์/เงื่อนไข ตามข้อ 3.2 โดยต้องยื่นคำร้องขอต่อหน่วยงานภายใน 60 วัน นับถัดจากวันที่คณะรัฐมนตรีมีมติให้ความช่วยเหลือ', 57, 2, 0, NULL, NULL, 0, 0, '2020-01-06 08:06:40', '2020-05-19 07:31:44'),
	(60, 33, 1, 'เป็นการให้ความช่วยเหลือผู้ประกอบการก่อสร้างเท่านั้น', 0, 1, 0, NULL, NULL, 0, 0, '2020-01-08 03:12:48', '2020-05-15 07:34:21'),
	(61, 33, 2, 'อยู่ในพื้นที่ภาคใต้ 1 จังหวัด ได้แก่ สตูล', 0, 1, 0, NULL, NULL, 0, 0, '2020-01-08 03:14:11', '2020-01-08 03:14:11'),
	(62, 33, 3, 'สัญญาที่จะได้รับความช่วยเหลือ', 0, 1, 1, NULL, NULL, 0, 0, '2020-01-08 03:16:20', '2020-01-08 03:31:28'),
	(63, 33, 1, 'เป็นสัญญาจ้างก่อสร้างที่ได้ลงนามกับทางราชการ ก่อนวันที่ 1 ธ.ค. 59', 62, 2, 0, NULL, NULL, 0, 0, '2020-01-08 03:29:52', '2020-06-10 04:46:19'),
	(64, 33, 2, 'เป็นสัญญาจ้างก่อสร้างที่ได้ลงนามกับทางราชการ ระหว่างวันที่ 1 ธ.ค. 59 - 12 ก.พ. 60', 62, 2, 0, NULL, NULL, 0, 0, '2020-01-08 03:30:49', '2020-06-10 04:46:28'),
	(65, 33, 4, 'เป็นสัญญาตามหลักเกณฑ์ข้อ 3.1 หรือ 3.2 ที่', 0, 1, 1, NULL, NULL, 0, 0, '2020-01-08 03:32:34', '2020-06-10 04:46:44'),
	(66, 33, 1, 'ณ วันที่ 1 ธ.ค. 59 - 12 ก.พ. 60 สัญญายังมีนิติสัมพันธ์อยู่ และยังไม่ส่งมอบงานงวดสุดท้ายในช่วงเวลาดังกล่าว', 65, 2, 0, NULL, NULL, 0, 0, '2020-01-08 03:32:54', '2020-06-10 04:47:05'),
	(67, 33, 2, 'ณ วันที่ 1 ธ.ค. 59 - 12 ก.พ. 60 สัญญายังมีนิติสัมพันธ์อยู่ แต่ได้มีการส่งมอบงานงวดสุดท้ายในช่วงเวลาดังกล่าว', 65, 2, 0, NULL, NULL, 0, 0, '2020-01-08 03:37:39', '2020-06-10 04:47:17'),
	(68, 33, 6, 'การขยายเวลา งดหรือลดค่าปรับ ตามมาตรการนี้', 0, 1, 1, NULL, NULL, 0, 0, '2020-01-08 06:09:52', '2020-05-15 08:09:43'),
	(69, 33, 7, 'ผู้ประกอบการต้องยื่นคำขอต่อหน่วยงานภายใน 60 วัน นับแต่วันที่คณะรัฐมนตรีมีมติ', 0, 1, 0, NULL, NULL, 0, 0, '2020-01-08 06:12:03', '2020-05-15 08:01:18'),
	(70, 34, 1, 'เป็นไปตาม พรบ. ระเบียบ ข้อบังคับ หรือข้อบัญญัติ ว่าด้วยการพัสดุของหน่วยงานนั้น ๆ', 0, 1, 0, NULL, NULL, 0, 0, '2020-03-03 07:05:42', '2020-03-03 07:19:38'),
	(71, 34, 2, 'การงดหรือลดค่าปรับ หรือขยายเวลา ตามกรณี', 0, 1, 1, NULL, NULL, 0, 0, '2020-03-03 07:06:47', '2020-06-10 03:41:36'),
	(72, 34, 1, '(1) เหตุเกิดจากความผิดหรือความบกพร่องของส่วนราชการ (ผู้ว่าจ้าง/หน่วยงาน)', 71, 2, 0, NULL, NULL, 0, 0, '2020-03-03 07:07:36', '2020-06-10 02:29:59'),
	(73, 34, 2, '(2) เหตุสุดวิสัย', 71, 2, 0, NULL, NULL, 0, 0, '2020-03-03 07:08:56', '2020-03-03 07:12:16'),
	(74, 34, 3, '(3) เหตุเกิดจากพฤติการณ์อันหนึ่งอันใดที่คู่สัญญาไม่ต้องรับผิดตามกฎหมาย', 71, 2, 0, NULL, NULL, 0, 0, '2020-03-03 07:12:47', '2020-03-03 07:12:47'),
	(75, 31, 5, 'ผู้รับจ้างต้องรับผิดชอบค่าปรับเองในช่วงก่อนหน้า 1 ธ.ค. 59 แต่จะได้รับการลดหรืองดค่าปรับเฉพาะในช่วงระยะเวลาที่ได้รับความช่วยเหลือตามมาตรการนี้เท่านั้น', 0, 1, 1, NULL, NULL, 0, 0, '2020-03-12 08:01:28', '2020-05-14 06:55:58'),
	(95, 31, 1, 'ไม่มีค่าปรับที่ต้องรับผิดชอบเองในช่วงก่อนหน้า 1 ธ.ค. 59', 75, 2, 0, NULL, NULL, 0, 0, '2020-05-13 03:02:57', '2020-05-14 06:05:30'),
	(96, 37, 1, 'เป็นการให้ความช่วยเหลือผู้ประกอบการก่อสร้างเท่านั้น', 0, 1, 0, NULL, NULL, 0, 0, '2020-05-13 08:24:16', '2020-05-13 08:24:16'),
	(97, 37, 2, 'อยู่ในพื้นที่ภาคใต้ 2 จังหวัด ได้แก่ พังงา ภูเก็ต', 0, 1, 0, NULL, NULL, 0, 0, '2020-05-13 08:25:35', '2020-05-13 08:25:35'),
	(99, 37, 3, 'สัญญาที่จะได้รับความช่วยเหลือ', 0, 1, 1, NULL, NULL, 0, 0, '2020-05-13 08:28:50', '2020-05-13 08:35:00'),
	(100, 37, 1, 'เป็นสัญญาจ้างก่อสร้างที่ได้ลงนามกับทางราชการ ก่อนวันที่ 1 ธ.ค. 59', 99, 2, 0, NULL, NULL, 0, 0, '2020-05-13 08:30:00', '2020-06-10 04:40:27'),
	(101, 37, 2, 'เป็นสัญญาจ้างก่อสร้างที่ได้ลงนามกับทางราชการ ระหว่างวันที่ 1 ธ.ค. 59 - 12 ก.พ. 60', 99, 2, 0, NULL, NULL, 0, 0, '2020-05-13 08:31:10', '2020-06-10 04:40:33'),
	(102, 37, 4, 'เป็นสัญญาตามหลักเกณฑ์ข้อ 3.1 หรือ 3.2 ที่', 0, 1, 1, NULL, NULL, 0, 0, '2020-05-13 08:32:32', '2020-06-10 04:40:49'),
	(103, 37, 1, 'ณ วันที่ 1 ธ.ค. 59 - 12 ก.พ. 60 สัญญายังมีนิติสัมพันธ์อยู่ และยังไม่ส่งมอบงานงวดสุดท้ายในช่วงเวลาดังกล่าว', 102, 2, 0, NULL, NULL, 0, 0, '2020-05-13 08:33:05', '2020-06-10 04:41:15'),
	(104, 37, 2, 'ณ วันที่ 1 ธ.ค. 59 - 12 ก.พ. 60 สัญญายังมีนิติสัมพันธ์อยู่ แต่ได้มีการส่งมอบงานงวดสุดท้ายในช่วงเวลาดังกล่าว', 102, 2, 0, NULL, NULL, 0, 0, '2020-05-13 08:34:18', '2020-06-10 04:41:30'),
	(105, 37, 5, 'ผู้รับจ้างต้องรับผิดชอบค่าปรับเองในช่วงก่อนหน้าวันที่ 1 ธ.ค. 59 แต่จะได้รับการลดหรืองดค่าปรับเฉพาะในช่วงระยะเวลาที่ได้รับความช่วยเหลือตามมาตรการนี้เท่านั้น', 0, 1, 1, NULL, NULL, 0, 0, '2020-05-14 02:46:28', '2020-05-15 08:12:20'),
	(106, 37, 1, 'ไม่มีค่าปรับที่ต้องรับผิดชอบเองในช่วงก่อนหน้าวันที่ 1 ธ.ค. 59', 105, 2, 0, NULL, NULL, 0, 0, '2020-05-14 02:48:16', '2020-05-15 08:11:53'),
	(107, 37, 2, 'ผู้รับจ้างต้องรับผิดชอบค่าปรับเอง', 105, 2, 0, NULL, NULL, 0, 0, '2020-05-14 02:48:54', '2020-05-14 02:48:54'),
	(108, 37, 6, 'การขยายเวลา งดหรือลดค่าปรับ ตามมาตรการนี้', 0, 1, 1, NULL, NULL, 0, 0, '2020-05-14 02:52:12', '2020-05-15 07:33:29'),
	(109, 37, 1, 'กรณีไม่เคยขยายเวลา งดหรือลดค่าปรับด้วยเหตุดังกล่าวตามระเบียบพัสดุฯ ขยายเวลา งดหรือลดค่าปรับได้ 70 วัน', 108, 2, 0, NULL, NULL, 0, 0, '2020-05-14 02:53:23', '2020-06-10 04:41:54'),
	(110, 37, 2, 'กรณีเคยขยายเวลา งดหรือลดค่าปรับด้วยเหตุดังกล่าวตามระเบียบพัสดุฯ แล้ว ขยายเวลา งดหรือลดค่าปรับเพิ่มได้อีกรวมไม่เกิน 70 วัน', 108, 2, 0, NULL, NULL, 0, 0, '2020-05-14 02:55:05', '2020-06-10 04:42:11'),
	(111, 37, 7, 'ผู้ประกอบการต้องยื่นคำขอต่อหน่วยงานภายใน 60 วัน นับถัดจากวันที่คณะรัฐมนตรีมีมติ', 0, 1, 0, NULL, NULL, 0, 0, '2020-05-14 02:57:17', '2020-05-14 02:57:17'),
	(112, 31, 2, 'ผู้รับจ้างต้องรับผิดชอบค่าปรับเอง', 75, 2, 0, NULL, NULL, 0, 0, '2020-05-14 06:06:02', '2020-05-14 06:06:02'),
	(113, 38, 1, 'เป็นการให้ความช่วยเหลือผู้ประกอบการก่อสร้างเท่านั้น', 0, 1, 0, NULL, NULL, 0, 0, '2020-05-14 06:45:55', '2020-05-14 06:45:55'),
	(114, 38, 2, 'สัญญาที่จะได้รับความช่วยเหลือ', 0, 1, 1, NULL, NULL, 0, 0, '2020-05-14 06:47:11', '2020-05-15 07:06:53'),
	(115, 38, 1, 'เป็นสัญญาจ้างที่ได้ลงนามไว้กับหน่วยงาน ก่อนวันที่ 1 ม.ค. 56', 114, 2, 0, NULL, NULL, 0, 0, '2020-05-14 06:47:48', '2020-06-10 03:24:59'),
	(116, 38, 2, 'เป็นสัญญาจ้างที่ได้ลงนามไว้กับหน่วยงาน ระหว่างวันที่ 1 ม.ค. 56 - 22 เม.ย. 56', 114, 2, 0, NULL, NULL, 0, 0, '2020-05-15 06:38:56', '2020-06-10 03:25:21'),
	(117, 38, 3, 'เป็นสัญญาตามหลักเกณฑ์ข้อ 2.1 หรือ 2.2 ที่', 0, 1, 1, NULL, NULL, 0, 0, '2020-05-15 07:01:17', '2020-06-10 03:27:38'),
	(118, 38, 1, 'ณ วันที่ 1 ม.ค. 56 - 22 เม.ย. 56 สัญญายังมีนิติสัมพันธ์อยู่ และยังไม่ส่งมอบงานงวดสุดท้ายในช่วงเวลาดังกล่าว', 117, 2, 0, NULL, NULL, 0, 0, '2020-05-15 07:02:49', '2020-06-10 03:27:05'),
	(119, 38, 2, 'ณ วันที่ 1 ม.ค. 56 - 22 เม.ย. 56 สัญญายังมีนิติสัมพันธ์อยู่ แต่ได้มีการส่งมอบงานงวดสุดท้ายในช่วงเวลาดังกล่าว', 117, 2, 0, NULL, NULL, 0, 0, '2020-05-15 07:05:31', '2020-06-10 03:27:15'),
	(120, 38, 4, 'ผู้รับจ้างต้องรับผิดชอบค่าปรับเองในช่วงก่อนหน้าวันที่ 1 ม.ค. 56 แต่จะได้รับการลดหรืองดค่าปรับเฉพาะในช่วงระยะเวลาที่ได้รับความช่วยเหลือตามมาตรการนี้เท่านั้น', 0, 1, 1, NULL, NULL, 0, 0, '2020-05-15 07:07:28', '2020-05-15 08:16:34'),
	(121, 38, 1, 'ไม่มีค่าปรับที่ต้องรับผิดชอบเองในช่วงก่อนหน้าวันที่ 1 ม.ค. 56', 120, 2, 0, NULL, NULL, 0, 0, '2020-05-15 07:08:18', '2020-05-15 08:16:43'),
	(122, 38, 2, 'ผู้รับจ้างต้องรับผิดชอบค่าปรับเอง', 120, 2, 0, NULL, NULL, 0, 0, '2020-05-15 07:09:02', '2020-05-15 07:09:02'),
	(123, 38, 5, 'การขยายเวลา งดหรือลดค่าปรับ ตามมาตรการนี้', 0, 1, 1, NULL, NULL, 0, 0, '2020-05-15 07:11:58', '2020-05-15 07:19:24'),
	(124, 38, 1, 'อายุสัญญาจ้างเกิน 150 วัน ขยายเวลา งดหรือลดค่าปรับได้อีก 150 วัน', 123, 2, 0, NULL, NULL, 0, 0, '2020-05-15 07:13:32', '2020-05-15 08:30:40'),
	(125, 38, 2, 'อายุสัญญาจ้างน้อยกว่า 150 วัน ขยายเวลา งดหรือลดค่าปรับได้เท่ากับอายุสัญญาเดิม', 123, 2, 0, NULL, NULL, 0, 0, '2020-05-15 07:17:52', '2020-05-15 07:17:52'),
	(126, 38, 6, 'ผู้ประกอบการต้องยื่นคำขอต่อหน่วยงานภายใน 60 วัน นับถัดจากวันที่คณะรัฐมนตรีมีมติ', 0, 1, 0, NULL, NULL, 0, 0, '2020-05-15 07:20:35', '2020-05-15 07:20:35'),
	(127, 33, 5, 'ผู้รับจ้างต้องรับผิดชอบค่าปรับเองในช่วงก่อนหน้าวันที่ 1 ธ.ค. 59 แต่จะได้รับการลดหรืองดค่าปรับเฉพาะในช่วงระยะเวลาที่ได้รับความช่วยเหลือตามมาตรการนี้เท่านั้น', 0, 1, 1, NULL, NULL, 0, 0, '2020-05-15 08:00:59', '2020-05-15 08:15:13'),
	(128, 33, 1, 'ไม่มีค่าปรับที่ต้องรับผิดชอบเองในช่วงก่อนหน้าวันที่ 1 ธ.ค. 59', 127, 2, 0, NULL, NULL, 0, 0, '2020-05-15 08:01:58', '2020-05-15 08:11:29'),
	(129, 33, 2, 'ผู้รับจ้างต้องรับผิดชอบค่าปรับเอง', 127, 2, 0, NULL, NULL, 0, 0, '2020-05-15 08:02:30', '2020-05-15 08:02:30'),
	(130, 33, 1, 'กรณีไม่เคยขยายเวลา งดหรือลดค่าปรับด้วยเหตุดังกล่าวตามระเบียบพัสดุฯ ขยายเวลา งดหรือลดค่าปรับได้ 70 วัน', 68, 2, 0, NULL, NULL, 0, 0, '2020-05-15 08:05:10', '2020-06-10 04:48:00'),
	(131, 33, 2, 'กรณีเคยขยายเวลา งดหรือลดค่าปรับด้วยเหตุดังกล่าวตามระเบียบพัสดุฯ แล้ว ขยายเวลา งดหรือลดค่าปรับเพิ่มได้อีกรวมไม่เกิน 70 วัน', 68, 2, 0, NULL, NULL, 0, 0, '2020-05-15 08:07:19', '2020-06-10 04:48:08'),
	(132, 39, 1, 'เป็นการให้ความช่วยเหลือผู้ประกอบการก่อสร้างเท่านั้น', 0, 1, 0, NULL, NULL, 0, 0, '2020-05-19 07:59:59', '2020-05-19 07:59:59'),
	(133, 39, 2, 'เคยได้รับความช่วยเหลือตามมติคณะรัฐมนตรีเมื่อวันที่ 25 พฤศจิกายน 2556 (ว 208) มาแล้ว', 0, 1, 0, NULL, NULL, 0, 0, '2020-05-19 08:03:20', '2020-05-19 08:04:57'),
	(134, 39, 3, 'แต่ไม่อยู่ในหลักเกณฑ์และเงื่อนไขที่จะได้รับความช่วยเหลือตามมติคณะรัฐมนตรีเมื่อวันที่ 18 พฤศจิกายน 2557 (ว 141)', 0, 1, 0, NULL, NULL, 0, 0, '2020-05-19 08:05:05', '2020-05-19 08:05:12'),
	(135, 39, 4, 'เป็นสัญญาที่', 0, 1, 1, NULL, NULL, 0, 0, '2020-05-19 08:10:35', '2020-05-19 08:13:44'),
	(136, 39, 1, 'สัญญายังมีนิติสัมพันธ์อยู่ ณ วันที่คณะรัฐมนตรีมีมติให้ความช่วยเหลือในครั้งนี้ และยังไม่ได้ส่งมอบงานงวดสุดท้าย', 135, 2, 0, NULL, NULL, 0, 0, '2020-05-19 08:10:54', '2020-06-08 08:23:15'),
	(137, 39, 2, 'ส่งมอบงานงวดสุดท้ายแล้ว ก่อนวันที่คณะรัฐมนตรีมีมติให้ความช่วยเหลือในครั้งนี้ (ส่งมอบงานงวดสุดท้ายก่อนวันที่ 6 ก.ย. 59)', 135, 2, 0, NULL, NULL, 0, 0, '2020-05-19 08:12:58', '2020-05-19 08:12:58'),
	(138, 39, 5, 'อนุมัติงดหรือลดค่าปรับได้ จำนวน 150 วัน', 0, 1, 0, NULL, NULL, 0, 0, '2020-05-19 08:14:34', '2020-05-19 08:14:34'),
	(139, 39, 6, 'การยื่นคำร้องขอรับความช่วยเหลือ', 0, 1, 1, NULL, NULL, 0, 0, '2020-05-19 08:16:39', '2020-05-19 08:20:11'),
	(140, 39, 1, 'อยู่ในหลักเกณฑ์/เงื่อนไข ตามข้อ 4.1 โดยยื่นคำร้องขอพร้อมกับการส่งมอบงานงวดสุดท้าย', 139, 2, 0, NULL, NULL, 0, 0, '2020-05-19 08:17:21', '2020-05-19 08:17:21'),
	(141, 39, 2, 'อยู่ในหลักเกณฑ์/เงื่อนไข ตามข้อ 4.2 โดยต้องยื่นคำร้องขอต่อหน่วยงานภายใน 60 วัน นับถัดจากวันที่คณะรัฐมนตรีมีมติให้ความช่วยเหลือ', 139, 2, 0, NULL, NULL, 0, 0, '2020-05-19 08:19:23', '2020-05-19 08:19:23'),
	(142, 40, 1, 'เป็นการให้ความช่วยเหลือผู้ประกอบการก่อสร้างและผู้ประกอบการอื่นทั่วประเทศ', 0, 1, 1, NULL, NULL, 0, 0, '2020-05-25 07:04:22', '2020-05-25 07:06:34'),
	(143, 40, 1, 'เป็นสัญญาจ้างก่อสร้าง หรือสัญญาจ้างประเภทอื่นที่มิใช่สัญญาจ้างก่อสร้าง', 142, 2, 0, NULL, NULL, 0, 0, '2020-05-25 07:04:40', '2020-05-25 07:04:40'),
	(144, 40, 2, 'เป็นสัญญาซื้อขาย', 142, 2, 0, NULL, NULL, 0, 0, '2020-05-25 07:06:11', '2020-05-25 07:06:11'),
	(145, 40, 2, 'ได้รับผลกระทบจากเหตุอุทกภัยที่เกิดขึ้นระหว่างวันที่ 25 ก.ค. 54 – 16 ม.ค. 55', 0, 1, 0, NULL, NULL, 0, 0, '2020-05-25 07:08:19', '2020-05-25 07:08:19'),
	(146, 40, 3, 'สัญญาที่จะได้รับความช่วยเหลือ', 0, 1, 1, NULL, NULL, 0, 0, '2020-05-25 07:11:21', '2020-05-25 07:20:17'),
	(147, 40, 1, 'เป็นคู่สัญญาที่ได้ลงนามทำสัญญา ก่อนวันที่ 25 ก.ค. 54', 146, 2, 0, NULL, NULL, 0, 0, '2020-05-25 07:17:13', '2020-06-10 02:45:48'),
	(148, 40, 2, 'เป็นคู่สัญญาที่ได้ลงนามทำสัญญา ระหว่างวันที่ 25 ก.ค. 54 - 16 ม.ค. 55', 146, 2, 0, NULL, NULL, 0, 0, '2020-05-25 07:19:05', '2020-06-10 02:45:55'),
	(149, 40, 4, 'เป็นสัญญาตามหลักเกณฑ์ข้อ 3.1 หรือ 3.2 ที่', 0, 1, 1, NULL, NULL, 0, 0, '2020-05-25 07:22:15', '2020-06-10 02:48:59'),
	(150, 40, 1, 'ณ วันที่ 25 ก.ค. 54 - 16 ม.ค. 55 สัญญายังมีนิติสัมพันธ์อยู่ และยังไม่ส่งมอบงานหรือส่งมอบของงวดสุดท้ายในช่วงเวลาดังกล่าว', 149, 2, 0, NULL, NULL, 0, 0, '2020-05-25 07:23:45', '2020-06-10 02:56:52'),
	(151, 40, 2, 'ณ วันที่ 25 ก.ค. 54 - 16 ม.ค. 55 สัญญายังมีนิติสัมพันธ์อยู่ แต่ได้มีการส่งมอบงานหรือส่งมอบของงวดสุดท้ายในช่วงเวลาดังกล่าว', 149, 2, 0, NULL, NULL, 0, 0, '2020-05-25 07:25:28', '2020-06-10 02:56:43'),
	(152, 40, 5, 'ผู้รับจ้างต้องรับผิดชอบค่าปรับเองในช่วงก่อนหน้า 25 ก.ค. 54 แต่จะได้รับการลดหรืองดค่าปรับเฉพาะในช่วงระยะเวลาที่ได้รับความช่วยเหลือตามมาตรการนี้เท่านั้น', 0, 1, 1, NULL, NULL, 0, 0, '2020-05-25 07:31:05', '2020-05-25 07:34:43'),
	(153, 40, 1, 'ไม่มีค่าปรับที่ต้องรับผิดชอบเองในช่วงก่อนหน้า 25 ก.ค. 54', 152, 2, 0, NULL, NULL, 0, 0, '2020-05-25 07:32:31', '2020-05-25 07:32:31'),
	(154, 40, 2, 'ผู้รับจ้างต้องรับผิดชอบค่าปรับเอง', 152, 2, 0, NULL, NULL, 0, 0, '2020-05-25 07:33:14', '2020-05-25 07:33:14'),
	(155, 40, 6, 'การขยายเวลา งดหรือลดค่าปรับ ตามมาตรการนี้', 0, 1, 1, NULL, NULL, 0, 0, '2020-05-25 07:35:29', '2020-05-25 07:39:41'),
	(156, 40, 1, 'เป็นสัญญาจ้างก่อสร้าง หรือสัญญาจ้างประเภทอื่นที่มิใช่สัญญาจ้างก่อสร้าง และไม่เคยขยายเวลา งดหรือลดค่าปรับด้วยเหตุดังกล่าวให้ตามระเบียบพัสดุฯ ขยายเวลา งดหรือลดค่าปรับได้ 180 วัน', 155, 2, 0, NULL, NULL, 0, 0, '2020-05-25 07:36:16', '2020-05-25 07:58:08'),
	(157, 40, 2, 'เป็นสัญญาจ้างก่อสร้าง หรือสัญญาจ้างประเภทอื่นที่มิใช่สัญญาจ้างก่อสร้าง แต่เคยขยายเวลา งดหรือลดค่าปรับด้วยเหตุดังกล่าวให้ตามระเบียบพัสดุฯ แล้ว ขยายเวลา งดหรือลดค่าปรับเพิ่มได้อีกแต่รวมแล้วต้องไม่เกิน 180 วัน', 155, 2, 0, NULL, NULL, 0, 0, '2020-05-25 07:38:37', '2020-05-25 07:57:59'),
	(158, 40, 3, 'เป็นสัญญาซื้อขาย และไม่เคยขยายเวลา งดหรือลดค่าปรับด้วยเหตุดังกล่าวให้ตามระเบียบพัสดุฯ ขยายเวลา งดหรือลดค่าปรับได้ 120 วัน', 155, 2, 0, NULL, NULL, 0, 0, '2020-05-25 07:59:13', '2020-05-25 07:59:13'),
	(159, 40, 4, 'เป็นสัญญาซื้อขาย แต่เคยขยายเวลา งดหรือลดค่าปรับด้วยเหตุดังกล่าวให้ตามระเบียบพัสดุฯ แล้ว ขยายเวลา งดหรือลดค่าปรับเพิ่มได้อีกแต่รวมแล้วต้องไม่เกิน 120 วัน', 155, 2, 0, NULL, NULL, 0, 0, '2020-05-25 08:00:51', '2020-05-25 08:00:51'),
	(160, 40, 7, 'ผู้ประกอบการต้องยื่นคำขอต่อหน่วยงานภายใน 60 วัน นับถัดจากวันที่คณะรัฐมนตรีมีมติ', 0, 1, 0, NULL, NULL, 0, 0, '2020-05-25 08:02:52', '2020-05-25 08:02:52'),
	(161, 41, 1, 'เป็นการให้ความช่วยเหลือผู้ประกอบการก่อสร้างเท่านั้น', 0, 1, 0, NULL, NULL, 0, 0, '2020-05-26 05:57:31', '2020-05-26 05:57:31'),
	(162, 41, 2, 'ได้รับผลกระทบจากเหตุอุทกภัยที่เกิดขึ้นระหว่างวันที่ 23 มี.ค. 54 - 18 เม.ย. 54', 0, 1, 0, NULL, NULL, 0, 0, '2020-05-26 06:00:01', '2020-05-26 06:00:47'),
	(163, 41, 3, 'อยู่ในพื้นที่ภาคใต้ 10 จังหวัด ได้แก่ สุราษฎร์ธานี นครศรีธรรมราช พัทลุง ตรัง สงขลา กระบี่ ชุมพร พังงา นราธิวาส และสตูล', 0, 1, 0, NULL, NULL, 0, 0, '2020-05-26 06:03:00', '2020-05-26 06:03:00'),
	(164, 41, 4, 'สัญญาที่จะได้รับความช่วยเหลือ', 0, 1, 1, NULL, NULL, 0, 0, '2020-05-26 06:04:04', '2020-05-26 06:07:54'),
	(165, 41, 1, 'เป็นคู่สัญญาที่ได้ลงนามทำสัญญา ก่อนวันที่ 23 มี.ค. 54', 164, 2, 0, NULL, NULL, 0, 0, '2020-05-26 06:04:58', '2020-06-10 03:12:04'),
	(166, 41, 2, 'เป็นคู่สัญญาที่ได้ลงนามทำสัญญา ระหว่างวันที่ 23 มี.ค. 54 - 18 เม.ย. 54', 164, 2, 0, NULL, NULL, 0, 0, '2020-05-26 06:06:52', '2020-06-10 03:12:10'),
	(167, 41, 5, 'เป็นสัญญาตามหลักเกณฑ์ข้อ 4.1 หรือ 4.2 ที่', 0, 1, 1, NULL, NULL, 0, 0, '2020-05-26 06:08:55', '2020-06-10 03:12:59'),
	(168, 41, 1, 'ณ วันที่ 23 มี.ค. 54 - 18 เม.ย. 54 สัญญายังมีนิติสัมพันธ์อยู่ และยังไม่ส่งมอบงานงวดสุดท้ายในช่วงเวลาดังกล่าว', 167, 2, 0, NULL, NULL, 0, 0, '2020-05-26 06:09:53', '2020-06-10 03:13:26'),
	(169, 41, 2, 'ณ วันที่ 23 มี.ค. 54 - 18 เม.ย. 54 สัญญายังมีนิติสัมพันธ์อยู่ แต่ได้มีการส่งมอบงานงวดสุดท้ายในช่วงเวลาดังกล่าว', 167, 2, 0, NULL, NULL, 0, 0, '2020-05-26 06:12:12', '2020-06-10 03:13:48'),
	(170, 41, 6, 'ผู้รับจ้างต้องรับผิดชอบค่าปรับเองในช่วงก่อนหน้า 23 มี.ค. 54 แต่จะได้รับการลดหรืองดค่าปรับเฉพาะในช่วงระยะเวลาที่ได้รับความช่วยเหลือตามมาตรการนี้เท่านั้น', 0, 1, 1, NULL, NULL, 0, 0, '2020-05-26 06:20:31', '2020-05-26 06:23:26'),
	(171, 41, 1, 'ไม่มีค่าปรับที่ต้องรับผิดชอบเองในช่วงก่อนหน้า 23 มี.ค. 54', 170, 2, 0, NULL, NULL, 0, 0, '2020-05-26 06:20:58', '2020-05-26 06:20:58'),
	(172, 41, 2, 'ผู้รับจ้างต้องรับผิดชอบค่าปรับเอง', 170, 2, 0, NULL, NULL, 0, 0, '2020-05-26 06:21:55', '2020-05-26 06:21:55'),
	(173, 41, 7, 'การขยายเวลา งดหรือลดค่าปรับ ตามมาตรการนี้', 0, 1, 1, NULL, NULL, 0, 0, '2020-05-26 06:24:50', '2020-05-26 06:28:02'),
	(174, 41, 1, 'กรณีไม่เคยขยายเวลาด้วยเหตุดังกล่าวตามระเบียบพัสดุฯ ขยายเวลา งดหรือลดค่าปรับได้ 180 วัน', 173, 2, 0, NULL, NULL, 0, 0, '2020-05-26 06:25:04', '2020-05-26 06:25:04'),
	(175, 41, 2, 'กรณีเคยขยายเวลาด้วยเหตุดังกล่าวตามระเบียบพัสดุฯ แล้ว ขยายเวลา งด/ลดค่าปรับ เพิ่มได้อีกรวมไม่เกิน 180 วัน', 173, 2, 0, NULL, NULL, 0, 0, '2020-05-26 06:26:35', '2020-05-26 06:26:35'),
	(176, 41, 8, 'ผู้ประกอบการต้องยื่นคำขอต่อหน่วยงานภายใน 60 วัน นับถัดจากวันที่คณะรัฐมนตรีมีมติ', 0, 1, 0, NULL, NULL, 0, 0, '2020-05-26 06:30:27', '2020-05-26 06:30:27'),
	(177, 42, 1, 'เป็นสัญญาจ้างก่อสร้างที่ได้รับความช่วยเหลือตามมติคณะรัฐมนตรีเมื่อวันที่ 25 พฤศจิกายน 2556 (ว 208) มาแล้ว', 0, 1, 0, NULL, NULL, 0, 0, '2020-06-04 06:58:24', '2020-06-04 06:58:24'),
	(178, 42, 2, 'เป็นสัญญาจ้างก่อสร้างที่ได้มีการส่งมอบงานงวดสุดท้ายภายในระยะเวลาไม่เกิน 150 วัน นับถัดจากระยะเวลาที่ได้รับความช่วยเหลือตามมติคณะรัฐมนตรีเมื่อวันที่ 25 พฤศจิกายน 2556 (ว 208)', 0, 1, 0, NULL, NULL, 0, 0, '2020-06-04 07:01:22', '2020-06-04 07:16:55'),
	(179, 42, 3, 'อนุมัติงดหรือลดค่าปรับได้ไม่เกิน จำนวน 150 วัน', 0, 1, 0, NULL, NULL, 0, 0, '2020-06-04 07:11:12', '2020-06-04 07:11:12'),
	(180, 42, 4, 'ผู้ประกอบการต้องยื่นคำขอต่อหน่วยงานภายใน 60 วัน นับถัดจากวันที่คณะรัฐมนตรีมีมติ', 0, 1, 0, NULL, NULL, 0, 0, '2020-06-04 07:26:16', '2020-06-04 07:26:16'),
	(181, 43, 1, 'เป็นคู่สัญญาที่ได้รับผลกระทบจากเหตุการณ์ความไม่สงบทางการเมืองที่เกิดขึ้นในช่วงระยะเวลาตั้งแต่เดือนพฤศจิกายน 2556 ถึงเดือนพฤษภาคม 2557', 0, 1, 0, NULL, NULL, 0, 0, '2020-06-05 04:03:49', '2020-06-05 04:03:49'),
	(182, 43, 2, 'เป็นคู่สัญญาที่ได้ปฏิบัติตามสัญญาหรือข้อตกลงที่ให้กับทางราชการเป็นไปอย่างปกติตลอดมาและไม่มีพฤติการณ์ที่จะทิ้งงาน', 0, 1, 0, NULL, NULL, 0, 0, '2020-06-05 04:08:35', '2020-06-05 04:08:35'),
	(183, 43, 3, 'พิจารณางดหรือลดค่าปรับ หรือขยายเวลาได้ตามจำนวนวันที่มีเหตุเกิดขึ้นจริง', 0, 1, 0, NULL, NULL, 0, 0, '2020-06-05 04:13:25', '2020-06-10 04:59:20'),
	(184, 43, 4, 'การยื่นคำขอรับความช่วยเหลือ', 0, 1, 1, NULL, NULL, 0, 0, '2020-06-05 04:16:05', '2020-06-05 04:26:33'),
	(185, 43, 1, 'ยื่นคำขอตามหนังสือคณะกรรมการว่าด้วยการพัสดุ ด่วนที่สุด ที่ กค (กวพ) 0421.3/ว 168 ลว. 7 พ.ค. 58', 184, 2, 0, NULL, NULL, 0, 0, '2020-06-05 04:18:53', '2020-06-05 04:18:53'),
	(186, 43, 2, 'ยื่นคำขอตามหนังสือคณะกรรมการว่าด้วยการพัสดุ ด่วนที่สุด ที่ กค (กวพ) 0421.3/ว 291 ลว. 20 ส.ค. 58', 184, 2, 0, NULL, NULL, 0, 0, '2020-06-05 04:22:11', '2020-06-05 04:22:11'),
	(187, 44, 1, 'เงื่อนไขทดสอบ ช่วง 1', 0, 1, 0, NULL, NULL, 0, 0, '2020-06-23 04:52:55', '2020-06-23 04:52:55');
/*!40000 ALTER TABLE `10_form_rules` ENABLE KEYS */;

-- Dumping structure for table refund2.112_considers
CREATE TABLE IF NOT EXISTS `112_considers` (
  `id` int(10) unsigned NOT NULL AUTO_INCREMENT,
  `form_rule_id` int(10) unsigned NOT NULL,
  `order` int(11) NOT NULL,
  `name` varchar(250) COLLATE utf8mb4_unicode_ci NOT NULL,
  `description` text COLLATE utf8mb4_unicode_ci,
  `type` int(11) NOT NULL,
  `oper` varchar(191) COLLATE utf8mb4_unicode_ci DEFAULT NULL,
  `var1` varchar(191) COLLATE utf8mb4_unicode_ci DEFAULT NULL,
  `var2` varchar(191) COLLATE utf8mb4_unicode_ci DEFAULT NULL,
  `created_at` timestamp NULL DEFAULT NULL,
  `updated_at` timestamp NULL DEFAULT NULL,
  PRIMARY KEY (`id`),
  KEY `112_considers_form_rule_id_index` (`form_rule_id`),
  CONSTRAINT `112_considers_form_rule_id_foreign` FOREIGN KEY (`form_rule_id`) REFERENCES `10_form_rules` (`id`) ON DELETE CASCADE
) ENGINE=InnoDB AUTO_INCREMENT=275 DEFAULT CHARSET=utf8mb4 COLLATE=utf8mb4_unicode_ci;

-- Dumping data for table refund2.112_considers: ~207 rows (approximately)
/*!40000 ALTER TABLE `112_considers` DISABLE KEYS */;
REPLACE INTO `112_considers` (`id`, `form_rule_id`, `order`, `name`, `description`, `type`, `oper`, `var1`, `var2`, `created_at`, `updated_at`) VALUES
	(32, 39, 0, 'เป็นสัญญาจ้างก่อสร้าง', 'งานก่อสร้าง หมายถึง งานก่อสร้างตามหลักทั่วไปที่มีกฎหมาย ระเบียบ มติคณะรัฐมนตรี  หรือหนังสือเวียนที่เกี่ยวข้องอ้างอิงได้ และยังให้หมายรวมถึงงานที่มีลักษณะของงาน ตามหนังสือ สำนักนายกรัฐมนตรี ที่ นร (กวพ) 1204/ว 1939 ลงวันที่ 24 กุมภาพันธ์ 2537 เรื่อง งานก่อสร้าง ตามระเบียบสำนักนายกรัฐมนตรีว่าด้วยการพัสดุ พ.ศ. 2535 โดย คณะกรรมการว่าด้วยการพัสดุ (กวพ.) ซ้อมความเข้าใจว่า “งานก่อสร้าง” หมายความรวมถึง (1) งานเคลื่อนย้ายอาคาร (2) งานดัดแปลง งานต่อเติม งานรื้อถอน และงานซ่อมแซม ซึ่งส่วนราชการมีความจำเป็นจะต้องมีการควบคุมดูแลการปฏิบัติงาน ของผู้รับจ้างตลอดเวลาดำเนินการตามความเหมาะสมด้วย', 1, '0', NULL, NULL, '2020-01-06 04:26:44', '2020-06-10 04:29:27'),
	(33, 40, 0, 'เป็นสัญญาจ้างก่อสร้างที่ดำเนินการอยู่ในพื้นที่ภาคใต้ 12 จังหวัด ข้างต้น', NULL, 1, '0', NULL, NULL, '2020-01-06 04:30:32', '2020-05-15 07:40:14'),
	(34, 42, 0, 'ลงนามในสัญญาวันที่', NULL, 3, '2', '2016-12-01', NULL, '2020-01-06 05:16:03', '2020-05-25 07:31:25'),
	(35, 43, 0, 'ลงนามในสัญญาวันที่', NULL, 3, '3', '2016-12-01', '2017-02-12', '2020-01-06 05:17:14', '2020-05-25 07:31:37'),
	(37, 46, 0, 'อยู่ในหลักเกณฑ์/เงื่อนไข ตามข้อ 4.2', NULL, 1, '0', NULL, NULL, '2020-01-06 05:24:12', '2020-05-14 06:09:08'),
	(39, 45, 0, 'อยู่ในหลักเกณฑ์/เงื่อนไข ตามข้อ 4.1', NULL, 1, '0', NULL, NULL, '2020-01-06 05:28:49', '2020-05-14 06:08:29'),
	(40, 48, 0, 'ขยายเวลา งดหรือลดค่าปรับให้ จำนวน', NULL, 3, '1', '120', NULL, '2020-01-06 05:43:49', '2020-05-19 07:36:32'),
	(41, 49, 0, 'ขยายเวลา งดหรือลดค่าปรับให้ตามระเบียบพัสดุฯ แล้ว จำนวน', NULL, 5, '0', 'วัน', NULL, '2020-01-06 05:45:13', '2020-05-15 07:29:56'),
	(42, 50, 0, 'ยื่นคำขอภายในวันที่ 9 ต.ค. 60', NULL, 1, '0', NULL, NULL, '2020-01-06 05:50:07', '2020-06-10 04:38:19'),
	(43, 51, 0, 'เป็นสัญญาจ้างก่อสร้าง', 'งานก่อสร้าง หมายถึง งานก่อสร้างตามหลักทั่วไปที่มีกฎหมาย ระเบียบ มติคณะรัฐมนตรี  หรือหนังสือเวียนที่เกี่ยวข้องอ้างอิงได้ และยังให้หมายรวมถึงงานที่มีลักษณะของงาน ตามหนังสือ สำนักนายกรัฐมนตรี ที่ นร (กวพ) 1204/ว 1939 ลงวันที่ 24 กุมภาพันธ์ 2537 เรื่อง งานก่อสร้าง ตามระเบียบสำนักนายกรัฐมนตรีว่าด้วยการพัสดุ พ.ศ. 2535 โดย คณะกรรมการว่าด้วยการพัสดุ (กวพ.) ซ้อมความเข้าใจว่า “งานก่อสร้าง” หมายความรวมถึง (1) งานเคลื่อนย้ายอาคาร (2) งานดัดแปลง งานต่อเติม งานรื้อถอน และงานซ่อมแซม ซึ่งส่วนราชการมีความจำเป็นจะต้องมีการควบคุมดูแลการปฏิบัติงาน ของผู้รับจ้างตลอดเวลาดำเนินการตามความเหมาะสมด้วย', 1, '0', NULL, NULL, '2020-01-06 07:35:12', '2020-06-10 04:26:06'),
	(46, 54, 0, 'อยู่ในหลักเกณฑ์/เงื่อนไข ตามข้อ 3.1', NULL, 1, '0', NULL, NULL, '2020-01-06 07:59:12', '2020-05-19 07:16:56'),
	(47, 55, 0, 'อยู่ในหลักเกณฑ์/เงื่อนไข ข้อ 3.2', NULL, 1, '0', NULL, NULL, '2020-01-06 08:00:58', '2020-05-19 07:20:34'),
	(48, 56, 0, 'งดหรือลดค่าปรับให้ จำนวน', NULL, 3, '1', '150', NULL, '2020-01-06 08:02:26', '2020-05-19 07:35:14'),
	(49, 58, 0, 'ยื่นคำร้องขอพร้อมส่งมอบงานงวดสุดท้าย', NULL, 1, '0', NULL, NULL, '2020-01-06 08:04:50', '2020-06-10 04:27:49'),
	(50, 59, 0, 'ยื่นคำร้องขอภายในวันที่ 7 พ.ย. 59', NULL, 1, '0', NULL, NULL, '2020-01-06 08:07:39', '2020-06-10 04:28:11'),
	(51, 60, 0, 'เป็นสัญญาจ้างก่อสร้าง', 'งานก่อสร้าง หมายถึง งานก่อสร้างตามหลักทั่วไปที่มีกฎหมาย ระเบียบ มติคณะรัฐมนตรี  หรือหนังสือเวียนที่เกี่ยวข้องอ้างอิงได้ และยังให้หมายรวมถึงงานที่มีลักษณะของงาน ตามหนังสือ สำนักนายกรัฐมนตรี ที่ นร (กวพ) 1204/ว 1939 ลงวันที่ 24 กุมภาพันธ์ 2537 เรื่อง งานก่อสร้าง ตามระเบียบสำนักนายกรัฐมนตรีว่าด้วยการพัสดุ พ.ศ. 2535 โดย คณะกรรมการว่าด้วยการพัสดุ (กวพ.) ซ้อมความเข้าใจว่า “งานก่อสร้าง” หมายความรวมถึง (1) งานเคลื่อนย้ายอาคาร (2) งานดัดแปลง งานต่อเติม งานรื้อถอน และงานซ่อมแซม ซึ่งส่วนราชการมีความจำเป็นจะต้องมีการควบคุมดูแลการปฏิบัติงาน ของผู้รับจ้างตลอดเวลาดำเนินการตามความเหมาะสมด้วย', 1, '0', NULL, NULL, '2020-01-08 03:13:48', '2020-06-10 04:46:09'),
	(52, 61, 0, 'เป็นสัญญาจ้างก่อสร้างที่ดำเนินการอยู่ในจังหวัดสตูล', NULL, 1, '0', NULL, NULL, '2020-01-08 03:15:54', '2020-01-08 03:15:54'),
	(53, 63, 0, 'ลงนามก่อน 1 ธ.ค. 59', NULL, 3, '2', '2016-11-30', NULL, '2020-01-08 03:30:30', '2020-05-15 07:42:24'),
	(54, 64, 0, 'ลงนามระหว่าง 1 ธ.ค. 59 - 12 ก.พ. 60', NULL, 3, '3', '2016-12-01', '2017-02-12', '2020-01-08 03:31:17', '2020-05-15 07:43:36'),
	(55, 66, 0, 'อยู่ในหลักเกณฑ์/เงื่อนไข ตามข้อ 4.1', NULL, 1, '0', NULL, NULL, '2020-01-08 03:33:49', '2020-05-15 07:44:45'),
	(56, 67, 0, 'อยู่ในหลักเกณฑ์/เงื่อน ตามข้อ 4.2', NULL, 1, '0', NULL, NULL, '2020-01-08 03:38:47', '2020-05-15 07:46:31'),
	(58, 69, 0, 'ยื่นคำขอภายในวันที่ 24 มิ.ย. 62', NULL, 1, '0', NULL, NULL, '2020-01-08 06:13:04', '2020-06-10 04:48:36'),
	(59, 70, 0, 'เป็นไปตามหลักเกณฑ์ของ พรบ. ระเบียบ ข้อบังคับ หรือข้อบัญญัติใด', NULL, 2, '0', NULL, NULL, '2020-03-03 07:06:18', '2020-05-19 07:51:35'),
	(60, 72, 0, 'อนุมัติให้ตาม (1)', NULL, 1, '0', NULL, NULL, '2020-03-03 07:08:23', '2020-03-03 07:08:23'),
	(61, 73, 0, 'อนุมัติให้ตาม (2)', NULL, 1, '0', NULL, NULL, '2020-03-03 07:10:11', '2020-03-03 07:10:11'),
	(63, 73, 0, 'กรณี', 'โปรดระบุปัญหาอุปสรรคที่เกิดขึ้น', 2, '0', NULL, NULL, '2020-03-03 07:11:06', '2020-06-15 08:09:02'),
	(64, 74, 0, 'อนุมัติให้ตาม (3)', NULL, 1, '0', NULL, NULL, '2020-03-03 07:13:00', '2020-03-03 07:13:00'),
	(65, 74, 0, 'กรณี', 'โปรดระบุปัญหาอุปสรรคที่เกิดขึ้น', 2, '0', NULL, NULL, '2020-03-03 07:13:14', '2020-06-15 08:08:44'),
	(66, 74, 0, 'วันที่เหตุปัญหาอุปสรรคสิ้นสุด และวันที่หนังสือผู้รับจ้างแจ้งเหตุสิ้นสุด', 'กรณี (2) เหตุสุดวิสัย หรือ (3) เหตุเกิดจากพฤติการณ์อันหนึ่งอันใดที่คู่สัญญาไม่ต้องรับผิดตามกฎหมาย \nคู่สัญญาต้องแจ้งเหตุดังกล่าวให้ส่วนราชการทราบภายใน 15 วัน นับแต่เหตุนั้นได้สิ้นสุดลง หากข้อเท็จจริงปรากฏว่าคู่สัญญาไม่มีการแจ้งภายใน 15 วัน นับแต่เหตุนั้นได้สิ้นสุดลง โปรดดำเนินการตรวจสอบและทบทวนการอนุมัติงดหรือลดค่าปรับ หรือขยายเวลาดังกล่าวให้ถูกต้องตาม พรบ. ระเบียบ ข้อบังคับ หรือข้อบัญญัติของหน่วยงานก่อนขอทำความตกลงกับกรมบัญชีกลาง', 3, '6', '15', NULL, '2020-03-03 07:13:38', '2020-06-15 03:43:23'),
	(67, 72, 0, 'กรณี', 'โปรดระบุปัญหาอุปสรรคที่เกิดขึ้น', 2, '0', NULL, NULL, '2020-03-04 07:44:59', '2020-06-15 08:09:21'),
	(69, 48, 0, 'ตั้งแต่วันที่', NULL, 3, '4', '2016-11-30', NULL, '2020-03-12 07:11:29', '2020-05-14 06:03:17'),
	(70, 45, 0, 'ส่งมอบงานงวดสุดท้ายเมื่อวันที่', NULL, 3, '4', '2017-02-12', NULL, '2020-03-12 07:16:11', '2020-05-14 06:08:54'),
	(71, 46, 0, 'ส่งมอบงานงวดสุดท้ายเมื่อวันที่', NULL, 3, '3', '2016-12-01', '2017-02-12', '2020-03-12 07:16:30', '2020-05-14 06:09:35'),
	(93, 95, 0, 'ไม่มีค่าปรับที่ต้องรับผิดชอบเองในช่วงก่อนหน้า 1 ธ.ค. 59', NULL, 1, '0', NULL, NULL, '2020-05-13 03:03:05', '2020-05-13 03:03:05'),
	(94, 49, 0, 'ขยายเวลา งดหรือลดค่าปรับเพิ่มเติมตามมติ ครม. จำนวน', NULL, 5, '0', 'วัน', NULL, '2020-05-13 07:54:43', '2020-05-15 07:30:04'),
	(95, 40, 0, 'โดยอยู่ในจังหวัด', NULL, 3, '5', 'พัทลุง,นราธิวาส,ยะลา,สงขลา,ปัตตานี,ตรัง,สุราษฎร์ธานี,นครศรีธรรมราช,ชุมพร,ระนอง,กระบี่,ประจวบคีรีขันธ์', NULL, '2020-05-13 07:56:45', '2020-06-05 03:50:59'),
	(96, 96, 0, 'เป็นสัญญาจ้างก่อสร้าง', 'งานก่อสร้าง หมายถึง งานก่อสร้างตามหลักทั่วไปที่มีกฎหมาย ระเบียบ มติคณะรัฐมนตรี  หรือหนังสือเวียนที่เกี่ยวข้องอ้างอิงได้ และยังให้หมายรวมถึงงานที่มีลักษณะของงาน ตามหนังสือ สำนักนายกรัฐมนตรี ที่ นร (กวพ) 1204/ว 1939 ลงวันที่ 24 กุมภาพันธ์ 2537 เรื่อง งานก่อสร้าง ตามระเบียบสำนักนายกรัฐมนตรีว่าด้วยการพัสดุ พ.ศ. 2535 โดย คณะกรรมการว่าด้วยการพัสดุ (กวพ.) ซ้อมความเข้าใจว่า “งานก่อสร้าง” หมายความรวมถึง (1) งานเคลื่อนย้ายอาคาร (2) งานดัดแปลง งานต่อเติม งานรื้อถอน และงานซ่อมแซม ซึ่งส่วนราชการมีความจำเป็นจะต้องมีการควบคุมดูแลการปฏิบัติงาน ของผู้รับจ้างตลอดเวลาดำเนินการตามความเหมาะสมด้วย', 1, '0', NULL, NULL, '2020-05-13 08:24:41', '2020-06-10 04:40:14'),
	(97, 97, 0, 'เป็นสัญญาจ้างก่อสร้างที่ดำเนินการอยู่ในพื้นที่ภาคใต้ 2 จังหวัด ข้างต้น', NULL, 1, '0', NULL, NULL, '2020-05-13 08:26:28', '2020-05-15 07:40:39'),
	(98, 97, 0, 'โดยอยู่ในจังหวัด', NULL, 3, '5', 'พังงา,ภูเก็ต', NULL, '2020-05-13 08:27:45', '2020-06-05 03:51:26'),
	(99, 100, 0, 'ลงนามก่อน 1 ธ.ค. 59', NULL, 3, '2', '2016-11-30', NULL, '2020-05-13 08:30:42', '2020-05-14 03:15:56'),
	(100, 101, 0, 'ลงนามระหว่าง 1 ธ.ค. 59 - 12 ก.พ. 60', NULL, 3, '3', '2016-12-01', '2017-02-12', '2020-05-13 08:31:54', '2020-05-13 08:31:54'),
	(101, 103, 0, 'อยู่ในหลักเกณฑ์/เงื่อนไข ตามข้อ 4.1', NULL, 1, '0', NULL, NULL, '2020-05-13 08:33:17', '2020-05-14 04:12:00'),
	(102, 103, 0, 'ส่งมอบงานงวดสุดท้ายเมื่อวันที่', NULL, 3, '4', '2017-02-12', NULL, '2020-05-13 08:33:32', '2020-05-14 03:12:56'),
	(103, 104, 0, 'อยู่ในหลักเกณฑ์/เงื่อน ตามข้อ 4.2', NULL, 1, '0', NULL, NULL, '2020-05-13 08:34:31', '2020-05-14 04:12:22'),
	(104, 104, 0, 'ส่งมอบงานงวดสุดท้ายเมื่อวันที่', NULL, 3, '3', '2016-12-01', '2017-02-12', '2020-05-13 08:34:43', '2020-05-14 03:13:31'),
	(105, 106, 0, 'ไม่มีค่าปรับที่ต้องรับผิดชอบเองในช่วงก่อนหน้าวันที่ 1 ธ.ค. 59', NULL, 1, '0', NULL, NULL, '2020-05-14 02:48:27', '2020-05-15 08:12:07'),
	(106, 107, 0, 'รับผิดชอบค่าปรับเอง จำนวน', NULL, 5, '0', 'วัน', NULL, '2020-05-14 02:49:07', '2020-06-10 04:44:42'),
	(107, 107, 0, 'ตั้งแต่วันที่', NULL, 3, '2', '2016-11-30', NULL, '2020-05-14 02:50:54', '2020-05-14 02:50:54'),
	(108, 107, 0, 'ถึงวันที่', NULL, 3, '2', '2016-11-30', NULL, '2020-05-14 02:51:18', '2020-05-14 03:21:18'),
	(109, 109, 0, 'ขยายเวลา งดหรือลดค่าปรับให้ จำนวน', NULL, 3, '1', '70', NULL, '2020-05-14 02:53:44', '2020-05-19 07:36:02'),
	(110, 109, 0, 'ตั้งแต่วันที่', NULL, 3, '4', '2016-11-30', NULL, '2020-05-14 02:54:06', '2020-05-14 03:08:44'),
	(111, 110, 0, 'ขยายเวลา งดหรือลดค่าปรับให้ตามระเบียบพัสดุฯ แล้ว จำนวน', NULL, 5, '0', 'วัน', NULL, '2020-05-14 02:55:30', '2020-06-10 04:45:25'),
	(112, 110, 0, 'ขยายเวลา งดหรือลดค่าปรับเพิ่มเติมตามมติ ครม. จำนวน', NULL, 3, '1', '70', NULL, '2020-05-14 02:56:25', '2020-05-15 08:08:26'),
	(113, 49, 0, 'ตั้งแต่วันที่', NULL, 3, '4', '2016-11-30', NULL, '2020-05-14 02:56:40', '2020-05-14 06:04:23'),
	(115, 111, 0, 'ยื่นคำขอภายในวันที่ 9 ต.ค. 60', NULL, 1, '0', NULL, NULL, '2020-05-14 02:58:02', '2020-06-10 04:42:26'),
	(116, 110, 0, 'ตั้งแต่วันที่', NULL, 3, '4', '2016-11-30', NULL, '2020-05-14 03:07:18', '2020-05-14 03:07:18'),
	(117, 110, 0, 'ถึงวันที่', NULL, 3, '4', '2016-11-30', NULL, '2020-05-14 03:07:36', '2020-05-14 03:07:36'),
	(118, 109, 0, 'ถึงวันที่', NULL, 3, '4', '2016-11-30', NULL, '2020-05-14 03:09:02', '2020-05-14 03:09:02'),
	(119, 48, 0, 'ถึงวันที่', NULL, 3, '4', '2016-11-30', NULL, '2020-05-14 06:03:38', '2020-05-14 06:03:38'),
	(120, 49, 0, 'ถึงวันที่', NULL, 3, '4', '2016-11-30', NULL, '2020-05-14 06:04:40', '2020-05-14 06:04:40'),
	(121, 112, 0, 'รับผิดชอบค่าปรับเอง จำนวน', NULL, 5, '0', 'วัน', NULL, '2020-05-14 06:06:19', '2020-06-10 04:33:24'),
	(122, 112, 0, 'ตั้งแต่วันที่', NULL, 3, '2', '2016-11-30', NULL, '2020-05-14 06:06:50', '2020-05-14 06:06:50'),
	(123, 112, 0, 'ถึงวันที่', NULL, 3, '2', '2016-11-30', NULL, '2020-05-14 06:07:10', '2020-05-14 06:07:10'),
	(124, 113, 0, 'เป็นสัญญาจ้างก่อสร้าง', 'งานก่อสร้าง หมายถึง งานก่อสร้างตามหลักทั่วไปที่มีกฎหมาย ระเบียบ มติคณะรัฐมนตรี  หรือหนังสือเวียนที่เกี่ยวข้องอ้างอิงได้ และยังให้หมายรวมถึงงานที่มีลักษณะของงาน ตามหนังสือ สำนักนายกรัฐมนตรี ที่ นร (กวพ) 1204/ว 1939 ลงวันที่ 24 กุมภาพันธ์ 2537 เรื่อง งานก่อสร้าง ตามระเบียบสำนักนายกรัฐมนตรีว่าด้วยการพัสดุ พ.ศ. 2535 โดย คณะกรรมการว่าด้วยการพัสดุ (กวพ.) ซ้อมความเข้าใจว่า “งานก่อสร้าง” หมายความรวมถึง (1) งานเคลื่อนย้ายอาคาร (2) งานดัดแปลง งานต่อเติม งานรื้อถอน และงานซ่อมแซม ซึ่งส่วนราชการมีความจำเป็นจะต้องมีการควบคุมดูแลการปฏิบัติงาน ของผู้รับจ้างตลอดเวลาดำเนินการตามความเหมาะสมด้วย', 1, '0', NULL, NULL, '2020-05-14 06:46:12', '2020-06-10 03:22:05'),
	(125, 115, 0, 'ลงนามก่อน 1 ม.ค. 56', NULL, 3, '2', '2012-12-31', NULL, '2020-05-14 06:48:39', '2020-05-14 06:48:39'),
	(126, 116, 0, 'ลงนามระหว่าง 1 ม.ค. 56 - 22 เม.ย. 56', NULL, 3, '3', '2013-01-01', '2013-04-22', '2020-05-15 06:55:18', '2020-05-15 07:04:29'),
	(127, 118, 0, 'อยู่ในหลักเกณฑ์/เงื่อนไข ตามข้อ 3.1', NULL, 1, '0', NULL, NULL, '2020-05-15 07:03:12', '2020-05-15 07:03:12'),
	(128, 118, 0, 'ส่งมอบงานงวดสุดท้ายเมื่อวันที่', NULL, 3, '4', '2013-04-22', NULL, '2020-05-15 07:04:08', '2020-05-15 07:04:08'),
	(129, 119, 0, 'อยู่ในหลักเกณฑ์/เงื่อนไข ตามข้อ 3.2', NULL, 1, '0', NULL, NULL, '2020-05-15 07:06:01', '2020-05-15 07:06:01'),
	(130, 119, 0, 'ส่งมอบงานงวดสุดท้ายเมื่อวันที่', NULL, 3, '3', '2013-01-01', '2013-04-22', '2020-05-15 07:06:41', '2020-05-15 07:06:41'),
	(131, 121, 0, 'ไม่มีค่าปรับที่ต้องรับผิดชอบเองในช่วงก่อนหน้าวันที่ 1 ม.ค. 56', NULL, 1, '0', NULL, NULL, '2020-05-15 07:08:39', '2020-05-15 08:18:08'),
	(132, 122, 0, 'รับผิดชอบค่าปรับเอง จำนวน', NULL, 5, '0', 'วัน', NULL, '2020-05-15 07:09:22', '2020-06-10 02:25:58'),
	(133, 122, 0, 'ตั้งแต่วันที่', NULL, 3, '2', '2012-12-31', NULL, '2020-05-15 07:09:56', '2020-05-15 07:09:56'),
	(134, 122, 0, 'ถึงวันที่', NULL, 3, '2', '2012-12-31', NULL, '2020-05-15 07:10:44', '2020-05-15 07:10:44'),
	(135, 124, 0, 'ขยายเวลา งดหรือลดค่าปรับให้ จำนวน', NULL, 3, '1', '150', NULL, '2020-05-15 07:14:34', '2020-05-19 07:35:24'),
	(136, 124, 0, 'ตั้งแต่วันที่', NULL, 3, '4', '2012-12-31', NULL, '2020-05-15 07:15:01', '2020-05-15 07:15:39'),
	(137, 124, 0, 'ถึงวันที่', NULL, 3, '4', '2012-12-31', NULL, '2020-05-15 07:15:26', '2020-05-15 07:15:26'),
	(138, 125, 0, 'ขยายเวลา งดหรือลดค่าปรับให้ จำนวน', NULL, 3, '1', '150', NULL, '2020-05-15 07:18:15', '2020-05-15 07:18:31'),
	(139, 125, 0, 'ตั้งแต่วันที่', NULL, 3, '4', '2012-12-31', NULL, '2020-05-15 07:18:51', '2020-05-15 07:18:51'),
	(140, 125, 0, 'ถึงวันที่', NULL, 3, '4', '2012-12-31', NULL, '2020-05-15 07:19:07', '2020-05-15 07:19:07'),
	(141, 126, 0, 'ยื่นขอภายในวันที่ 24 ม.ค. 57', NULL, 1, '0', NULL, NULL, '2020-05-15 07:23:59', '2020-06-10 03:29:40'),
	(142, 66, 0, 'ส่งมอบงานงวดสุดท้ายเมื่อวันที่', NULL, 3, '4', '2017-02-12', NULL, '2020-05-15 07:45:30', '2020-05-15 07:45:30'),
	(143, 67, 0, 'ส่งมอบงานงวดสุดท้ายเมื่อวันที่', NULL, 3, '3', '2016-12-01', '2017-02-12', '2020-05-15 07:47:06', '2020-05-15 07:47:06'),
	(144, 128, 0, 'ไม่มีค่าปรับที่ต้องรับผิดชอบเองในช่วงก่อนหน้าวันที่ 1 ธ.ค. 59', NULL, 1, '0', NULL, NULL, '2020-05-15 08:02:13', '2020-05-15 08:11:38'),
	(145, 129, 0, 'รับผิดชอบค่าปรับเอง จำนวน', NULL, 5, '0', 'วัน', NULL, '2020-05-15 08:02:44', '2020-06-10 04:47:39'),
	(146, 129, 0, 'ตั้งแต่วันที่', NULL, 3, '2', '2016-11-30', NULL, '2020-05-15 08:03:14', '2020-05-15 08:03:14'),
	(147, 129, 0, 'ถึงวันที่', NULL, 3, '2', '2016-11-30', NULL, '2020-05-15 08:03:39', '2020-05-15 08:03:39'),
	(148, 130, 0, 'ขยายเวลา งดหรือลดค่าปรับ ให้จำนวน', NULL, 3, '1', '70', NULL, '2020-05-15 08:05:28', '2020-05-15 08:05:28'),
	(149, 130, 0, 'ตั้งแต่วันที่', NULL, 3, '4', '2016-11-30', NULL, '2020-05-15 08:05:59', '2020-05-15 08:05:59'),
	(150, 130, 0, 'ถึงวันที่', NULL, 3, '4', '2016-11-30', NULL, '2020-05-15 08:06:24', '2020-05-15 08:06:24'),
	(151, 131, 0, 'ขยายเวลา งดหรือลดค่าปรับให้ตามระเบียบพัสดุฯ แล้ว จำนวน', NULL, 5, '0', 'วัน', NULL, '2020-05-15 08:07:31', '2020-06-10 04:48:15'),
	(152, 131, 0, 'ขยายเวลา งดหรือลดค่าปรับเพิ่มเติมตามมติ ครม. จำนวน', NULL, 3, '1', '70', NULL, '2020-05-15 08:08:10', '2020-05-15 08:08:10'),
	(153, 131, 0, 'ตั้งแต่วันที่', NULL, 3, '4', '2016-11-30', NULL, '2020-05-15 08:09:00', '2020-05-15 08:09:00'),
	(154, 131, 0, 'ถึงวันที่', NULL, 3, '4', '2016-11-30', NULL, '2020-05-15 08:09:37', '2020-05-15 08:09:37'),
	(155, 52, 0, 'ลงนามในสัญญาในช่วงเวลาดังกล่าว', NULL, 1, '0', NULL, NULL, '2020-05-19 07:07:57', '2020-05-19 07:07:57'),
	(156, 52, 0, 'โดยลงนามในสัญญาวันที่', NULL, 3, '3', '2013-04-23', '2013-11-25', '2020-05-19 07:09:18', '2020-05-19 07:09:18'),
	(157, 54, 0, 'ส่งมอบงานงวดสุดท้ายเมื่อวันที่', NULL, 3, '4', '2016-09-06', NULL, '2020-05-19 07:17:43', '2020-05-19 07:17:43'),
	(158, 55, 0, 'ส่งมอบงานงวดสุดท้ายเมื่อวันที่', NULL, 3, '2', '2016-09-06', NULL, '2020-05-19 07:21:47', '2020-05-19 07:21:47'),
	(159, 56, 0, 'ตั้งแต่วันที่', NULL, 3, '4', '2013-04-23', NULL, '2020-05-19 07:25:31', '2020-05-19 07:25:31'),
	(160, 56, 0, 'ถึงวันที่', NULL, 3, '4', '2013-04-23', NULL, '2020-05-19 07:25:53', '2020-05-19 07:25:53'),
	(161, 72, 0, 'โดยอนุมัติงดหรือลดค่าปรับ หรือขยายเวลาให้ จำนวน', NULL, 5, '0', 'วัน', NULL, '2020-05-19 07:47:09', '2020-06-10 03:44:00'),
	(162, 72, 0, 'ตั้งแต่วันที่', NULL, 4, '0', NULL, NULL, '2020-05-19 07:47:21', '2020-05-19 07:47:21'),
	(163, 72, 0, 'ถึงวันที่', NULL, 4, '0', NULL, NULL, '2020-05-19 07:47:42', '2020-05-19 07:47:42'),
	(168, 74, 0, 'โดยอนุมัติงดหรือลดค่าปรับ หรือขยายเวลาให้ จำนวน', NULL, 5, '0', 'วัน', NULL, '2020-05-19 07:49:41', '2020-06-10 03:44:35'),
	(169, 74, 0, 'ตั้งแต่วันที่', NULL, 4, '0', NULL, NULL, '2020-05-19 07:49:49', '2020-05-19 07:56:29'),
	(170, 70, 0, 'ข้อใด', NULL, 2, '0', NULL, NULL, '2020-05-19 07:51:39', '2020-06-10 03:37:31'),
	(171, 73, 0, 'วันที่เหตุปัญหาอุปสรรคสิ้นสุด และวันที่หนังสือผู้รับจ้างแจ้งเหตุสิ้นสุด', 'กรณี (2) เหตุสุดวิสัย หรือ (3) เหตุเกิดจากพฤติการณ์\nอันหนึ่งอันใดที่คู่สัญญาไม่ต้องรับผิดตามกฎหมาย \nคู่สัญญาต้องแจ้งเหตุดังกล่าว ให้ส่วนราชการทราบภายใน 15 วัน \nนับแต่เหตุนั้นได้สิ้นสุดลง หากข้อเท็จจริงปรากฏว่าคู่สัญญาไม่มีการ\nแจ้งภายใน 15 วัน นับแต่เหตุนั้นได้สิ้นสุดลง โปรดดำเนินการตรวจสอบ\nและทบทวนการอนุมัติงดหรือลดค่าปรับ หรือขยายเวลาดังกล่าวให้ถูกต้อง\nตาม พรบ. ระเบียบ ข้อบังคับ หรือข้อบัญญัติของหน่วยงานก่อน\nขอทำความตกลงกับกรมบัญชีกลาง', 3, '6', '15', NULL, '2020-05-19 07:54:17', '2020-06-15 08:11:15'),
	(173, 73, 0, 'โดยอนุมัติงดหรือลดค่าปรับ หรือขยายเวลาให้ จำนวน', NULL, 5, '0', 'วัน', NULL, '2020-05-19 07:54:47', '2020-06-10 03:44:22'),
	(174, 73, 0, 'ตั้งแต่วันที่', NULL, 4, '0', NULL, NULL, '2020-05-19 07:54:56', '2020-05-19 07:54:56'),
	(175, 73, 0, 'ถึงวันที่', NULL, 4, '0', NULL, NULL, '2020-05-19 07:55:04', '2020-05-19 07:55:04'),
	(176, 74, 0, 'ถึงวันที่', NULL, 4, '0', NULL, NULL, '2020-05-19 07:56:35', '2020-05-19 07:56:35'),
	(177, 132, 0, 'เป็นการให้ความช่วยเหลือผู้ประกอบการก่อสร้างเท่านั้น', 'งานก่อสร้าง หมายถึง งานก่อสร้างตามหลักทั่วไปที่มีกฎหมาย ระเบียบ มติคณะรัฐมนตรี  หรือหนังสือเวียนที่เกี่ยวข้องอ้างอิงได้ และยังให้หมายรวมถึงงานที่มีลักษณะของงาน ตามหนังสือ สำนักนายกรัฐมนตรี ที่ นร (กวพ) 1204/ว 1939 ลงวันที่ 24 กุมภาพันธ์ 2537 เรื่อง งานก่อสร้าง ตามระเบียบสำนักนายกรัฐมนตรีว่าด้วยการพัสดุ พ.ศ. 2535 โดย คณะกรรมการว่าด้วยการพัสดุ (กวพ.) ซ้อมความเข้าใจว่า “งานก่อสร้าง” หมายความรวมถึง (1) งานเคลื่อนย้ายอาคาร (2) งานดัดแปลง งานต่อเติม งานรื้อถอน และงานซ่อมแซม ซึ่งส่วนราชการมีความจำเป็นจะต้องมีการควบคุมดูแลการปฏิบัติงาน ของผู้รับจ้างตลอดเวลาดำเนินการตามความเหมาะสมด้วย', 1, '0', NULL, NULL, '2020-05-19 08:00:25', '2020-06-10 04:18:53'),
	(178, 133, 0, 'เป็นไปตามหลักเกณฑ์และเงื่อนไขดังกล่าว', NULL, 1, '0', NULL, NULL, '2020-05-19 08:03:59', '2020-05-19 08:03:59'),
	(179, 133, 0, 'โดยอนุมัติงดหรือลดค่าปรับให้ จำนวน', NULL, 2, '0', NULL, NULL, '2020-05-19 08:06:37', '2020-05-19 08:06:37'),
	(180, 133, 0, 'ตั้งแต่วันที่', NULL, 4, '0', NULL, NULL, '2020-05-19 08:06:46', '2020-05-19 08:06:46'),
	(181, 133, 0, 'ถึงวันที่', NULL, 4, '0', NULL, NULL, '2020-05-19 08:06:55', '2020-05-19 08:06:55'),
	(182, 134, 0, 'ไม่เคยได้รับความช่วยเหลือตามมติคณะรัฐมนตรีเมื่อวันที่ 18 พฤศจิกายน 2557 (ว 141)', NULL, 1, '0', NULL, NULL, '2020-05-19 08:07:33', '2020-05-19 08:08:04'),
	(183, 136, 0, 'อยู่ในหลักเกณฑ์/เงื่อนไข ตามข้อ 4.1', NULL, 1, '0', NULL, NULL, '2020-05-19 08:11:34', '2020-05-19 08:11:34'),
	(184, 136, 0, 'ส่งมอบงานงวดสุดท้ายเมื่อวันที่', NULL, 3, '4', '2016-09-06', NULL, '2020-05-19 08:12:20', '2020-05-19 08:12:20'),
	(185, 137, 0, 'อยู่ในหลักเกณฑ์/เงื่อนไข ข้อ 4.2', NULL, 1, '0', NULL, NULL, '2020-05-19 08:13:15', '2020-05-19 08:13:15'),
	(186, 137, 0, 'ส่งมอบงานงวดสุดท้ายเมื่อวันที่', NULL, 3, '2', '2016-09-06', NULL, '2020-05-19 08:13:38', '2020-05-22 02:29:01'),
	(187, 138, 0, 'งดหรือลดค่าปรับให้ จำนวน', NULL, 3, '1', '150', NULL, '2020-05-19 08:14:56', '2020-05-19 08:14:56'),
	(188, 138, 0, 'ตั้งแต่วันที่', NULL, 3, '4', '2013-01-01', NULL, '2020-05-19 08:15:10', '2020-05-19 08:15:52'),
	(189, 138, 0, 'ถึงวันที่', NULL, 3, '4', '2013-01-01', NULL, '2020-05-19 08:15:18', '2020-05-19 08:16:05'),
	(190, 140, 0, 'ยื่นคำร้องขอพร้อมส่งมอบงานงวดสุดท้าย', NULL, 1, '0', NULL, NULL, '2020-05-19 08:18:32', '2020-06-10 04:23:34'),
	(191, 141, 0, 'ยื่นคำร้องขอภายในวันที่ 7 พ.ย. 59', NULL, 1, '0', NULL, NULL, '2020-05-19 08:19:59', '2020-06-10 04:24:02'),
	(192, 143, 0, 'เป็นสัญญาจ้าง', NULL, 1, '0', NULL, NULL, '2020-05-25 07:05:46', '2020-05-25 07:05:46'),
	(193, 144, 0, 'เป็นสัญญาซื้อขาย', NULL, 1, '0', NULL, NULL, '2020-05-25 07:06:26', '2020-05-25 07:06:26'),
	(194, 145, 0, 'ได้รับผลกระทบในช่วงดังกล่าว', NULL, 1, '0', NULL, NULL, '2020-05-25 07:08:38', '2020-05-26 06:00:33'),
	(195, 147, 0, 'ลงนามก่อน 25 ก.ค. 54 โดยลงนามวันที่', NULL, 3, '2', '2011-07-25', NULL, '2020-05-25 07:18:29', '2020-05-25 08:17:06'),
	(196, 148, 0, 'ลงนามระหว่างวันที่ 25 ก.ค. 54 - 16 ม.ค. 55 โดยลงนามวันที่', NULL, 3, '3', '2011-07-25', '2012-01-16', '2020-05-25 07:20:10', '2020-05-25 08:17:32'),
	(197, 150, 0, 'อยู่ในหลักเกณฑ์/เงื่อนไข ตามข้อ 4.1', NULL, 1, '0', NULL, NULL, '2020-05-25 07:24:09', '2020-05-25 07:24:09'),
	(198, 150, 0, 'ส่งมอบงานงวดสุดท้ายเมื่อวันที่', NULL, 3, '4', '2012-01-16', NULL, '2020-05-25 07:24:47', '2020-05-25 07:24:47'),
	(199, 151, 0, 'อยู่ในหลักเกณฑ์/เงื่อนไข ตามข้อ 4.2', NULL, 1, '0', NULL, NULL, '2020-05-25 07:25:55', '2020-05-25 07:25:55'),
	(200, 151, 0, 'ส่งมอบงานงวดสุดท้ายเมื่อวันที่', NULL, 3, '3', '2011-07-25', '2012-01-16', '2020-05-25 07:26:32', '2020-05-25 07:26:32'),
	(201, 153, 0, 'ไม่มีค่าปรับที่ต้องรับผิดชอบเองในช่วงก่อนหน้า 25 ก.ค. 54', NULL, 1, '0', NULL, NULL, '2020-05-25 07:32:49', '2020-05-25 07:32:49'),
	(202, 154, 0, 'รับผิดชอบค่าปรับเอง จำนวน', NULL, 5, '0', 'วัน', NULL, '2020-05-25 07:33:31', '2020-06-10 02:20:54'),
	(203, 154, 0, 'ตั้งแต่วันที่', NULL, 3, '2', '2011-07-25', NULL, '2020-05-25 07:34:02', '2020-05-25 07:34:02'),
	(204, 154, 0, 'ถึงวันที่', NULL, 3, '2', '2011-07-25', NULL, '2020-05-25 07:34:20', '2020-05-25 07:34:20'),
	(205, 156, 0, 'ขยายเวลา งดหรือลดค่าปรับให้ จำนวน', NULL, 3, '1', '180', NULL, '2020-05-25 07:36:46', '2020-05-25 07:36:46'),
	(206, 156, 0, 'ตั้งแต่วันที่', NULL, 3, '4', '2011-07-25', NULL, '2020-05-25 07:37:47', '2020-05-25 07:37:47'),
	(207, 156, 0, 'ถึงวันที่', NULL, 3, '4', '2011-07-25', NULL, '2020-05-25 07:38:07', '2020-05-25 07:38:07'),
	(208, 157, 0, 'ขยายเวลา งดหรือลดค่าปรับให้ตามระเบียบพัสดุฯ แล้ว จำนวน', NULL, 3, '1', '180', NULL, '2020-05-25 07:39:02', '2020-05-25 08:25:00'),
	(209, 157, 0, 'ขยายเวลา งดหรือลดค่าปรับเพิ่มเติมตามมติ ครม. จำนวน', NULL, 3, '1', '180', NULL, '2020-05-25 07:39:20', '2020-05-25 08:22:57'),
	(210, 157, 0, 'ตั้งแต่วันที่', NULL, 3, '4', '2011-07-25', NULL, '2020-05-25 07:39:37', '2020-05-25 08:23:08'),
	(211, 158, 0, 'ขยายเวลา งดหรือลดค่าปรับให้ จำนวน', NULL, 3, '1', '120', NULL, '2020-05-25 07:59:39', '2020-05-25 07:59:39'),
	(212, 158, 0, 'ตั้งแต่วันที่', NULL, 3, '4', '2011-07-25', NULL, '2020-05-25 07:59:56', '2020-05-25 07:59:56'),
	(213, 158, 0, 'ถึงวันที่', NULL, 3, '4', '2011-07-25', NULL, '2020-05-25 08:00:14', '2020-05-25 08:00:14'),
	(214, 159, 0, 'ขยายเวลา งดหรือลดค่าปรับให้ตามระเบียบพัสดุฯ แล้ว จำนวน', NULL, 3, '1', '120', NULL, '2020-05-25 08:01:02', '2020-05-25 08:24:01'),
	(215, 159, 0, 'ขยายเวลา งดหรือลดค่าปรับเพิ่มเติมตามมติ ครม. จำนวน', NULL, 3, '1', '120', NULL, '2020-05-25 08:01:18', '2020-05-25 08:24:15'),
	(216, 159, 0, 'ตั้งแต่วันที่', NULL, 3, '4', '2011-07-25', NULL, '2020-05-25 08:01:35', '2020-05-25 08:24:25'),
	(217, 160, 0, 'ยื่นคำขอภายในวันที่ 8 พ.ค. 55', NULL, 1, '0', NULL, NULL, '2020-05-25 08:04:05', '2020-06-10 03:06:29'),
	(218, 157, 0, 'ถึงวันที่', NULL, 3, '4', '2011-07-25', NULL, '2020-05-25 08:23:23', '2020-05-25 08:23:23'),
	(219, 159, 0, 'ถึงวันที่', NULL, 3, '4', '2011-07-25', NULL, '2020-05-25 08:24:41', '2020-05-25 08:24:41'),
	(220, 161, 0, 'เป็นสัญญาจ้างก่อสร้าง', 'งานก่อสร้าง หมายถึง งานก่อสร้างตามหลักทั่วไปที่มีกฎหมาย ระเบียบ มติคณะรัฐมนตรี หรือหนังสือเวียนที่เกี่ยวข้องอ้างอิงได้', 1, '0', NULL, NULL, '2020-05-26 05:59:11', '2020-05-26 05:59:11'),
	(221, 162, 0, 'ได้รับผลกระทบในช่วงดังกล่าว', NULL, 1, '0', NULL, NULL, '2020-05-26 06:00:19', '2020-05-26 06:00:19'),
	(222, 163, 0, 'เป็นสัญญาจ้างก่อสร้างที่ดำเนินการอยู่ในพื้นที่ภาคใต้ 10 จังหวัด ข้างต้น', NULL, 1, '0', NULL, NULL, '2020-05-26 06:03:17', '2020-06-10 03:10:58'),
	(223, 163, 0, 'โดยอยู่ในจังหวัด', NULL, 3, '5', 'สุราษฎร์ธานี,นครศรีธรรมราช,พัทลุง,ตรัง,สงขลา,กระบี่,ชุมพร,พังงา,นราธิวาส,สตูล', NULL, '2020-05-26 06:03:31', '2020-06-05 03:50:18'),
	(224, 165, 0, 'ลงนามก่อน 23 มี.ค. 54 โดยลงนามวันที่', NULL, 3, '2', '2011-03-23', NULL, '2020-05-26 06:06:00', '2020-05-26 06:06:00'),
	(225, 166, 0, 'ลงนามระหว่างวันที่ 23 มี.ค. 54 - 18 เม.ย. 54 โดยลงนามวันที่', NULL, 3, '3', '2011-03-23', '2011-04-18', '2020-05-26 06:07:48', '2020-05-26 06:07:48'),
	(226, 168, 0, 'อยู่ในหลักเกณฑ์/เงื่อนไข ตามข้อ 5.1', NULL, 1, '0', NULL, NULL, '2020-05-26 06:10:10', '2020-05-26 06:10:10'),
	(227, 168, 0, 'ส่งมอบงานงวดสุดท้ายเมื่อวันที่', NULL, 3, '4', '2011-04-18', NULL, '2020-05-26 06:11:01', '2020-05-26 06:11:01'),
	(228, 169, 0, 'อยู่ในหลักเกณฑ์/เงื่อนไข ตามข้อ 5.2', NULL, 1, '0', NULL, NULL, '2020-05-26 06:12:30', '2020-05-26 06:12:39'),
	(229, 169, 0, 'ส่งมอบงานงวดสุดท้ายเมื่อวันที่', NULL, 3, '3', '2011-03-23', '2011-04-18', '2020-05-26 06:13:24', '2020-05-26 06:13:24'),
	(230, 171, 0, 'ไม่มีค่าปรับที่ต้องรับผิดชอบเองในช่วงก่อนหน้า 23 มี.ค. 54', NULL, 1, '0', NULL, NULL, '2020-05-26 06:21:15', '2020-05-26 06:21:15'),
	(231, 172, 0, 'รับผิดชอบค่าปรับเอง จำนวน', NULL, 5, '0', 'วัน', NULL, '2020-05-26 06:22:33', '2020-06-10 02:25:08'),
	(232, 172, 0, 'ตั้งแต่วันที่', NULL, 3, '2', '2011-03-23', NULL, '2020-05-26 06:22:56', '2020-05-26 06:22:56'),
	(233, 172, 0, 'ถึงวันที่', NULL, 3, '2', '2011-03-23', NULL, '2020-05-26 06:23:17', '2020-05-26 06:23:17'),
	(234, 174, 0, 'ขยายเวลา งดหรือลดค่าปรับให้ จำนวน', NULL, 3, '1', '180', NULL, '2020-05-26 06:25:23', '2020-05-26 06:25:23'),
	(235, 174, 0, 'ตั้งแต่วันที่', NULL, 3, '4', '2011-03-23', NULL, '2020-05-26 06:25:53', '2020-05-26 06:25:53'),
	(236, 174, 0, 'ถึงวันที่', NULL, 3, '4', '2011-03-23', NULL, '2020-05-26 06:26:10', '2020-05-26 06:26:10'),
	(237, 175, 0, 'ขยายเวลา งดหรือลดค่าปรับให้ตามระเบียบพัสดุฯ แล้ว จำนวน', NULL, 3, '1', '180', NULL, '2020-05-26 06:26:59', '2020-05-26 06:26:59'),
	(238, 175, 0, 'ขยายเวลา งดหรือลดค่าปรับเพิ่มเติมตามมติ ครม. จำนวน', NULL, 3, '1', '180', NULL, '2020-05-26 06:27:19', '2020-05-26 06:27:19'),
	(239, 175, 0, 'ตั้งแต่วันที่', NULL, 3, '4', '2011-03-23', NULL, '2020-05-26 06:27:35', '2020-05-26 06:27:35'),
	(240, 175, 0, 'ถึงวันที่', NULL, 3, '4', '2011-03-23', NULL, '2020-05-26 06:27:55', '2020-05-26 06:27:55'),
	(241, 176, 0, 'ยื่นคำขอภายในวันที่ 8 พ.ค. 55', NULL, 1, '0', NULL, NULL, '2020-05-26 06:32:13', '2020-06-10 03:19:08'),
	(242, 177, 0, 'ได้รับความช่วยเหลือตาม ว 208 มาแล้ว', NULL, 1, '0', NULL, NULL, '2020-06-04 06:58:46', '2020-06-04 06:58:46'),
	(243, 178, 0, 'อยู่ในหลักเกณฑ์/เงื่อนไขดังกล่าว', NULL, 1, '0', NULL, NULL, '2020-06-04 07:03:51', '2020-06-04 07:03:51'),
	(244, 177, 0, 'โดยได้รับการงดหรือลดค่าปรับ หรือขยายเวลา ตั้งแต่วันที่', NULL, 3, '4', '2013-01-01', NULL, '2020-06-04 07:06:17', '2020-06-10 04:01:29'),
	(245, 177, 0, 'ถึงวันที่', NULL, 3, '4', '2013-01-01', NULL, '2020-06-04 07:06:57', '2020-06-04 07:06:57'),
	(246, 178, 0, 'โดย', NULL, 3, '7', '150', NULL, '2020-06-04 07:08:11', '2020-06-16 06:16:28'),
	(247, 179, 0, 'งดหรือลดค่าปรับให้ จำนวน', NULL, 3, '1', '150', NULL, '2020-06-04 07:13:03', '2020-06-04 07:13:03'),
	(248, 179, 0, 'ตั้งแต่วันที่', NULL, 3, '4', '2013-01-01', NULL, '2020-06-04 07:13:54', '2020-06-04 07:13:54'),
	(249, 179, 0, 'ถึงวันที่', NULL, 3, '4', '2013-01-01', NULL, '2020-06-04 07:14:11', '2020-06-04 07:14:11'),
	(250, 180, 0, 'ยื่นคำร้องขอภายในวันที่ 19 ม.ค. 58', NULL, 1, '0', NULL, NULL, '2020-06-04 07:27:14', '2020-06-10 04:16:22'),
	(251, 181, 0, 'ได้รับผลกระทบในช่วงดังกล่าว', NULL, 1, '0', NULL, NULL, '2020-06-05 04:04:07', '2020-06-05 04:04:07'),
	(252, 181, 0, 'โดยได้รับผลกระทบ ตั้งแต่วันที่', NULL, 3, '3', '2013-11-01', '2014-05-31', '2020-06-05 04:05:48', '2020-06-05 04:06:49'),
	(253, 181, 0, 'ถึงวันที่', NULL, 3, '3', '2013-11-01', '2014-05-31', '2020-06-05 04:06:30', '2020-06-05 04:06:30'),
	(254, 182, 0, 'อยู่ในหลักเกณฑ์/เงื่อนไข ดังกล่าว', NULL, 1, '0', NULL, NULL, '2020-06-05 04:09:06', '2020-06-05 04:09:06'),
	(255, 183, 0, 'โดยอนุมัติงดหรือลดค่าปรับ หรือขยายเวลาให้ จำนวน', NULL, 3, '1', '210', NULL, '2020-06-05 04:13:58', '2020-06-10 04:58:05'),
	(256, 183, 0, 'ตั้งแต่วันที่', NULL, 4, '0', NULL, NULL, '2020-06-05 04:14:08', '2020-06-05 04:14:08'),
	(257, 183, 0, 'ถึงวันที่', NULL, 4, '0', NULL, NULL, '2020-06-05 04:14:17', '2020-06-05 04:14:17'),
	(258, 185, 0, 'ยื่นคำขอตามหนังสือดังกล่าว', NULL, 1, '0', NULL, NULL, '2020-06-05 04:20:16', '2020-06-05 04:26:52'),
	(259, 186, 0, 'โดยยื่นคำขอภายใน 60 วัน นับถัดจากวันที่ออกหนังสือดังกล่าว (ภายในวันที่ 19 ต.ค. 58)', NULL, 1, '0', NULL, NULL, '2020-06-05 04:25:26', '2020-06-10 05:01:12'),
	(260, 186, 0, 'โดยหน่วยงานรับเรื่องวันที่', NULL, 3, '3', '2015-08-20', '2015-10-19', '2020-06-05 04:26:25', '2020-06-05 04:26:25'),
	(261, 185, 0, 'โดยหน่วยงานรับเรื่องวันที่', NULL, 3, '4', '2015-05-06', NULL, '2020-06-05 04:27:21', '2020-06-05 04:27:21'),
	(262, 160, 0, 'โดยหน่วยงานรับเรื่องวันที่', NULL, 3, '3', '2012-03-08', '2012-05-08', '2020-06-10 03:07:37', '2020-06-10 03:07:37'),
	(263, 176, 0, 'โดยหน่วยงานรับเรื่องวันที่', NULL, 3, '3', '2012-03-08', '2012-05-08', '2020-06-10 03:19:35', '2020-06-10 03:19:35'),
	(264, 126, 0, 'โดยหน่วยงานรับเรื่องวันที่', NULL, 3, '3', '2013-11-27', '2014-01-24', '2020-06-10 03:30:16', '2020-06-10 03:30:16'),
	(265, 180, 0, 'โดยหน่วยงานรับเรื่องวันที่', NULL, 3, '3', '2014-11-21', '2015-01-19', '2020-06-10 04:17:14', '2020-06-10 04:17:14'),
	(266, 140, 0, 'โดยหน่วยงานรับเรื่องวันที่', NULL, 4, '0', NULL, NULL, '2020-06-10 04:23:48', '2020-06-10 04:23:48'),
	(267, 141, 0, 'โดยหน่วยงานรับเรื่องวันที่', NULL, 3, '3', '2016-09-07', '2016-11-07', '2020-06-10 04:24:38', '2020-06-10 04:24:38'),
	(268, 58, 0, 'โดยหน่วยงานรับเรื่องวันที่', NULL, 4, '0', NULL, NULL, '2020-06-10 04:28:00', '2020-06-10 04:28:00'),
	(269, 59, 0, 'โดยหน่วยงานรับเรื่องวันที่', NULL, 3, '3', '2016-09-07', '2016-11-07', '2020-06-10 04:28:36', '2020-06-10 04:28:36'),
	(270, 50, 0, 'โดยหน่วยงานรับเรื่องวันที่', NULL, 3, '3', '2017-08-10', '2017-10-09', '2020-06-10 04:38:54', '2020-06-10 04:38:54'),
	(271, 111, 0, 'โดยหน่วยงานรับเรื่องวันที่', NULL, 3, '3', '2017-08-10', '2017-10-09', '2020-06-10 04:42:47', '2020-06-10 04:42:47'),
	(272, 69, 0, 'โดยหน่วยงานรับเรื่องวันที่', NULL, 3, '3', '2019-04-26', '2019-06-24', '2020-06-10 04:49:10', '2020-06-10 04:49:10'),
	(273, 187, 0, 'ช่วง 1 ไม่เกิน 20 วัน', NULL, 3, '6', '20', NULL, '2020-06-23 04:55:51', '2020-06-23 04:55:51'),
	(274, 187, 0, 'ช่วง 2 ไม่เกิน 10 วัน', NULL, 3, '7', '10', NULL, '2020-06-23 04:59:00', '2020-06-23 04:59:00');
/*!40000 ALTER TABLE `112_considers` ENABLE KEYS */;

-- Dumping structure for table refund2.11_form_conditions
CREATE TABLE IF NOT EXISTS `11_form_conditions` (
  `id` int(10) unsigned NOT NULL AUTO_INCREMENT,
  `form_rule_id` int(10) unsigned NOT NULL,
  `name` varchar(191) COLLATE utf8mb4_unicode_ci NOT NULL,
  `description` varchar(191) COLLATE utf8mb4_unicode_ci DEFAULT NULL,
  `condition_type` int(11) NOT NULL,
  `status` tinyint(4) NOT NULL,
  `created_at` timestamp NULL DEFAULT NULL,
  `updated_at` timestamp NULL DEFAULT NULL,
  PRIMARY KEY (`id`),
  KEY `11_form_conditions_form_rule_id_index` (`form_rule_id`),
  CONSTRAINT `11_form_conditions_form_rule_id_foreign` FOREIGN KEY (`form_rule_id`) REFERENCES `10_form_rules` (`id`) ON DELETE CASCADE
) ENGINE=InnoDB DEFAULT CHARSET=utf8mb4 COLLATE=utf8mb4_unicode_ci;

-- Dumping data for table refund2.11_form_conditions: ~0 rows (approximately)
/*!40000 ALTER TABLE `11_form_conditions` DISABLE KEYS */;
/*!40000 ALTER TABLE `11_form_conditions` ENABLE KEYS */;

-- Dumping structure for table refund2.12_refund_forms
CREATE TABLE IF NOT EXISTS `12_refund_forms` (
  `id` int(10) unsigned NOT NULL AUTO_INCREMENT,
  `form_id` int(10) unsigned NOT NULL,
  `refund_id` int(10) unsigned NOT NULL,
  `result` tinyint(4) NOT NULL,
  `status` tinyint(4) NOT NULL,
  `created_at` timestamp NULL DEFAULT NULL,
  `updated_at` timestamp NULL DEFAULT NULL,
  PRIMARY KEY (`id`),
  KEY `12_refund_forms_form_id_index` (`form_id`),
  KEY `12_refund_forms_refund_id_index` (`refund_id`),
  CONSTRAINT `12_refund_forms_form_id_foreign` FOREIGN KEY (`form_id`) REFERENCES `9_forms` (`id`) ON DELETE CASCADE,
  CONSTRAINT `12_refund_forms_refund_id_foreign` FOREIGN KEY (`refund_id`) REFERENCES `2_refunds` (`id`) ON DELETE CASCADE
) ENGINE=InnoDB AUTO_INCREMENT=10 DEFAULT CHARSET=utf8mb4 COLLATE=utf8mb4_unicode_ci;

-- Dumping data for table refund2.12_refund_forms: ~3 rows (approximately)
/*!40000 ALTER TABLE `12_refund_forms` DISABLE KEYS */;
REPLACE INTO `12_refund_forms` (`id`, `form_id`, `refund_id`, `result`, `status`, `created_at`, `updated_at`) VALUES
	(4, 42, 4, 1, 0, '2020-06-26 01:55:01', '2020-06-26 02:03:58'),
	(6, 44, 6, 1, 0, '2021-03-24 07:02:07', '2021-03-24 07:02:34'),
	(7, 44, 7, 1, 0, '2021-03-26 09:13:51', '2021-03-26 09:14:22'),
	(8, 44, 8, 1, 0, '2021-03-29 09:25:29', '2021-03-29 09:26:19'),
	(9, 44, 9, 1, 0, '2021-05-03 14:35:55', '2021-05-03 14:36:31');
/*!40000 ALTER TABLE `12_refund_forms` ENABLE KEYS */;

-- Dumping structure for table refund2.13_refund_details
CREATE TABLE IF NOT EXISTS `13_refund_details` (
  `id` int(10) unsigned NOT NULL AUTO_INCREMENT,
  `refund_form_id` int(10) unsigned NOT NULL,
  `consider_id` int(10) unsigned NOT NULL,
  `result_type` varchar(191) COLLATE utf8mb4_unicode_ci NOT NULL,
  `selected` tinyint(4) DEFAULT NULL,
  `value` varchar(191) COLLATE utf8mb4_unicode_ci DEFAULT NULL,
  `status` tinyint(4) DEFAULT NULL,
  `created_at` timestamp NULL DEFAULT NULL,
  `updated_at` timestamp NULL DEFAULT NULL,
  PRIMARY KEY (`id`),
  KEY `13_refund_details_refund_form_id_index` (`refund_form_id`),
  KEY `13_refund_details_consider_id_index` (`consider_id`),
  CONSTRAINT `13_refund_details_consider_id_foreign` FOREIGN KEY (`consider_id`) REFERENCES `112_considers` (`id`) ON DELETE CASCADE,
  CONSTRAINT `13_refund_details_refund_form_id_foreign` FOREIGN KEY (`refund_form_id`) REFERENCES `12_refund_forms` (`id`) ON DELETE CASCADE
) ENGINE=InnoDB AUTO_INCREMENT=64 DEFAULT CHARSET=utf8mb4 COLLATE=utf8mb4_unicode_ci;

-- Dumping data for table refund2.13_refund_details: ~12 rows (approximately)
/*!40000 ALTER TABLE `13_refund_details` DISABLE KEYS */;
REPLACE INTO `13_refund_details` (`id`, `refund_form_id`, `consider_id`, `result_type`, `selected`, `value`, `status`, `created_at`, `updated_at`) VALUES
	(44, 4, 242, 'boolean', 0, '1', 1, '2020-06-26 01:55:02', '2020-06-26 02:01:03'),
	(45, 4, 244, 'date', 0, '2013-11-01', 1, '2020-06-26 01:55:02', '2020-06-26 02:01:03'),
	(46, 4, 245, 'date', 0, '2013-11-30', 1, '2020-06-26 01:55:02', '2020-06-26 02:01:03'),
	(47, 4, 243, 'boolean', 0, '1', 1, '2020-06-26 01:55:02', '2020-06-26 02:02:10'),
	(48, 4, 246, 'gap2', 0, '2013-10-01|2013-10-31', 1, '2020-06-26 01:55:02', '2020-06-26 02:02:10'),
	(49, 4, 247, 'number', 0, '20', 1, '2020-06-26 01:55:02', '2020-06-26 02:03:18'),
	(50, 4, 248, 'date', 0, '2013-10-01', 1, '2020-06-26 01:55:02', '2020-06-26 02:03:18'),
	(51, 4, 249, 'date', 0, '2013-10-20', 1, '2020-06-26 01:55:02', '2020-06-26 02:03:18'),
	(52, 4, 250, 'boolean', 0, '1', 1, '2020-06-26 01:55:02', '2020-06-26 02:03:57'),
	(53, 4, 265, 'date', 0, '2015-01-12', 1, '2020-06-26 01:55:02', '2020-06-26 02:03:57'),
	(56, 6, 273, 'gap', 0, '2021-03-01|2021-03-03', 1, '2021-03-24 07:02:08', '2021-03-24 07:02:33'),
	(57, 6, 274, 'gap2', 0, '2021-03-04|2021-03-06', 1, '2021-03-24 07:02:08', '2021-03-24 07:02:33'),
	(58, 7, 273, 'gap', 0, '2021-03-01|2021-03-03', 1, '2021-03-26 09:13:51', '2021-03-26 09:14:21'),
	(59, 7, 274, 'gap2', 0, '2021-03-04|2021-03-08', 1, '2021-03-26 09:13:51', '2021-03-26 09:14:21'),
	(60, 8, 273, 'gap', 0, '2021-03-01|2021-03-03', 1, '2021-03-29 09:25:29', '2021-03-29 09:26:18'),
	(61, 8, 274, 'gap2', 0, '2021-03-10|2021-03-13', 1, '2021-03-29 09:25:29', '2021-03-29 09:26:18'),
	(62, 9, 273, 'gap', 0, '2021-05-03|2021-05-05', 1, '2021-05-03 14:35:56', '2021-05-03 14:36:20'),
	(63, 9, 274, 'gap2', 0, '2021-05-03|2021-05-06', 1, '2021-05-03 14:35:56', '2021-05-03 14:36:30');
/*!40000 ALTER TABLE `13_refund_details` ENABLE KEYS */;

-- Dumping structure for table refund2.14_refund_files
CREATE TABLE IF NOT EXISTS `14_refund_files` (
  `id` int(10) unsigned NOT NULL AUTO_INCREMENT,
  `refund_id` int(10) unsigned NOT NULL,
  `file_name` varchar(191) COLLATE utf8mb4_unicode_ci NOT NULL,
  `file_path` varchar(191) COLLATE utf8mb4_unicode_ci NOT NULL,
  `description` text COLLATE utf8mb4_unicode_ci,
  `upload_by` varchar(191) COLLATE utf8mb4_unicode_ci DEFAULT NULL,
  `status` tinyint(4) DEFAULT NULL,
  `created_at` timestamp NULL DEFAULT NULL,
  `updated_at` timestamp NULL DEFAULT NULL,
  PRIMARY KEY (`id`),
  KEY `14_refund_files_refund_id_index` (`refund_id`),
  CONSTRAINT `14_refund_files_refund_id_foreign` FOREIGN KEY (`refund_id`) REFERENCES `2_refunds` (`id`) ON DELETE CASCADE
) ENGINE=InnoDB AUTO_INCREMENT=19 DEFAULT CHARSET=utf8mb4 COLLATE=utf8mb4_unicode_ci;

-- Dumping data for table refund2.14_refund_files: ~7 rows (approximately)
/*!40000 ALTER TABLE `14_refund_files` DISABLE KEYS */;
REPLACE INTO `14_refund_files` (`id`, `refund_id`, `file_name`, `file_path`, `description`, `upload_by`, `status`, `created_at`, `updated_at`) VALUES
	(6, 4, '2_4.pdf', 'b9a469312beff1af795552e2c4d6f8f88ad3c92fc30f5b6e5390238e25df7728', NULL, 'user1', 1, '2020-06-26 02:55:40', '2020-06-26 02:55:40'),
	(12, 6, '2_6.pdf', 'aa7f11d672f0b4bcae77d268f88416b763a12af149b389fab77f489106520a27', NULL, 'user1', 1, '2021-03-24 07:07:27', '2021-03-24 07:07:27'),
	(13, 6, '2_6.pdf', 'af70be16483ba792ab1945b1887ccd7fe6db4e9c7413b794a1ff8e670c4d7ce0', NULL, 'user1', 1, '2021-03-24 09:36:51', '2021-03-24 09:36:51'),
	(14, 4, '2_4.pdf', 'fdec4432d7663561b4e388be0f1e3d59374b28554d5cecb269ede2d3fab8bda1', NULL, 'user1', 1, '2021-03-25 13:50:28', '2021-03-25 13:50:28'),
	(15, 4, '2_4.pdf', '622ea6837d577c87e2c0bdde4ccc754e5cdc5b73a2077348f576c0add9d7a59e', NULL, 'user1', 1, '2021-03-25 14:12:04', '2021-03-25 14:12:04'),
	(16, 4, '2_4.pdf', '1aa1d1afed5acd5b63fb44c343cdc27e0e931ea7f7a28dd25af83adf262d5979', NULL, 'admin', 1, '2021-03-25 14:16:08', '2021-03-25 14:16:08'),
	(17, 4, '2_4.pdf', '2ca5eea3b87e52e68e42c95fd3de4a3abdd729d59bf8fc432144607c314c6c4c', NULL, 'user1', 1, '2021-03-25 14:18:27', '2021-03-25 14:18:27'),
	(18, 4, '2_4.pdf', '894c4087b175f7be05d267b6674eed1dd20cc74f6b9a31be87146aac05bd1069', NULL, 'user1', 1, '2021-03-29 15:18:10', '2021-03-29 15:18:10');
/*!40000 ALTER TABLE `14_refund_files` ENABLE KEYS */;

-- Dumping structure for table refund2.15_refund_codes
CREATE TABLE IF NOT EXISTS `15_refund_codes` (
  `id` int(10) unsigned NOT NULL AUTO_INCREMENT,
  `refund_id` int(10) unsigned NOT NULL,
  `year` smallint(6) DEFAULT '0',
  `code` smallint(6) DEFAULT NULL,
  `create_date` date DEFAULT NULL,
  `created_at` timestamp NULL DEFAULT NULL,
  `updated_at` timestamp NULL DEFAULT NULL,
  PRIMARY KEY (`id`),
  KEY `15_refund_codes_refund_id_index` (`refund_id`),
  CONSTRAINT `15_refund_codes_refund_id_foreign` FOREIGN KEY (`refund_id`) REFERENCES `2_refunds` (`id`) ON DELETE CASCADE
) ENGINE=InnoDB AUTO_INCREMENT=16 DEFAULT CHARSET=utf8mb4 COLLATE=utf8mb4_unicode_ci;

-- Dumping data for table refund2.15_refund_codes: ~1 rows (approximately)
/*!40000 ALTER TABLE `15_refund_codes` DISABLE KEYS */;
REPLACE INTO `15_refund_codes` (`id`, `refund_id`, `year`, `code`, `create_date`, `created_at`, `updated_at`) VALUES
	(11, 6, 2564, 1, '2021-03-25', '2021-03-25 15:16:41', '2021-03-25 15:16:41'),
	(12, 4, 2564, 2, '2021-03-25', '2021-03-25 15:20:34', '2021-03-25 15:20:34'),
	(13, 7, 2564, 3, '2021-03-26', '2021-03-26 09:15:28', '2021-03-26 09:15:28'),
	(14, 8, 2564, 4, '2021-05-03', '2021-05-03 11:09:18', '2021-05-03 11:09:18'),
	(15, 9, 2564, 5, '2021-05-03', '2021-05-03 15:15:24', '2021-05-03 15:15:24');
/*!40000 ALTER TABLE `15_refund_codes` ENABLE KEYS */;

-- Dumping structure for table refund2.16_refund_status
CREATE TABLE IF NOT EXISTS `16_refund_status` (
  `id` int(10) unsigned NOT NULL AUTO_INCREMENT,
  `refund_id` int(10) unsigned NOT NULL,
  `status_code` int(11) DEFAULT NULL,
  `status_date` datetime DEFAULT NULL,
  `status_by` varchar(191) COLLATE utf8mb4_unicode_ci DEFAULT NULL,
  `created_at` timestamp NULL DEFAULT NULL,
  `updated_at` timestamp NULL DEFAULT NULL,
  PRIMARY KEY (`id`),
  KEY `16_refund_status_refund_id_index` (`refund_id`),
  CONSTRAINT `16_refund_status_refund_id_foreign` FOREIGN KEY (`refund_id`) REFERENCES `2_refunds` (`id`) ON DELETE CASCADE
) ENGINE=InnoDB AUTO_INCREMENT=10 DEFAULT CHARSET=utf8mb4 COLLATE=utf8mb4_unicode_ci;

-- Dumping data for table refund2.16_refund_status: ~6 rows (approximately)
/*!40000 ALTER TABLE `16_refund_status` DISABLE KEYS */;
REPLACE INTO `16_refund_status` (`id`, `refund_id`, `status_code`, `status_date`, `status_by`, `created_at`, `updated_at`) VALUES
	(2, 6, 1, '2021-03-24 07:02:07', 'user1', '2021-03-24 07:02:07', '2021-03-24 07:02:07'),
	(3, 7, 1, '2021-03-26 09:13:50', 'user2', '2021-03-26 09:13:50', '2021-03-26 09:13:50'),
	(4, 8, 1, '2021-03-29 09:25:29', 'user1', '2021-03-29 09:25:29', '2021-03-29 09:25:29'),
	(5, 4, 9, '2021-03-29 15:11:27', 'admin', '2021-03-29 15:11:27', '2021-03-29 15:11:27'),
	(6, 4, 11, '2021-03-29 15:11:54', 'admin', '2021-03-29 15:11:54', '2021-03-29 15:11:54'),
	(7, 4, 8, '2021-03-29 15:18:10', 'user1', '2021-03-29 15:18:10', '2021-03-29 15:18:10'),
	(8, 4, 9, '2021-03-29 15:18:59', 'admin', '2021-03-29 15:18:59', '2021-03-29 15:18:59'),
	(9, 9, 1, '2021-05-03 14:35:55', 'user1', '2021-05-03 14:35:55', '2021-05-03 14:35:55');
/*!40000 ALTER TABLE `16_refund_status` ENABLE KEYS */;

-- Dumping structure for table refund2.1_offices
CREATE TABLE IF NOT EXISTS `1_offices` (
  `id` int(10) unsigned NOT NULL AUTO_INCREMENT,
  `code` varchar(5) COLLATE utf8mb4_unicode_ci DEFAULT NULL,
  `name` varchar(191) COLLATE utf8mb4_unicode_ci NOT NULL,
  `contact_name` varchar(191) COLLATE utf8mb4_unicode_ci DEFAULT NULL,
  `phone` varchar(191) COLLATE utf8mb4_unicode_ci DEFAULT NULL,
  `email` varchar(50) COLLATE utf8mb4_unicode_ci DEFAULT NULL,
  `status` tinyint(4) DEFAULT NULL,
  `created_at` timestamp NULL DEFAULT NULL,
  `updated_at` timestamp NULL DEFAULT NULL,
  PRIMARY KEY (`id`),
  UNIQUE KEY `1_offices_code_unique` (`code`)
) ENGINE=InnoDB AUTO_INCREMENT=388 DEFAULT CHARSET=utf8mb4 COLLATE=utf8mb4_unicode_ci;

-- Dumping data for table refund2.1_offices: ~386 rows (approximately)
/*!40000 ALTER TABLE `1_offices` DISABLE KEYS */;
REPLACE INTO `1_offices` (`id`, `code`, `name`, `contact_name`, `phone`, `email`, `status`, `created_at`, `updated_at`) VALUES
	(2, '22222', 'หน่วยงานทดสอบ 2', 'ทรงวุฒิ สัจจบุตร', '0848466553', 'looktaan.tc3@gmail.com', 1, NULL, '2021-03-23 09:01:45'),
	(3, '33333', 'หน่วยงานทดสอบ 3', 'ทรงวุฒิ', '0819787617', 'lokktaan.tc3@gmail.com', 1, NULL, '2021-03-15 03:51:00'),
	(4, '01001', 'สำนักงานปลัดสำนักนายกรัฐมนตรี\r', NULL, NULL, 'user2@cgd.go.th', 1, NULL, '2021-03-23 07:07:12'),
	(5, '01002', 'กรมประชาสัมพันธ์\r', NULL, NULL, NULL, 1, NULL, NULL),
	(6, '01003', 'สำนักงานคณะกรรมการคุ้มครองผู้บริโภค\r', NULL, NULL, NULL, 1, NULL, NULL),
	(7, '01004', 'สำนักเลขาธิการนายกรัฐมนตรี\r', NULL, NULL, NULL, 1, NULL, NULL),
	(8, '01005', 'สำนักเลขาธิการคณะรัฐมนตรี\r', NULL, NULL, NULL, 1, NULL, NULL),
	(9, '01006', 'สำนักข่าวกรองแห่งชาติ\r', NULL, NULL, NULL, 1, NULL, NULL),
	(10, '01007', 'สำนักงบประมาณ\r', NULL, NULL, NULL, 1, NULL, NULL),
	(11, '01008', 'สำนักงานสภาความมั่นคงแห่งชาติ\r', NULL, NULL, NULL, 1, NULL, NULL),
	(12, '01009', 'สำนักงานคณะกรรมการกฤษฎีกา\r', NULL, NULL, NULL, 1, NULL, NULL),
	(13, '01011', 'สำนักงานคณะกรรมการข้าราชการพลเรือน\r', NULL, NULL, NULL, 1, NULL, NULL),
	(14, '01012', 'สำนักงานสภาพัฒนาการเศรษฐกิจเเละสังคมเเห่งชาติ\r', NULL, NULL, NULL, 1, NULL, NULL),
	(15, '01019', 'กองอำนวยการรักษาความมั่นคงภายใน(กอ.รมน.)\r', NULL, NULL, NULL, 1, NULL, NULL),
	(16, '01021', 'สำนักงานคณะกรรมการพัฒนาระบบราชการ\r', NULL, NULL, NULL, 1, NULL, NULL),
	(17, '01032', 'สำนักงานคณะกรรมการส่งเสริมการลงทุน\r', NULL, NULL, NULL, 1, NULL, NULL),
	(18, '01035', 'สำนักงานทรัพยากรน้ำแห่งชาติ\r', NULL, NULL, NULL, 1, NULL, NULL),
	(19, '01038', 'ศูนย์อำนวยการรักษาผลประโยชน์ของชาติทางทะเล\r', NULL, NULL, NULL, 1, NULL, NULL),
	(20, '01041', 'สำนักงานขับเคลื่อนการปฏิรูปประเทศ ยุทธศาสตร์ชาติ เเละการสร้างความสามัคคีปรองดอง\r', NULL, NULL, NULL, 1, NULL, NULL),
	(21, '02001', 'สำนักงานปลัดกระทรวงกลาโหม\r', NULL, NULL, NULL, 1, NULL, NULL),
	(22, '02004', 'กองทัพบก\r', NULL, NULL, NULL, 1, NULL, NULL),
	(23, '02005', 'กองทัพเรือ\r', NULL, NULL, NULL, 1, NULL, NULL),
	(24, '02006', 'กองทัพอากาศ\r', NULL, NULL, NULL, 1, NULL, NULL),
	(25, '02008', 'กองบัญชาการกองทัพไทย\r', NULL, NULL, NULL, 1, NULL, NULL),
	(26, '03002', 'สำนักงานปลัดกระทรวงการคลัง\r', NULL, NULL, NULL, 1, NULL, NULL),
	(27, '03003', 'กรมธนารักษ์\r', NULL, NULL, NULL, 1, NULL, NULL),
	(28, '03004', 'กรมบัญชีกลาง\r', NULL, NULL, NULL, 1, NULL, NULL),
	(29, '03005', 'กรมศุลกากร\r', NULL, NULL, NULL, 1, NULL, NULL),
	(30, '03006', 'กรมสรรพสามิต\r', NULL, NULL, NULL, 1, NULL, NULL),
	(31, '03007', 'กรมสรรพากร\r', NULL, NULL, NULL, 1, NULL, NULL),
	(32, '03008', 'สำนักงานคณะกรรมการนโยบายรัฐวิสาหกิจ\r', NULL, NULL, NULL, 1, NULL, NULL),
	(33, '03009', 'สำนักงานบริหารหนี้สาธารณะ\r', NULL, NULL, NULL, 1, NULL, NULL),
	(34, '03011', 'สำนักงานเศรษฐกิจการคลัง\r', NULL, NULL, NULL, 1, NULL, NULL),
	(35, '04002', 'สำนักงานปลัดกระทรวงการต่างประเทศ\r', NULL, NULL, NULL, 1, NULL, NULL),
	(36, '05002', 'สำนักงานปลัดกระทรวงการท่องเที่ยวและกีฬา\r', NULL, NULL, NULL, 1, NULL, NULL),
	(37, '05003', 'กรมพลศึกษา\r', NULL, NULL, NULL, 1, NULL, NULL),
	(38, '05004', 'กรมการท่องเที่ยว\r', NULL, NULL, NULL, 1, NULL, NULL),
	(39, '05006', 'มหาวิทยาลัยการกีฬาเเห่งชาติ\r', NULL, NULL, NULL, 1, NULL, NULL),
	(40, '06002', 'สำนักงานปลัดกระทรวงการพัฒนาสังคม และความมั่นคงของมนุษย์\r', NULL, NULL, NULL, 1, NULL, NULL),
	(41, '06003', 'กรมพัฒนาสังคมและสวัสดิการ\r', NULL, NULL, NULL, 1, NULL, NULL),
	(42, '06004', 'กรมกิจการสตรีและสถาบันครอบครัว\r', NULL, NULL, NULL, 1, NULL, NULL),
	(43, '06005', 'กรมกิจการเด็กและเยาวชน\r', NULL, NULL, NULL, 1, NULL, NULL),
	(44, '06007', 'กรมส่งเสริมและพัฒนาคุณภาพชีวิตคนพิการ\r', NULL, NULL, NULL, 1, NULL, NULL),
	(45, '06008', 'กรมกิจการผู้สูงอายุ\r', NULL, NULL, NULL, 1, NULL, NULL),
	(46, '07002', 'สำนักงานปลัดกระทรวงเกษตรและสหกรณ์\r', NULL, NULL, NULL, 1, NULL, NULL),
	(47, '07003', 'กรมชลประทาน\r', NULL, NULL, NULL, 1, NULL, NULL),
	(48, '07004', 'กรมตรวจบัญชีสหกรณ์\r', NULL, NULL, NULL, 1, NULL, NULL),
	(49, '07005', 'กรมประมง\r', NULL, NULL, NULL, 1, NULL, NULL),
	(50, '07006', 'กรมปศุสัตว์\r', NULL, NULL, NULL, 1, NULL, NULL),
	(51, '07008', 'กรมพัฒนาที่ดิน\r', NULL, NULL, NULL, 1, NULL, NULL),
	(52, '07009', 'กรมวิชาการเกษตร\r', NULL, NULL, NULL, 1, NULL, NULL),
	(53, '07011', 'กรมส่งเสริมการเกษตร\r', NULL, NULL, NULL, 1, NULL, NULL),
	(54, '07012', 'กรมส่งเสริมสหกรณ์\r', NULL, NULL, NULL, 1, NULL, NULL),
	(55, '07013', 'สำนักงานการปฏิรูปที่ดินเพื่อเกษตรกรรม\r', NULL, NULL, NULL, 1, NULL, NULL),
	(56, '07014', 'สำนักงานมาตรฐานสินค้าเกษตรและอาหารแห่งชาติ\r', NULL, NULL, NULL, 1, NULL, NULL),
	(57, '07015', 'สำนักงานเศรษฐกิจการเกษตร\r', NULL, NULL, NULL, 1, NULL, NULL),
	(58, '07018', 'กรมการข้าว\r', NULL, NULL, NULL, 1, NULL, NULL),
	(59, '07020', 'กรมหม่อนไหม\r', NULL, NULL, NULL, 1, NULL, NULL),
	(60, '07021', 'กรมฝนหลวงและการบินเกษตร\r', NULL, NULL, NULL, 1, NULL, NULL),
	(61, '08002', 'สำนักงานปลัดกระทรวงคมนาคม\r', NULL, NULL, NULL, 1, NULL, NULL),
	(62, '08003', 'กรมเจ้าท่า\r', NULL, NULL, NULL, 1, NULL, NULL),
	(63, '08004', 'กรมการขนส่งทางบก\r', NULL, NULL, NULL, 1, NULL, NULL),
	(64, '08006', 'กรมทางหลวง\r', NULL, NULL, NULL, 1, NULL, NULL),
	(65, '08007', 'กรมทางหลวงชนบท\r', NULL, NULL, NULL, 1, NULL, NULL),
	(66, '08008', 'สำนักงานนโยบายและแผนการขนส่งและจราจร\r', NULL, NULL, NULL, 1, NULL, NULL),
	(67, '08009', 'กรมท่าอากาศยาน\r', NULL, NULL, NULL, 1, NULL, NULL),
	(68, '08011', 'สำนักงานการบินพลเรือน\r', NULL, NULL, NULL, 1, NULL, NULL),
	(69, '08012', 'กรมการขนส่งทางราง\r', NULL, NULL, NULL, 1, NULL, NULL),
	(70, '09002', 'สำนักงานปลัดกระทรวงทรัพยากรธรรมชาติและสิ่งแวดล้อม\r', NULL, NULL, NULL, 1, NULL, NULL),
	(71, '09003', 'กรมควบคุมมลพิษ\r', NULL, NULL, NULL, 1, NULL, NULL),
	(72, '09004', 'กรมทรัพยากรทางทะเลและชายฝั่ง\r', NULL, NULL, NULL, 1, NULL, NULL),
	(73, '09005', 'กรมทรัพยากรธรณี\r', NULL, NULL, NULL, 1, NULL, NULL),
	(74, '09006', 'กรมทรัพยากรน้ำ\r', NULL, NULL, NULL, 1, NULL, NULL),
	(75, '09007', 'กรมทรัพยากรน้ำบาดาล\r', NULL, NULL, NULL, 1, NULL, NULL),
	(76, '09008', 'กรมส่งเสริมคุณภาพสิ่งแวดล้อม\r', NULL, NULL, NULL, 1, NULL, NULL),
	(77, '09009', 'กรมอุทยานแห่งชาติ สัตว์ป่า และพันธุ์พืช\r', NULL, NULL, NULL, 1, NULL, NULL),
	(78, '09011', 'สำนักงานนโยบายและแผนทรัพยากรธรรมชาติและสิ่งแวดล้อม\r', NULL, NULL, NULL, 1, NULL, NULL),
	(79, '09012', 'กรมป่าไม้\r', NULL, NULL, NULL, 1, NULL, NULL),
	(80, '11002', 'สำนักงานปลัดกระทรวงดิจิทัลเพื่อเศรษฐกิจและสังคม\r', NULL, NULL, NULL, 1, NULL, NULL),
	(81, '11004', 'กรมอุตุนิยมวิทยา\r', NULL, NULL, NULL, 1, NULL, NULL),
	(82, '11005', 'สำนักงานสถิติแห่งชาติ\r', NULL, NULL, NULL, 1, NULL, NULL),
	(83, '11009', 'สำนักงานคณะกรรมการดิจิทัลเพื่อเศรษฐกิจและสังคมแห่งชาติ\r', NULL, NULL, NULL, 1, NULL, NULL),
	(84, '12002', 'สำนักงานปลัดกระทรวงพลังงาน\r', NULL, NULL, NULL, 1, NULL, NULL),
	(85, '12003', 'กรมเชื้อเพลิงธรรมชาติ\r', NULL, NULL, NULL, 1, NULL, NULL),
	(86, '12004', 'กรมธุรกิจพลังงาน\r', NULL, NULL, NULL, 1, NULL, NULL),
	(87, '12005', 'กรมพัฒนาพลังงานทดแทนและอนุรักษ์พลังงาน\r', NULL, NULL, NULL, 1, NULL, NULL),
	(88, '12006', 'สำนักงานนโยบายและแผนพลังงาน\r', NULL, NULL, NULL, 1, NULL, NULL),
	(89, '13002', 'สำนักงานปลัดกระทรวงพาณิชย์\r', NULL, NULL, NULL, 1, NULL, NULL),
	(90, '13003', 'กรมการค้าต่างประเทศ\r', NULL, NULL, NULL, 1, NULL, NULL),
	(91, '13004', 'กรมการค้าภายใน\r', NULL, NULL, NULL, 1, NULL, NULL),
	(92, '13006', 'กรมเจรจาการค้าระหว่างประเทศ\r', NULL, NULL, NULL, 1, NULL, NULL),
	(93, '13007', 'กรมทรัพย์สินทางปัญญา\r', NULL, NULL, NULL, 1, NULL, NULL),
	(94, '13008', 'กรมพัฒนาธุรกิจการค้า\r', NULL, NULL, NULL, 1, NULL, NULL),
	(95, '13009', 'กรมส่งเสริมการค้าระหว่างประเทศ\r', NULL, NULL, NULL, 1, NULL, NULL),
	(96, '13013', 'สำนักงานนโยบายและยุทธศาสตร์การค้า\r', NULL, NULL, NULL, 1, NULL, NULL),
	(97, '15002', 'สำนักงานปลัดกระทรวงมหาดไทย\r', NULL, NULL, NULL, 1, NULL, NULL),
	(98, '15003', 'กรมการปกครอง\r', NULL, NULL, NULL, 1, NULL, NULL),
	(99, '15004', 'กรมการพัฒนาชุมชน\r', NULL, NULL, NULL, 1, NULL, NULL),
	(100, '15005', 'กรมที่ดิน\r', NULL, NULL, NULL, 1, NULL, NULL),
	(101, '15006', 'กรมป้องกันและบรรเทาสาธารณภัย\r', NULL, NULL, NULL, 1, NULL, NULL),
	(102, '15007', 'กรมโยธาธิการและผังเมือง\r', NULL, NULL, NULL, 1, NULL, NULL),
	(103, '15008', 'กรมส่งเสริมการปกครองส่วนท้องถิ่น\r', NULL, NULL, NULL, 1, NULL, NULL),
	(104, '16002', 'สำนักงานปลัดกระทรวงยุติธรรม \r', NULL, NULL, NULL, 1, NULL, NULL),
	(105, '16003', 'กรมคุมประพฤติ\r', NULL, NULL, NULL, 1, NULL, NULL),
	(106, '16004', 'กรมคุ้มครองสิทธิและเสรีภาพ\r', NULL, NULL, NULL, 1, NULL, NULL),
	(107, '16005', 'กรมบังคับคดี\r', NULL, NULL, NULL, 1, NULL, NULL),
	(108, '16006', 'กรมพินิจและคุ้มครองเด็กและเยาวชน\r', NULL, NULL, NULL, 1, NULL, NULL),
	(109, '16007', 'กรมราชทัณฑ์\r', NULL, NULL, NULL, 1, NULL, NULL),
	(110, '16008', 'กรมสอบสวนคดีพิเศษ\r', NULL, NULL, NULL, 1, NULL, NULL),
	(111, '16009', 'สำนักงานกิจการยุติธรรม\r', NULL, NULL, NULL, 1, NULL, NULL),
	(112, '16010', 'สถาบันนิติวิทยาศาสตร์\r', NULL, NULL, NULL, 1, NULL, NULL),
	(113, '16011', 'สำนักงานคณะกรรมการป้องกันและปราบปรามยาเสพติด\r', NULL, NULL, NULL, 1, NULL, NULL),
	(114, '17002', 'สำนักงานปลัดกระทรวงแรงงาน\r', NULL, NULL, NULL, 1, NULL, NULL),
	(115, '17003', 'กรมการจัดหางาน\r', NULL, NULL, NULL, 1, NULL, NULL),
	(116, '17004', 'กรมพัฒนาฝีมือแรงงาน\r', NULL, NULL, NULL, 1, NULL, NULL),
	(117, '17005', 'กรมสวัสดิการและคุ้มครองแรงงาน\r', NULL, NULL, NULL, 1, NULL, NULL),
	(118, '17006', 'สำนักงานประกันสังคม\r', NULL, NULL, NULL, 1, NULL, NULL),
	(119, '18002', 'สำนักงานปลัดกระทรวงวัฒนธรรม\r', NULL, NULL, NULL, 1, NULL, NULL),
	(120, '18003', 'กรมการศาสนา\r', NULL, NULL, NULL, 1, NULL, NULL),
	(121, '18004', 'กรมศิลปากร\r', NULL, NULL, NULL, 1, NULL, NULL),
	(122, '18005', 'กรมส่งเสริมวัฒนธรรม\r', NULL, NULL, NULL, 1, NULL, NULL),
	(123, '18006', 'สำนักงานศิลปวัฒนธรรมร่วมสมัย\r', NULL, NULL, NULL, 1, NULL, NULL),
	(124, '18008', 'สถาบันบัณฑิตพัฒนศิลป์\r', NULL, NULL, NULL, 1, NULL, NULL),
	(125, '20002', 'สำนักงานปลัดกระทรวงศึกษาธิการ\r', NULL, NULL, NULL, 1, NULL, NULL),
	(126, '20003', 'สำนักงานเลขาธิการสภาการศึกษา\r', NULL, NULL, NULL, 1, NULL, NULL),
	(127, '20004', 'สำนักงานคณะกรรมการการศึกษาขั้นพื้นฐาน \r', NULL, NULL, NULL, 1, NULL, NULL),
	(128, '20006', 'สำนักงานคณะกรรมการการอาชีวศึกษา\r', NULL, NULL, NULL, 1, NULL, NULL),
	(129, '21002', 'สำนักงานปลัดกระทรวงสาธารณสุข\r', NULL, NULL, NULL, 1, NULL, NULL),
	(130, '21003', 'กรมการแพทย์\r', NULL, NULL, NULL, 1, NULL, NULL),
	(131, '21004', 'กรมควบคุมโรค\r', NULL, NULL, NULL, 1, NULL, NULL),
	(132, '21005', 'กรมการเเพทย์เเผนไทยเเละการเเพทย์ทางเลือก\r', NULL, NULL, NULL, 1, NULL, NULL),
	(133, '21006', 'กรมวิทยาศาสตร์การแพทย์\r', NULL, NULL, NULL, 1, NULL, NULL),
	(134, '21007', 'กรมสนับสนุนบริการสุขภาพ\r', NULL, NULL, NULL, 1, NULL, NULL),
	(135, '21008', 'กรมสุขภาพจิต\r', NULL, NULL, NULL, 1, NULL, NULL),
	(136, '21009', 'กรมอนามัย\r', NULL, NULL, NULL, 1, NULL, NULL),
	(137, '21010', 'สำนักงานคณะกรรมการอาหารและยา\r', NULL, NULL, NULL, 1, NULL, NULL),
	(138, '21017', 'สถาบันพระบรมราชชนก\r', NULL, NULL, NULL, 1, NULL, NULL),
	(139, '22002', 'สำนักงานปลัดกระทรวงอุตสาหกรรม\r', NULL, NULL, NULL, 1, NULL, NULL),
	(140, '22003', 'กรมโรงงานอุตสาหกรรม\r', NULL, NULL, NULL, 1, NULL, NULL),
	(141, '22004', 'กรมส่งเสริมอุตสาหกรรม\r', NULL, NULL, NULL, 1, NULL, NULL),
	(142, '22005', 'กรมอุตสาหกรรมพื้นฐานและการเหมืองแร่\r', NULL, NULL, NULL, 1, NULL, NULL),
	(143, '22006', 'สำนักงานคณะกรรมการอ้อยและน้ำตาลทราย\r', NULL, NULL, NULL, 1, NULL, NULL),
	(144, '22007', 'สำนักงานมาตรฐานผลิตภัณฑ์อุตสาหกรรม\r', NULL, NULL, NULL, 1, NULL, NULL),
	(145, '22008', 'สำนักงานเศรษฐกิจอุตสาหกรรม\r', NULL, NULL, NULL, 1, NULL, NULL),
	(146, '23002', 'สำนักงานปลัดกระทรวงการอุดมศึกษา วิทยาศาสตร์ วิจัยและนวัตกรรม\r', NULL, NULL, NULL, 1, NULL, NULL),
	(147, '23003', 'กรมวิทยาศาสตร์บริการ\r', NULL, NULL, NULL, 1, NULL, NULL),
	(148, '23004', 'สำนักงานคณะกรรมการวิจัยแห่งชาติ\r', NULL, NULL, NULL, 1, NULL, NULL),
	(149, '23005', 'สำนักงานปรมาณูเพื่อสันติ\r', NULL, NULL, NULL, 1, NULL, NULL),
	(150, '23006', 'มหาวิทยาลัยรามคำแหง\r', NULL, NULL, NULL, 1, NULL, NULL),
	(151, '23007', 'มหาวิทยาลัยสุโขทัยธรรมาธิราช\r', NULL, NULL, NULL, 1, NULL, NULL),
	(152, '23008', 'มหาวิทยาลัยนเรศวร\r', NULL, NULL, NULL, 1, NULL, NULL),
	(153, '23009', 'มหาวิทยาลัยอุบลราชธานี\r', NULL, NULL, NULL, 1, NULL, NULL),
	(154, '23010', 'มหาวิทยาลัยมหาสารคาม\r', NULL, NULL, NULL, 1, NULL, NULL),
	(155, '23011', 'มหาวิทยาลัยกาฬสินธุ์\r', NULL, NULL, NULL, 1, NULL, NULL),
	(156, '23012', 'สถาบันเทคโนโลยีปทุมวัน\r', NULL, NULL, NULL, 1, NULL, NULL),
	(157, '23013', 'มหาวิทยาลัยนราธิวาสราชนครินทร์\r', NULL, NULL, NULL, 1, NULL, NULL),
	(158, '23014', 'มหาวิทยาลัยนครพนม\r', NULL, NULL, NULL, 1, NULL, NULL),
	(159, '23015', 'สถาบันวิทยาลัยชุมชน\r', NULL, NULL, NULL, 1, NULL, NULL),
	(160, '23016', 'ม.ราชภัฏเชียงราย\r', NULL, NULL, NULL, 1, NULL, NULL),
	(161, '23017', 'ม.ราชภัฏเชียงใหม่\r', NULL, NULL, NULL, 1, NULL, NULL),
	(162, '23018', 'ม.ราชภัฏลำปาง\r', NULL, NULL, NULL, 1, NULL, NULL),
	(163, '23019', 'มหาวิทยาลัยราชภัฏอุตรดิตถ์\r', NULL, NULL, NULL, 1, NULL, NULL),
	(164, '23020', 'ม.ราชภัฏกำแพงเพชร\r', NULL, NULL, NULL, 1, NULL, NULL),
	(165, '23021', 'ม.ราชภัฏนครสวรรค์\r', NULL, NULL, NULL, 1, NULL, NULL),
	(166, '23022', 'ม.ราชภัฏพิบูลสงคราม\r', NULL, NULL, NULL, 1, NULL, NULL),
	(167, '23023', 'มหาวิทยาลัยราชภัฏเพชรบูรณ์\r', NULL, NULL, NULL, 1, NULL, NULL),
	(168, '23024', 'ม.ราชภัฏมหาสารคาม\r', NULL, NULL, NULL, 1, NULL, NULL),
	(169, '23025', 'ม.ราชภัฏเลย\r', NULL, NULL, NULL, 1, NULL, NULL),
	(170, '23026', 'ม.ราชภัฏสกลนคร\r', NULL, NULL, NULL, 1, NULL, NULL),
	(171, '23027', 'ม.ราชภัฏอุดรธานี\r', NULL, NULL, NULL, 1, NULL, NULL),
	(172, '23028', 'ม.ราชภัฏนครราชสีมา\r', NULL, NULL, NULL, 1, NULL, NULL),
	(173, '23029', 'ม.ราชภัฏบุรีรัมย์\r', NULL, NULL, NULL, 1, NULL, NULL),
	(174, '23030', 'ม.ราชภัฏสุรินทร์\r', NULL, NULL, NULL, 1, NULL, NULL),
	(175, '23031', 'ม.ราชภัฏอุบลราชธานี\r', NULL, NULL, NULL, 1, NULL, NULL),
	(176, '23032', 'มหาวิทยาลัยราชภัฏราชนครินทร์\r', NULL, NULL, NULL, 1, NULL, NULL),
	(177, '23033', 'ม.ราชภัฏเทพสตรี\r', NULL, NULL, NULL, 1, NULL, NULL),
	(178, '23034', 'มหาวิทยาลัยราชภัฏพระนครศรีอยุธยา\r', NULL, NULL, NULL, 1, NULL, NULL),
	(179, '23035', 'ม.ราชภัฏวไลยอลงกรณ์\r', NULL, NULL, NULL, 1, NULL, NULL),
	(180, '23036', 'ม.ราชภัฏรำไพพรรณี\r', NULL, NULL, NULL, 1, NULL, NULL),
	(181, '23037', 'ม.ราชภัฏกาญจนบุรี\r', NULL, NULL, NULL, 1, NULL, NULL),
	(182, '23038', 'ม.ราชภัฏนครปฐม\r', NULL, NULL, NULL, 1, NULL, NULL),
	(183, '23039', 'ม.ราชภัฏเพชรบุรี\r', NULL, NULL, NULL, 1, NULL, NULL),
	(184, '23040', 'มหาวิทยาลัยราชภัฏหมู่บ้านจอมบึง\r', NULL, NULL, NULL, 1, NULL, NULL),
	(185, '23041', 'มหาวิทยาลัยราชภัฏนครศรีธรรมราช\r', NULL, NULL, NULL, 1, NULL, NULL),
	(186, '23042', 'ม.ราชภัฏภูเก็ต\r', NULL, NULL, NULL, 1, NULL, NULL),
	(187, '23043', 'ม.ราชภัฏยะลา\r', NULL, NULL, NULL, 1, NULL, NULL),
	(188, '23044', 'ม.ราชภัฏสงขลา\r', NULL, NULL, NULL, 1, NULL, NULL),
	(189, '23045', 'ม.ราชภัฏสุราษฎร์ธานี\r', NULL, NULL, NULL, 1, NULL, NULL),
	(190, '23046', 'ม.ราชภัฏจันทรเกษม\r', NULL, NULL, NULL, 1, NULL, NULL),
	(191, '23047', 'ม.ราชภัฏธนบุรี\r', NULL, NULL, NULL, 1, NULL, NULL),
	(192, '23048', 'มหาวิทยาลัยราชภัฏบ้านสมเด็จเจ้าพระยา\r', NULL, NULL, NULL, 1, NULL, NULL),
	(193, '23049', 'ม.ราชภัฏพระนคร\r', NULL, NULL, NULL, 1, NULL, NULL),
	(194, '23050', 'ม.ราชภัฏสวนสุนันทา\r', NULL, NULL, NULL, 1, NULL, NULL),
	(195, '23051', 'ม.ราชภัฏชัยภูมิ\r', NULL, NULL, NULL, 1, NULL, NULL),
	(196, '23052', 'ม.ราชภัฏร้อยเอ็ด\r', NULL, NULL, NULL, 1, NULL, NULL),
	(197, '23053', 'ม.ราชภัฏศรีสะเกษ\r', NULL, NULL, NULL, 1, NULL, NULL),
	(198, '23054', 'มหาวิทยาลัยเทคโนโลยีราชมงคลธัญบุรี\r', NULL, NULL, NULL, 1, NULL, NULL),
	(199, '23055', 'มหาวิทยาลัยเทคโนโลยีราชมงคลกรุงเทพ\r', NULL, NULL, NULL, 1, NULL, NULL),
	(200, '23056', 'มหาวิทยาลัยเทคโนโลยีราชมงคลตะวันออก\r', NULL, NULL, NULL, 1, NULL, NULL),
	(201, '23057', 'มหาวิทยาลัยเทคโนโลยีราชมงคลพระนคร\r', NULL, NULL, NULL, 1, NULL, NULL),
	(202, '23058', 'มหาวิทยาลัยเทคโนโลยีราชมงคลรัตนโกสินทร์\r', NULL, NULL, NULL, 1, NULL, NULL),
	(203, '23059', 'มหาวิทยาลัยเทคโนโลยีราชมงคลล้านนา\r', NULL, NULL, NULL, 1, NULL, NULL),
	(204, '23060', 'มหาวิทยาลัยเทคโนโลยีราชมงคลศรีวิชัย\r', NULL, NULL, NULL, 1, NULL, NULL),
	(205, '23061', 'มหาวิทยาลัยเทคโนโลยีราชมงคลสุวรรณภูมิ\r', NULL, NULL, NULL, 1, NULL, NULL),
	(206, '23062', 'มหาวิทยาลัยเทคโนโลยีราชมงคลอีสาน \r', NULL, NULL, NULL, 1, NULL, NULL),
	(207, '25003', 'สำนักงานพระพุทธศาสนาแห่งชาติ\r', NULL, NULL, NULL, 1, NULL, NULL),
	(208, '25004', 'สำนักงานคณะกรรมการพิเศษเพื่อประสานงานโครงการอันเนื่องมาจากพระราชดำริ\r', NULL, NULL, NULL, 1, NULL, NULL),
	(209, '25006', 'สำนักงานราชบัณฑิตยสภา\r', NULL, NULL, NULL, 1, NULL, NULL),
	(210, '25007', 'สำนักงานตำรวจแห่งชาติ\r', NULL, NULL, NULL, 1, NULL, NULL),
	(211, '25008', 'สำนักงานป้องกันและปราบปรามการฟอกเงิน\r', NULL, NULL, NULL, 1, NULL, NULL),
	(212, '25016', 'ศูนย์อำนวยการบริหารจังหวัดชายแดนภาคใต้\r', NULL, NULL, NULL, 1, NULL, NULL),
	(213, '25017', 'สำนักงานคณะกรรมการป้องกันและปราบปรามการทุจริตในภาครัฐ\r', NULL, NULL, NULL, 1, NULL, NULL),
	(214, '27001', 'สำนักงานเลขาธิการวุฒิสภา\r', NULL, NULL, NULL, 1, NULL, NULL),
	(215, '27002', 'สำนักงานเลขาธิการสภาผู้แทนราษฎร\r', NULL, NULL, NULL, 1, NULL, NULL),
	(216, '27003', 'สถาบันพระปกเกล้า\r', NULL, NULL, NULL, 1, NULL, NULL),
	(217, '28001', 'สำนักงานศาลรัฐธรรมนูญ\r', NULL, NULL, NULL, 1, NULL, NULL),
	(218, '28002', 'สำนักงานศาลยุติธรรม\r', NULL, NULL, NULL, 1, NULL, NULL),
	(219, '28003', 'สำนักงานศาลปกครอง\r', NULL, NULL, NULL, 1, NULL, NULL),
	(220, '29001', 'สำนักงานคณะกรรมการการเลือกตั้ง\r', NULL, NULL, NULL, 1, NULL, NULL),
	(221, '29002', 'สำนักงานผู้ตรวจการแผ่นดิน\r', NULL, NULL, NULL, 1, NULL, NULL),
	(222, '29003', 'สำนักงานคณะกรรมการป้องกันและปราบปรามการทุจริตแห่งชาติ\r', NULL, NULL, NULL, 1, NULL, NULL),
	(223, '29004', 'สำนักงานการตรวจเงินแผ่นดิน\r', NULL, NULL, NULL, 1, NULL, NULL),
	(224, '29005', 'สำนักงานคณะกรรมการสิทธิมนุษยชนแห่งชาติ\r', NULL, NULL, NULL, 1, NULL, NULL),
	(225, '29006', 'สำนักงานอัยการสูงสุด\r', NULL, NULL, NULL, 1, NULL, NULL),
	(226, '29009', 'สำนักงานคณะกรรมการกิจการกระจายเสียง กิจการโทรทัศน์และกิจการโทรคมนาคมแห่งชาติ\r', NULL, NULL, NULL, 1, NULL, NULL),
	(227, '50101', 'องค์การตลาดเพื่อเกษตรกร\r', NULL, NULL, NULL, 1, NULL, NULL),
	(228, '50102', 'องค์การสวนยาง\r', NULL, NULL, NULL, 1, NULL, NULL),
	(229, '50103', 'องค์การสะพานปลา\r', NULL, NULL, NULL, 1, NULL, NULL),
	(230, '50104', 'องค์การส่งเสริมกิจการโคนม\r', NULL, NULL, NULL, 1, NULL, NULL),
	(231, '50105', 'องค์การอุตสาหกรรมป่าไม้\r', NULL, NULL, NULL, 1, NULL, NULL),
	(232, '50110', 'การยางแห่งประเทศไทย\r', NULL, NULL, NULL, 1, NULL, NULL),
	(233, '50201', 'การนิคมอุตสาหกรรมแห่งประเทศไทย\r', NULL, NULL, NULL, 1, NULL, NULL),
	(234, '50204', 'องค์การเภสัชกรรม\r', NULL, NULL, NULL, 1, NULL, NULL),
	(235, '50205', 'องค์การสุรา\r', NULL, NULL, NULL, 1, NULL, NULL),
	(236, '50206', 'โรงงานไพ่\r', NULL, NULL, NULL, 1, NULL, NULL),
	(237, '50207', 'การยาสูบแห่งประเทศไทย\r', NULL, NULL, NULL, 1, NULL, NULL),
	(238, '50208', 'โรงพิมพ์ตำรวจ\r', NULL, NULL, NULL, 1, NULL, NULL),
	(239, '50301', 'การทางพิเศษแห่งประเทศไทย\r', NULL, NULL, NULL, 1, NULL, NULL),
	(240, '50302', 'องค์การขนส่งมวลชนกรุงเทพ\r', NULL, NULL, NULL, 1, NULL, NULL),
	(241, '50304', 'การท่าเรือแห่งประเทศไทย\r', NULL, NULL, NULL, 1, NULL, NULL),
	(242, '50306', 'บมจ. ท่าอากาศยานไทย\r', NULL, NULL, NULL, 1, NULL, NULL),
	(243, '50307', 'บมจ. การบินไทย\r', NULL, NULL, NULL, 1, NULL, NULL),
	(244, '50309', 'บริษัท ท่าอากาศยานสากลกรุงเทพแห่งใหม่ จำกัด\r', NULL, NULL, NULL, 1, NULL, NULL),
	(245, '50310', 'บริษัท วิทยุการบินแห่งประเทศไทย จำกัด\r', NULL, NULL, NULL, 1, NULL, NULL),
	(246, '50311', 'สถาบันการบินพลเรือน\r', NULL, NULL, NULL, 1, NULL, NULL),
	(247, '50312', 'การรถไฟแห่งประเทศไทย\r', NULL, NULL, NULL, 1, NULL, NULL),
	(248, '50313', 'การรถไฟฟ้าขนส่งมวลชนแห่งประเทศไทย\r', NULL, NULL, NULL, 1, NULL, NULL),
	(249, '50314', 'บริษัท ขนส่ง จำกัด\r', NULL, NULL, NULL, 1, NULL, NULL),
	(250, '50315', 'บริษัท อู่กรุงเทพ จำกัด\r', NULL, NULL, NULL, 1, NULL, NULL),
	(251, '50316', 'บริษัท กสท โทรคมนาคม จำกัด (มหาชน)\r', NULL, NULL, NULL, 1, NULL, NULL),
	(252, '50317', 'บริษัท ทีโอที จำกัด (มหาชน)\r', NULL, NULL, NULL, 1, NULL, NULL),
	(253, '50318', 'บริษัท อสมท จำกัด (มหาชน)\r', NULL, NULL, NULL, 1, NULL, NULL),
	(254, '50319', 'บริษัท ไปรษณีย์ไทย จำกัด\r', NULL, NULL, NULL, 1, NULL, NULL),
	(255, '50401', 'องค์การตลาด\r', NULL, NULL, NULL, 1, NULL, NULL),
	(256, '50402', 'องค์การคลังสินค้า\r', NULL, NULL, NULL, 1, NULL, NULL),
	(257, '50403', 'สำนักงานสลากกินแบ่งรัฐบาล\r', NULL, NULL, NULL, 1, NULL, NULL),
	(258, '50404', 'การท่องเที่ยวแห่งประเทศไทย\r', NULL, NULL, NULL, 1, NULL, NULL),
	(259, '50405', 'บริษัท สหโรงแรมไทยและการท่องเที่ยว จำกัด\r', NULL, NULL, NULL, 1, NULL, NULL),
	(260, '50501', 'สถาบันวิจัยวิทยาศาสตร์และเทคโนโลยีแห่งประเทศไทย\r', NULL, NULL, NULL, 1, NULL, NULL),
	(261, '50502', 'องค์การพิพิธภัณฑ์วิทยาศาสตร์แห่งชาติ\r', NULL, NULL, NULL, 1, NULL, NULL),
	(262, '50503', 'องค์การสวนพฤกษศาสตร์\r', NULL, NULL, NULL, 1, NULL, NULL),
	(263, '50504', 'การไฟฟ้าฝ่ายผลิตแห่งประเทศไทย\r', NULL, NULL, NULL, 1, NULL, NULL),
	(264, '50505', 'การไฟฟ้านครหลวง\r', NULL, NULL, NULL, 1, NULL, NULL),
	(265, '50506', 'การไฟฟ้าส่วนภูมิภาค\r', NULL, NULL, NULL, 1, NULL, NULL),
	(266, '50507', 'บริษัท ปตท. จำกัด (มหาชน)\r', NULL, NULL, NULL, 1, NULL, NULL),
	(267, '50510', 'องค์การจัดการน้ำเสีย\r', NULL, NULL, NULL, 1, NULL, NULL),
	(268, '50601', 'การประปานครหลวง\r', NULL, NULL, NULL, 1, NULL, NULL),
	(269, '50602', 'การประปาส่วนภูมิภาค\r', NULL, NULL, NULL, 1, NULL, NULL),
	(270, '50603', 'การเคหะแห่งชาติ\r', NULL, NULL, NULL, 1, NULL, NULL),
	(271, '50604', 'การกีฬาแห่งประเทศไทย\r', NULL, NULL, NULL, 1, NULL, NULL),
	(272, '50605', 'องค์การสวนสัตว์\r', NULL, NULL, NULL, 1, NULL, NULL),
	(273, '50606', 'สำนักงานธนานุเคราะห์\r', NULL, NULL, NULL, 1, NULL, NULL),
	(274, '50701', 'ธนาคารแห่งประเทศไทย\r', NULL, NULL, NULL, 1, NULL, NULL),
	(275, '50702', 'บมจ.ธนาคารกรุงไทย\r', NULL, NULL, NULL, 1, NULL, NULL),
	(276, '50703', 'ธนาคารเพื่อการเกษตรและสหกรณ์การเกษตร\r', NULL, NULL, NULL, 1, NULL, NULL),
	(277, '50704', 'ธนาคารออมสิน\r', NULL, NULL, NULL, 1, NULL, NULL),
	(278, '50705', 'ธนาคารอาคารสงเคราะห์\r', NULL, NULL, NULL, 1, NULL, NULL),
	(279, '50706', 'ธนาคารเพื่อการส่งออกและนำเข้าแห่งประเทศไทย\r', NULL, NULL, NULL, 1, NULL, NULL),
	(280, '50708', 'ธนาคารพัฒนาวิสาหกิจขนาดกลางและขนาดย่อมแห่งประเทศไทย\r', NULL, NULL, NULL, 1, NULL, NULL),
	(281, '50709', 'ธนาคารอิสลามแห่งประเทศไทย\r', NULL, NULL, NULL, 1, NULL, NULL),
	(282, '50710', 'บริษัทตลาดรองสินเชื่อที่อยู่อาศัย\r', NULL, NULL, NULL, 1, NULL, NULL),
	(283, '50713', 'บริษัทบริหารสินทรัพย์ ธนาคารอิสลามแห่งประเทศไทย จำกัด\r', NULL, NULL, NULL, 1, NULL, NULL),
	(284, '70010', 'กลุ่มจังหวัดภาคกลางตอนบน 1\r', NULL, NULL, NULL, 1, NULL, NULL),
	(285, '70011', 'งบจังหวัดนนทบุรี\r', NULL, NULL, NULL, 1, NULL, NULL),
	(286, '70012', 'งบจังหวัดปทุมธานี\r', NULL, NULL, NULL, 1, NULL, NULL),
	(287, '70013', 'งบจังหวัดพระนครศรีอยุธยา\r', NULL, NULL, NULL, 1, NULL, NULL),
	(288, '70014', 'งบจังหวัดสระบุรี\r', NULL, NULL, NULL, 1, NULL, NULL),
	(289, '70020', 'กลุ่มจังหวัดภาคกลางตอนบน 2\r', NULL, NULL, NULL, 1, NULL, NULL),
	(290, '70021', 'งบจังหวัดชัยนาท\r', NULL, NULL, NULL, 1, NULL, NULL),
	(291, '70022', 'งบจังหวัดลพบุรี\r', NULL, NULL, NULL, 1, NULL, NULL),
	(292, '70023', 'งบจังหวัดสิงห์บุรี\r', NULL, NULL, NULL, 1, NULL, NULL),
	(293, '70024', 'งบจังหวัดอ่างทอง\r', NULL, NULL, NULL, 1, NULL, NULL),
	(294, '70030', 'กลุ่มจังหวัดภาคกลางตอนกลาง\r', NULL, NULL, NULL, 1, NULL, NULL),
	(295, '70031', 'งบจังหวัดฉะเชิงเทรา\r', NULL, NULL, NULL, 1, NULL, NULL),
	(296, '70032', 'งบจังหวัดปราจีนบุรี\r', NULL, NULL, NULL, 1, NULL, NULL),
	(297, '70033', 'งบจังหวัดสระแก้ว\r', NULL, NULL, NULL, 1, NULL, NULL),
	(298, '70034', 'งบจังหวัดนครนายก\r', NULL, NULL, NULL, 1, NULL, NULL),
	(299, '70035', 'งบจังหวัดสมุทรปราการ\r', NULL, NULL, NULL, 1, NULL, NULL),
	(300, '70040', 'กลุ่มจังหวัดภาคกลางตอนล่าง 1\r', NULL, NULL, NULL, 1, NULL, NULL),
	(301, '70041', 'งบจังหวัดกาญจนบุรี\r', NULL, NULL, NULL, 1, NULL, NULL),
	(302, '70042', 'งบจังหวัดนครปฐม\r', NULL, NULL, NULL, 1, NULL, NULL),
	(303, '70043', 'งบจังหวัดราชบุรี\r', NULL, NULL, NULL, 1, NULL, NULL),
	(304, '70044', 'งบจังหวัดสุพรรณบุรี\r', NULL, NULL, NULL, 1, NULL, NULL),
	(305, '70050', 'กลุ่มจังหวัดภาคกลางตอนล่าง 2\r', NULL, NULL, NULL, 1, NULL, NULL),
	(306, '70051', 'งบจังหวัดประจวบคีรีขันธ์\r', NULL, NULL, NULL, 1, NULL, NULL),
	(307, '70052', 'งบจังหวัดเพชรบุรี\r', NULL, NULL, NULL, 1, NULL, NULL),
	(308, '70053', 'งบจังหวัดสมุทรสาคร\r', NULL, NULL, NULL, 1, NULL, NULL),
	(309, '70054', 'งบจังหวัดสมุทรสงคราม\r', NULL, NULL, NULL, 1, NULL, NULL),
	(310, '70060', 'กลุ่มจังหวัดภาคใต้ฝั่งอ่าวไทย\r', NULL, NULL, NULL, 1, NULL, NULL),
	(311, '70061', 'งบจังหวัดชุมพร\r', NULL, NULL, NULL, 1, NULL, NULL),
	(312, '70062', 'งบจังหวัดสุราษฎร์ธานี\r', NULL, NULL, NULL, 1, NULL, NULL),
	(313, '70063', 'งบจังหวัดนครศรีธรรมราช\r', NULL, NULL, NULL, 1, NULL, NULL),
	(314, '70064', 'งบจังหวัดพัทลุง\r', NULL, NULL, NULL, 1, NULL, NULL),
	(315, '70070', 'กลุ่มจังหวัดภาคใต้ฝั่งอันดามัน\r', NULL, NULL, NULL, 1, NULL, NULL),
	(316, '70071', 'งบจังหวัดระนอง\r', NULL, NULL, NULL, 1, NULL, NULL),
	(317, '70072', 'งบจังหวัดพังงา\r', NULL, NULL, NULL, 1, NULL, NULL),
	(318, '70073', 'งบจังหวัดภูเก็ต\r', NULL, NULL, NULL, 1, NULL, NULL),
	(319, '70074', 'งบจังหวัดกระบี่\r', NULL, NULL, NULL, 1, NULL, NULL),
	(320, '70075', 'งบจังหวัดตรัง\r', NULL, NULL, NULL, 1, NULL, NULL),
	(321, '70080', 'กลุ่มจังหวัดภาคใต้ชายแดน\r', NULL, NULL, NULL, 1, NULL, NULL),
	(322, '70081', 'งบจังหวัดสงขลา\r', NULL, NULL, NULL, 1, NULL, NULL),
	(323, '70082', 'งบจังหวัดสตูล\r', NULL, NULL, NULL, 1, NULL, NULL),
	(324, '70083', 'งบจังหวัดปัตตานี\r', NULL, NULL, NULL, 1, NULL, NULL),
	(325, '70084', 'งบจังหวัดยะลา\r', NULL, NULL, NULL, 1, NULL, NULL),
	(326, '70085', 'งบจังหวัดนราธิวาส\r', NULL, NULL, NULL, 1, NULL, NULL),
	(327, '70090', 'กลุ่มจังหวัดภาคตะวันออก\r', NULL, NULL, NULL, 1, NULL, NULL),
	(328, '70091', 'งบจังหวัดจันทบุรี\r', NULL, NULL, NULL, 1, NULL, NULL),
	(329, '70092', 'งบจังหวัดชลบุรี\r', NULL, NULL, NULL, 1, NULL, NULL),
	(330, '70093', 'งบจังหวัดระยอง\r', NULL, NULL, NULL, 1, NULL, NULL),
	(331, '70094', 'งบจังหวัดตราด\r', NULL, NULL, NULL, 1, NULL, NULL),
	(332, '70100', 'กลุ่มจังหวัดภาคตะวันออกเฉียงเหนือตอนบน 1\r', NULL, NULL, NULL, 1, NULL, NULL),
	(333, '70101', 'งบจังหวัดหนองคาย\r', NULL, NULL, NULL, 1, NULL, NULL),
	(334, '70102', 'งบจังหวัดเลย\r', NULL, NULL, NULL, 1, NULL, NULL),
	(335, '70103', 'งบจังหวัดอุดรธานี\r', NULL, NULL, NULL, 1, NULL, NULL),
	(336, '70104', 'งบจังหวัดหนองบัวลำภู\r', NULL, NULL, NULL, 1, NULL, NULL),
	(337, '70105', 'งบจังหวัดบึงกาฬ\r', NULL, NULL, NULL, 1, NULL, NULL),
	(338, '70110', 'กลุ่มจังหวัดภาคตะวันออกเฉียงเหนือตอนบน 2\r', NULL, NULL, NULL, 1, NULL, NULL),
	(339, '70111', 'งบจังหวัดนครพนม\r', NULL, NULL, NULL, 1, NULL, NULL),
	(340, '70112', 'งบจังหวัดมุกดาหาร\r', NULL, NULL, NULL, 1, NULL, NULL),
	(341, '70113', 'งบจังหวัดสกลนคร\r', NULL, NULL, NULL, 1, NULL, NULL),
	(342, '70120', 'กลุ่มจังหวัดภาคตะวันออกเฉียงเหนือตอนกลาง\r', NULL, NULL, NULL, 1, NULL, NULL),
	(343, '70121', 'งบจังหวัดร้อยเอ็ด\r', NULL, NULL, NULL, 1, NULL, NULL),
	(344, '70122', 'งบจังหวัดขอนแก่น\r', NULL, NULL, NULL, 1, NULL, NULL),
	(345, '70123', 'งบจังหวัดมหาสารคาม\r', NULL, NULL, NULL, 1, NULL, NULL),
	(346, '70124', 'งบจังหวัดกาฬสินธู์\r', NULL, NULL, NULL, 1, NULL, NULL),
	(347, '70130', 'กลุ่มจังหวัดภาค ตอ.เหนือตอนล่าง 2\r', NULL, NULL, NULL, 1, NULL, NULL),
	(348, '70131', 'งบจังหวัดอำนาจเจริญ\r', NULL, NULL, NULL, 1, NULL, NULL),
	(349, '70132', 'งบจังหวัดศรีสะเกษ\r', NULL, NULL, NULL, 1, NULL, NULL),
	(350, '70133', 'งบจังหวัดยโสธร\r', NULL, NULL, NULL, 1, NULL, NULL),
	(351, '70134', 'งบจังหวัดอุบลราชธานี\r', NULL, NULL, NULL, 1, NULL, NULL),
	(352, '70140', 'กลุ่มจังหวัดภาค ตอ.เหนือตอนล่าง 1\r', NULL, NULL, NULL, 1, NULL, NULL),
	(353, '70141', 'งบจังหวัดสุรินทร์\r', NULL, NULL, NULL, 1, NULL, NULL),
	(354, '70142', 'งบจังหวัดนครราชสีมา\r', NULL, NULL, NULL, 1, NULL, NULL),
	(355, '70143', 'งบจังหวัดบุรีรัมย์\r', NULL, NULL, NULL, 1, NULL, NULL),
	(356, '70144', 'งบจังหวัดชัยภูมิ\r', NULL, NULL, NULL, 1, NULL, NULL),
	(357, '70150', 'กลุ่มจังหวัดภาคเหนือตอนบน 1\r', NULL, NULL, NULL, 1, NULL, NULL),
	(358, '70151', 'งบจังหวัดเชียงใหม่\r', NULL, NULL, NULL, 1, NULL, NULL),
	(359, '70152', 'งบจังหวัดแม่ฮ่องสอน\r', NULL, NULL, NULL, 1, NULL, NULL),
	(360, '70153', 'งบจังหวัดลำปาง\r', NULL, NULL, NULL, 1, NULL, NULL),
	(361, '70154', 'งบจังหวัดลำพูน\r', NULL, NULL, NULL, 1, NULL, NULL),
	(362, '70160', 'กลุ่มจังหวัดภาคเหนือตอนบน 2\r', NULL, NULL, NULL, 1, NULL, NULL),
	(363, '70161', 'งบจังหวัดน่าน\r', NULL, NULL, NULL, 1, NULL, NULL),
	(364, '70162', 'งบจังหวัดพะเยา\r', NULL, NULL, NULL, 1, NULL, NULL),
	(365, '70163', 'งบจังหวัดเชียงราย\r', NULL, NULL, NULL, 1, NULL, NULL),
	(366, '70164', 'งบจังหวัดแพร่\r', NULL, NULL, NULL, 1, NULL, NULL),
	(367, '70170', 'กลุ่มจังหวัดภาคเหนือตอนล่าง 1\r', NULL, NULL, NULL, 1, NULL, NULL),
	(368, '70171', 'งบจังหวัดตาก\r', NULL, NULL, NULL, 1, NULL, NULL),
	(369, '70172', 'งบจังหวัดพิษณุโลก\r', NULL, NULL, NULL, 1, NULL, NULL),
	(370, '70173', 'งบจังหวัดสุโขทัย\r', NULL, NULL, NULL, 1, NULL, NULL),
	(371, '70174', 'งบจังหวัดเพชรบูรณ์\r', NULL, NULL, NULL, 1, NULL, NULL),
	(372, '70175', 'งบจังหวัดอุตรดิตถ์\r', NULL, NULL, NULL, 1, NULL, NULL),
	(373, '70180', 'กลุ่มจังหวัดภาคเหนือตอนล่าง 2\r', NULL, NULL, NULL, 1, NULL, NULL),
	(374, '70181', 'งบจังหวัดกำแพงเพชร\r', NULL, NULL, NULL, 1, NULL, NULL),
	(375, '70182', 'งบจังหวัดพิจิตร\r', NULL, NULL, NULL, 1, NULL, NULL),
	(376, '70183', 'งบจังหวัดนครสวรรค์\r', NULL, NULL, NULL, 1, NULL, NULL),
	(377, '70184', 'งบจังหวัดอุทัยธานี\r', NULL, NULL, NULL, 1, NULL, NULL),
	(378, '70190', 'กลุ่มจังหวัดภาคกลางปริมณฑล\r', NULL, NULL, NULL, 1, NULL, NULL),
	(379, '70200', 'กลุ่มจังหวัดภาคกลางตอนบน\r', NULL, NULL, NULL, 1, NULL, NULL),
	(380, '70210', 'กลุ่มจังหวัดภาคกลางตอนล่าง 1\r', NULL, NULL, NULL, 1, NULL, NULL),
	(381, '70220', 'กลุ่มจังหวัดภาคใต้ฝั่งอ่าวไทย\r', NULL, NULL, NULL, 1, NULL, NULL),
	(382, '70230', 'กลุ่มจังหวัดภาคใต้ฝั่งอันดามัน\r', NULL, NULL, NULL, 1, NULL, NULL),
	(383, '70240', 'กลุ่มจังหวัดภาคใต้ชายแดน\r', NULL, NULL, NULL, 1, NULL, NULL),
	(384, '70250', 'กลุ่มจังหวัดภาคตะวันออก 1\r', NULL, NULL, NULL, 1, NULL, NULL),
	(385, '70260', 'กลุ่มจังหวัดภาคตะวันออก 2\r', NULL, NULL, NULL, 1, NULL, NULL),
	(386, '75002', 'กรุงเทพมหานคร\r', NULL, NULL, NULL, 1, NULL, NULL),
	(387, '75003', 'เมืองพัทยา\r', NULL, NULL, NULL, 1, NULL, NULL);
/*!40000 ALTER TABLE `1_offices` ENABLE KEYS */;

-- Dumping structure for table refund2.2_refunds
CREATE TABLE IF NOT EXISTS `2_refunds` (
  `id` int(10) unsigned NOT NULL AUTO_INCREMENT,
  `office_id` int(10) unsigned NOT NULL,
  `approve_code` varchar(191) COLLATE utf8mb4_unicode_ci NOT NULL,
  `create_date` date NOT NULL,
  `sent_date` date DEFAULT NULL,
  `consider_date` date DEFAULT NULL,
  `consider_by` varchar(50) COLLATE utf8mb4_unicode_ci DEFAULT NULL,
  `return_date` date DEFAULT NULL,
  `return_by` varchar(50) COLLATE utf8mb4_unicode_ci DEFAULT NULL,
  `return_description` text COLLATE utf8mb4_unicode_ci,
  `draft_date` date DEFAULT NULL,
  `draft_by` varchar(50) COLLATE utf8mb4_unicode_ci DEFAULT NULL,
  `draft_description` text COLLATE utf8mb4_unicode_ci,
  `director_date` date DEFAULT NULL,
  `director_by` varchar(50) COLLATE utf8mb4_unicode_ci DEFAULT NULL,
  `director_description` text COLLATE utf8mb4_unicode_ci,
  `discuss_date` date DEFAULT NULL,
  `discuss_by` varchar(50) COLLATE utf8mb4_unicode_ci DEFAULT NULL,
  `discuss_description` text COLLATE utf8mb4_unicode_ci,
  `complete_date` date DEFAULT NULL,
  `complete_by` varchar(50) COLLATE utf8mb4_unicode_ci DEFAULT NULL,
  `complete_description` text COLLATE utf8mb4_unicode_ci,
  `status` tinyint(4) DEFAULT NULL,
  `created_at` timestamp NULL DEFAULT NULL,
  `updated_at` timestamp NULL DEFAULT NULL,
  PRIMARY KEY (`id`),
  UNIQUE KEY `2_refunds_id_unique` (`id`),
  KEY `2_refunds_office_id_index` (`office_id`),
  CONSTRAINT `2_refunds_office_id_foreign` FOREIGN KEY (`office_id`) REFERENCES `1_offices` (`id`) ON DELETE CASCADE
) ENGINE=InnoDB AUTO_INCREMENT=10 DEFAULT CHARSET=utf8mb4 COLLATE=utf8mb4_unicode_ci;

-- Dumping data for table refund2.2_refunds: ~3 rows (approximately)
/*!40000 ALTER TABLE `2_refunds` DISABLE KEYS */;
REPLACE INTO `2_refunds` (`id`, `office_id`, `approve_code`, `create_date`, `sent_date`, `consider_date`, `consider_by`, `return_date`, `return_by`, `return_description`, `draft_date`, `draft_by`, `draft_description`, `director_date`, `director_by`, `director_description`, `discuss_date`, `discuss_by`, `discuss_description`, `complete_date`, `complete_by`, `complete_description`, `status`, `created_at`, `updated_at`) VALUES
	(4, 2, '64-0002', '2020-06-26', '2021-03-29', '2021-03-29', 'admin', '2021-03-29', 'admin', 'dsasda', NULL, 'admin', NULL, NULL, 'admin', NULL, NULL, NULL, NULL, NULL, 'admin', NULL, 9, '2020-06-26 01:55:01', '2021-03-29 15:18:59'),
	(6, 2, '64-0001', '2021-03-24', '2021-03-24', '2021-03-24', 'admin', '2021-03-25', 'admin', 'คืน', '2021-03-27', 'admin', 'dasda', '2021-03-25', 'admin', 'sadasd', '2021-03-25', 'admin', 'dsad', NULL, NULL, NULL, 8, '2021-03-24 07:02:07', '2021-03-25 13:47:57'),
	(7, 3, '64-0003', '2021-03-26', NULL, NULL, NULL, NULL, NULL, NULL, NULL, NULL, NULL, NULL, NULL, NULL, NULL, NULL, NULL, NULL, NULL, NULL, 7, '2021-03-26 09:13:50', '2021-03-26 09:15:28'),
	(8, 2, '64-0004', '2021-03-29', NULL, NULL, NULL, NULL, NULL, NULL, NULL, NULL, NULL, NULL, NULL, NULL, NULL, NULL, NULL, NULL, NULL, NULL, 7, '2021-03-29 09:25:29', '2021-05-03 11:09:18'),
	(9, 2, '64-0005', '2021-05-03', NULL, NULL, NULL, NULL, NULL, NULL, NULL, NULL, NULL, NULL, NULL, NULL, NULL, NULL, NULL, NULL, NULL, NULL, 7, '2021-05-03 14:35:55', '2021-05-03 15:15:24');
/*!40000 ALTER TABLE `2_refunds` ENABLE KEYS */;

-- Dumping structure for table refund2.3_contracts
CREATE TABLE IF NOT EXISTS `3_contracts` (
  `id` int(10) unsigned NOT NULL AUTO_INCREMENT,
  `refund_id` int(10) unsigned NOT NULL,
  `contract_party` varchar(191) COLLATE utf8mb4_unicode_ci NOT NULL,
  `contract_no` varchar(191) COLLATE utf8mb4_unicode_ci NOT NULL,
  `contract_date` date DEFAULT NULL,
  `budget` decimal(15,2) DEFAULT NULL,
  `penalty_type` tinyint(4) DEFAULT '1',
  `penalty_per_day` decimal(10,2) DEFAULT NULL,
  `penalty_per_day_percent` decimal(3,2) DEFAULT NULL,
  `contract_start` date DEFAULT NULL,
  `contract_end` date DEFAULT NULL,
  `created_at` timestamp NULL DEFAULT NULL,
  `updated_at` timestamp NULL DEFAULT NULL,
  PRIMARY KEY (`id`),
  KEY `3_contracts_refund_id_index` (`refund_id`),
  CONSTRAINT `3_contracts_refund_id_foreign` FOREIGN KEY (`refund_id`) REFERENCES `2_refunds` (`id`) ON DELETE CASCADE
) ENGINE=InnoDB AUTO_INCREMENT=10 DEFAULT CHARSET=utf8mb4 COLLATE=utf8mb4_unicode_ci;

-- Dumping data for table refund2.3_contracts: ~1 rows (approximately)
/*!40000 ALTER TABLE `3_contracts` DISABLE KEYS */;
REPLACE INTO `3_contracts` (`id`, `refund_id`, `contract_party`, `contract_no`, `contract_date`, `budget`, `penalty_type`, `penalty_per_day`, `penalty_per_day_percent`, `contract_start`, `contract_end`, `created_at`, `updated_at`) VALUES
	(4, 4, 'บริษัท ทดสอบ จำกัด', '1/2563', '2013-05-01', 1000000.00, 1, 1200.00, NULL, '2013-05-01', '2013-06-30', '2020-06-26 01:55:15', '2020-06-26 02:05:58'),
	(6, 6, 'aaaaaa', '16/2556', '2021-03-01', 10000.00, 1, 111.00, NULL, '2021-03-01', '2021-03-31', '2021-03-24 07:02:15', '2021-03-24 07:02:54'),
	(7, 7, 'aaaaaaaa', '16/2556', '2021-03-01', 10000.00, 1, 111.00, NULL, '2021-03-01', '2021-03-31', '2021-03-26 09:13:59', '2021-03-26 09:14:43'),
	(8, 8, 'บริษัท ABC จำกัด', '111/2564', '2021-03-01', 10000.00, 1, 111.00, NULL, '2021-03-01', '2021-03-31', '2021-03-29 09:25:52', '2021-03-29 09:34:15'),
	(9, 9, 'บริษัท ABC จำกัด', '16/2556', '2021-05-03', 10000.00, 1, 111.00, NULL, '2021-05-01', '2021-05-31', '2021-05-03 14:36:03', '2021-05-03 14:36:51');
/*!40000 ALTER TABLE `3_contracts` ENABLE KEYS */;

-- Dumping structure for table refund2.4_contract_budget_edits
CREATE TABLE IF NOT EXISTS `4_contract_budget_edits` (
  `id` int(10) unsigned NOT NULL AUTO_INCREMENT,
  `refund_id` int(10) unsigned NOT NULL,
  `budget_new` decimal(15,2) NOT NULL,
  `penalty_new` decimal(10,2) NOT NULL,
  `contract_edit_date` date NOT NULL,
  `created_at` timestamp NULL DEFAULT NULL,
  `updated_at` timestamp NULL DEFAULT NULL,
  PRIMARY KEY (`id`),
  KEY `4_contract_budget_edits_refund_id_index` (`refund_id`),
  CONSTRAINT `4_contract_budget_edits_refund_id_foreign` FOREIGN KEY (`refund_id`) REFERENCES `2_refunds` (`id`) ON DELETE CASCADE
) ENGINE=InnoDB AUTO_INCREMENT=3 DEFAULT CHARSET=utf8mb4 COLLATE=utf8mb4_unicode_ci;

-- Dumping data for table refund2.4_contract_budget_edits: ~1 rows (approximately)
/*!40000 ALTER TABLE `4_contract_budget_edits` DISABLE KEYS */;
REPLACE INTO `4_contract_budget_edits` (`id`, `refund_id`, `budget_new`, `penalty_new`, `contract_edit_date`, `created_at`, `updated_at`) VALUES
	(2, 4, 1200000.00, 1400.00, '2013-05-13', '2020-06-26 02:06:38', '2020-06-26 02:06:38');
/*!40000 ALTER TABLE `4_contract_budget_edits` ENABLE KEYS */;

-- Dumping structure for table refund2.5_contract_time_edits
CREATE TABLE IF NOT EXISTS `5_contract_time_edits` (
  `id` int(10) unsigned NOT NULL AUTO_INCREMENT,
  `refund_id` int(10) unsigned NOT NULL,
  `approve_date` date NOT NULL,
  `edit_type` varchar(191) COLLATE utf8mb4_unicode_ci NOT NULL,
  `edit_detail` varchar(191) COLLATE utf8mb4_unicode_ci DEFAULT NULL,
  `edit_days` int(11) DEFAULT NULL,
  `edit_start_date` date DEFAULT NULL,
  `edit_end_date` date DEFAULT NULL,
  `edit_budget` decimal(15,2) DEFAULT NULL,
  `approve_type` varchar(191) COLLATE utf8mb4_unicode_ci NOT NULL,
  `approve_other_desc` varchar(200) COLLATE utf8mb4_unicode_ci DEFAULT NULL,
  `approve_other_type` tinyint(4) DEFAULT NULL,
  `approve_case` varchar(191) COLLATE utf8mb4_unicode_ci DEFAULT NULL,
  `problem_end_date` date DEFAULT NULL,
  `book_date` date DEFAULT NULL,
  `created_at` timestamp NULL DEFAULT NULL,
  `updated_at` timestamp NULL DEFAULT NULL,
  PRIMARY KEY (`id`),
  KEY `5_contract_time_edits_refund_id_index` (`refund_id`),
  CONSTRAINT `5_contract_time_edits_refund_id_foreign` FOREIGN KEY (`refund_id`) REFERENCES `2_refunds` (`id`) ON DELETE CASCADE
) ENGINE=InnoDB AUTO_INCREMENT=7 DEFAULT CHARSET=utf8mb4 COLLATE=utf8mb4_unicode_ci;

-- Dumping data for table refund2.5_contract_time_edits: ~2 rows (approximately)
/*!40000 ALTER TABLE `5_contract_time_edits` DISABLE KEYS */;
REPLACE INTO `5_contract_time_edits` (`id`, `refund_id`, `approve_date`, `edit_type`, `edit_detail`, `edit_days`, `edit_start_date`, `edit_end_date`, `edit_budget`, `approve_type`, `approve_other_desc`, `approve_other_type`, `approve_case`, `problem_end_date`, `book_date`, `created_at`, `updated_at`) VALUES
	(5, 4, '2013-05-20', '1', '-', 31, '2013-07-01', '2013-07-31', NULL, '22', NULL, NULL, 'อุทกภัย', '2013-05-07', '2013-05-10', '2020-06-26 02:14:15', '2020-06-26 02:14:15'),
	(6, 8, '2021-05-01', '1', '-', 30, '2021-04-01', '2021-04-30', NULL, '11', NULL, NULL, NULL, NULL, NULL, '2021-05-03 11:07:44', '2021-05-03 11:07:44');
/*!40000 ALTER TABLE `5_contract_time_edits` ENABLE KEYS */;

-- Dumping structure for table refund2.6_delivers
CREATE TABLE IF NOT EXISTS `6_delivers` (
  `id` int(10) unsigned NOT NULL AUTO_INCREMENT,
  `refund_id` int(10) unsigned NOT NULL,
  `delivery` varchar(150) COLLATE utf8mb4_unicode_ci NOT NULL,
  `detail` text COLLATE utf8mb4_unicode_ci,
  `delivery_date` date DEFAULT NULL,
  `overdue_start_date` date DEFAULT NULL,
  `overdue_end_date` date DEFAULT NULL,
  `overdue_days` int(11) DEFAULT NULL,
  `penalty` double(15,2) DEFAULT NULL,
  `penalty_accept` double(15,2) DEFAULT NULL,
  `created_at` timestamp NULL DEFAULT NULL,
  `updated_at` timestamp NULL DEFAULT NULL,
  PRIMARY KEY (`id`),
  KEY `6_delivers_refund_id_index` (`refund_id`),
  CONSTRAINT `6_delivers_refund_id_foreign` FOREIGN KEY (`refund_id`) REFERENCES `2_refunds` (`id`) ON DELETE CASCADE
) ENGINE=InnoDB AUTO_INCREMENT=11 DEFAULT CHARSET=utf8mb4 COLLATE=utf8mb4_unicode_ci;

-- Dumping data for table refund2.6_delivers: ~2 rows (approximately)
/*!40000 ALTER TABLE `6_delivers` DISABLE KEYS */;
REPLACE INTO `6_delivers` (`id`, `refund_id`, `delivery`, `detail`, `delivery_date`, `overdue_start_date`, `overdue_end_date`, `overdue_days`, `penalty`, `penalty_accept`, `created_at`, `updated_at`) VALUES
	(5, 4, 'งวดที่ 1/ครั้งที่ 1', 'เกินกำหนด 10 วัน', '2013-05-31', '2013-05-22', '2013-05-31', 10, 14000.00, NULL, '2020-06-26 02:19:06', '2020-06-26 02:19:06'),
	(7, 6, 'งวดที่ 1/ครั้งที่ 1', 'ตรวจรับงานเฉพาะงวดที่ 2', '2021-03-10', NULL, NULL, NULL, NULL, NULL, '2021-03-24 07:03:05', '2021-03-24 07:03:05'),
	(8, 7, 'งวดที่ 1/ครั้งที่ 1', 'ตรวจรับงานเฉพาะงวดที่ 2', '2021-03-01', NULL, NULL, NULL, NULL, NULL, '2021-03-26 09:14:56', '2021-03-26 09:14:56'),
	(9, 8, 'งวดที่ 1/ครั้งที่ 1', 'ตรวจรับงานเฉพาะงวดที่ 2', '2021-03-17', '2021-03-10', '2021-03-17', 8, 1000.00, 1000.00, '2021-05-03 11:08:44', '2021-05-03 11:08:44'),
	(10, 9, 'งวดที่ 1/ครั้งที่ 1', 'ตรวจรับงานเฉพาะงวดที่ 2', '2021-05-12', '2021-05-04', '2021-05-12', 9, 1000.00, 1000.00, '2021-05-03 14:37:21', '2021-05-03 14:37:21');
/*!40000 ALTER TABLE `6_delivers` ENABLE KEYS */;

-- Dumping structure for table refund2.7_deposit_penalties
CREATE TABLE IF NOT EXISTS `7_deposit_penalties` (
  `id` int(10) unsigned NOT NULL AUTO_INCREMENT,
  `refund_id` int(10) unsigned NOT NULL,
  `deposit_no` varchar(191) COLLATE utf8mb4_unicode_ci NOT NULL,
  `deposit_date` date NOT NULL,
  `amount` double NOT NULL,
  `amount_in_contract` double DEFAULT NULL,
  `description` varchar(191) COLLATE utf8mb4_unicode_ci DEFAULT NULL,
  `created_at` timestamp NULL DEFAULT NULL,
  `updated_at` timestamp NULL DEFAULT NULL,
  PRIMARY KEY (`id`),
  KEY `7_deposit_penalties_refund_id_index` (`refund_id`),
  CONSTRAINT `7_deposit_penalties_refund_id_foreign` FOREIGN KEY (`refund_id`) REFERENCES `2_refunds` (`id`) ON DELETE CASCADE
) ENGINE=InnoDB AUTO_INCREMENT=10 DEFAULT CHARSET=utf8mb4 COLLATE=utf8mb4_unicode_ci;

-- Dumping data for table refund2.7_deposit_penalties: ~2 rows (approximately)
/*!40000 ALTER TABLE `7_deposit_penalties` DISABLE KEYS */;
REPLACE INTO `7_deposit_penalties` (`id`, `refund_id`, `deposit_no`, `deposit_date`, `amount`, `amount_in_contract`, `description`, `created_at`, `updated_at`) VALUES
	(4, 4, '1200001234', '2013-06-03', 14000, 14000, 'งวดที่1/ครั้งที่1', '2020-06-26 02:21:54', '2020-06-26 02:21:54'),
	(6, 6, '3201512315', '2021-03-18', 100, 100, '1/2563', '2021-03-24 07:03:19', '2021-03-24 07:03:19'),
	(7, 7, '3201512315', '2021-03-03', 100, 100, '1/2563', '2021-03-26 09:15:10', '2021-03-26 09:15:10'),
	(8, 8, '3201512315', '2021-03-24', 1000, 1000, '1/2563', '2021-05-03 11:09:06', '2021-05-03 11:09:06'),
	(9, 9, '3201512315', '2021-05-19', 100, 100, '1/2563', '2021-05-03 14:37:34', '2021-05-03 14:37:34');
/*!40000 ALTER TABLE `7_deposit_penalties` ENABLE KEYS */;

-- Dumping structure for table refund2.8_approve_refunds
CREATE TABLE IF NOT EXISTS `8_approve_refunds` (
  `id` int(10) unsigned NOT NULL AUTO_INCREMENT,
  `refund_id` int(10) unsigned NOT NULL,
  `receive_date` date DEFAULT NULL,
  `refund_days` int(11) NOT NULL,
  `refund_money` double(15,2) DEFAULT NULL,
  `refund_amount` double(15,2) NOT NULL,
  `approve_amount` double(15,2) NOT NULL,
  `created_at` timestamp NULL DEFAULT NULL,
  `updated_at` timestamp NULL DEFAULT NULL,
  `start_date` date DEFAULT NULL,
  `end_date` date DEFAULT NULL,
  PRIMARY KEY (`id`),
  UNIQUE KEY `8_approve_refunds_refund_id_unique` (`refund_id`),
  CONSTRAINT `8_approve_refunds_refund_id_foreign` FOREIGN KEY (`refund_id`) REFERENCES `2_refunds` (`id`) ON DELETE CASCADE
) ENGINE=InnoDB AUTO_INCREMENT=15 DEFAULT CHARSET=utf8mb4 COLLATE=utf8mb4_unicode_ci;

-- Dumping data for table refund2.8_approve_refunds: ~4 rows (approximately)
/*!40000 ALTER TABLE `8_approve_refunds` DISABLE KEYS */;
REPLACE INTO `8_approve_refunds` (`id`, `refund_id`, `receive_date`, `refund_days`, `refund_money`, `refund_amount`, `approve_amount`, `created_at`, `updated_at`, `start_date`, `end_date`) VALUES
	(8, 6, '2021-03-25', 10, 10.00, 10.00, 10.00, '2021-03-24 07:03:39', '2021-03-24 07:03:39', NULL, NULL),
	(10, 4, NULL, 10, 10.00, 10.00, 10.00, '2021-03-25 15:20:34', '2021-03-25 15:20:34', NULL, NULL),
	(11, 7, NULL, 2, 2.00, 100.00, 100.00, '2021-03-26 09:15:28', '2021-03-26 09:15:28', NULL, NULL),
	(12, 8, NULL, 14, 10.00, 1000.00, 1000.00, '2021-05-03 11:09:18', '2021-05-03 15:25:26', '2021-05-01', '2021-05-14'),
	(13, 9, NULL, 18, 19.00, 10.00, 10.00, '2021-05-03 15:15:24', '2021-05-03 15:24:56', '2021-05-03', '2021-05-20');
/*!40000 ALTER TABLE `8_approve_refunds` ENABLE KEYS */;

-- Dumping structure for table refund2.9_forms
CREATE TABLE IF NOT EXISTS `9_forms` (
  `id` int(10) unsigned NOT NULL AUTO_INCREMENT,
  `name1` varchar(191) COLLATE utf8mb4_unicode_ci NOT NULL,
  `name2` varchar(191) COLLATE utf8mb4_unicode_ci NOT NULL,
  `name3` varchar(191) COLLATE utf8mb4_unicode_ci NOT NULL,
  `type` tinyint(4) DEFAULT NULL,
  `minutes_date` date DEFAULT NULL,
  `book_no` varchar(191) COLLATE utf8mb4_unicode_ci DEFAULT NULL,
  `book_date` date DEFAULT NULL,
  `order` tinyint(4) NOT NULL,
  `create_by` varchar(191) COLLATE utf8mb4_unicode_ci NOT NULL,
  `status` tinyint(4) NOT NULL,
  `created_at` timestamp NULL DEFAULT NULL,
  `updated_at` timestamp NULL DEFAULT NULL,
  PRIMARY KEY (`id`)
) ENGINE=InnoDB AUTO_INCREMENT=45 DEFAULT CHARSET=utf8mb4 COLLATE=utf8mb4_unicode_ci;

-- Dumping data for table refund2.9_forms: ~11 rows (approximately)
/*!40000 ALTER TABLE `9_forms` DISABLE KEYS */;
REPLACE INTO `9_forms` (`id`, `name1`, `name2`, `name3`, `type`, `minutes_date`, `book_no`, `book_date`, `order`, `create_by`, `status`, `created_at`, `updated_at`) VALUES
	(31, 'แบบถอนคืนเงินรายได้แผ่นดิน ตามมติคณะรัฐมนตรี', 'แจ้งตามหนังสือสำนักเลขาธิการคณะรัฐมนตรี', 'แบบถอนคืนตาม ว 399 ทางตรง', 1, '2017-08-08', 'ด่วนที่สุด ที่ นร 0505/ว 399', '2017-08-10', 8, 'Songwut', 1, '2020-01-06 04:24:04', '2020-06-15 04:38:53'),
	(32, 'แบบถอนคืนเงินรายได้แผ่นดิน ตามมติคณะรัฐมนตรี', 'แจ้งตามหนังสือสำนักเลขาธิการคณะรัฐมนตรี', 'แบบถอนคืนตาม ว 272 กรณี 3', 1, '2016-09-06', 'ด่วนที่สุด ที่ นร 0505/ว 272', '2016-09-07', 7, 'Songwut', 1, '2020-01-06 07:33:01', '2020-06-15 04:38:19'),
	(33, 'แบบถอนคืนเงินรายได้แผ่นดิน ตามมติคณะรัฐมนตรี', 'แจ้งตามหนังสือสำนักเลขาธิการคณะรัฐมนตรี', 'แบบถอนคืนตาม ว 165', 1, '2019-04-24', 'ด่วนที่สุด ที่ นร 0505/ว 165', '2019-04-26', 10, 'Songwut', 1, '2020-01-08 03:11:53', '2020-06-15 04:40:15'),
	(34, 'แบบถอนคืนเงินรายได้แผ่นดิน ตาม พรบ.การจัดซื้อจัดจ้างและบริหารพัสดุภาครัฐ พ.ศ. 2560', 'หรือระเบียบ ข้อบังคับ ข้อบัญญัติ ว่าด้วยการพัสดุของหน่วยงานนั้น ๆ', 'แบบถอนคืนตาม พรบ.จัดซื้อจัดจ้าง 2560 หรือระเบียบพัสดุ', 2, NULL, NULL, NULL, 1, 'Songwut', 1, '2020-03-03 07:03:48', '2020-06-12 08:16:37'),
	(37, 'แบบถอนคืนเงินรายได้แผ่นดิน ตามมติคณะรัฐมนตรี', 'แจ้งตามหนังสือสำนักเลขาธิการคณะรัฐมนตรี', 'แบบถอนคืนตาม ว 399 ทางอ้อม', 1, '2017-08-08', 'ด่วนที่สุด ที่ นร 0505/ว 399', '2017-08-10', 9, 'Songwut', 1, '2020-05-13 08:23:54', '2020-06-15 04:39:37'),
	(38, 'แบบถอนคืนเงินรายได้แผ่นดิน ตามมติคณะรัฐมนตรี', 'แจ้งตามหนังสือสำนักเลขาธิการคณะรัฐมนตรี', 'แบบถอนคืนตาม ว 208', 1, '2013-11-25', 'ด่วนที่สุด ที่ นร 0506/ว 208', '2013-11-27', 4, 'Songwut', 1, '2020-05-14 06:45:26', '2020-06-15 04:36:15'),
	(39, 'แบบถอนคืนเงินรายได้แผ่นดิน ตามมติคณะรัฐมนตรี', 'แจ้งตามหนังสือสำนักเลขาธิการคณะรัฐมนตรี', 'แบบถอนคืนตาม ว 272 กรณี 1', 1, '2016-09-06', 'ด่วนที่สุด ที่ นร 0505/ว 272', '2016-09-07', 6, 'Songwut', 1, '2020-05-19 07:59:41', '2020-06-15 04:37:43'),
	(40, 'แบบถอนคืนเงินรายได้แผ่นดิน ตามมติคณะรัฐมนตรี', 'แจ้งตามหนังสือสำนักเลขาธิการคณะรัฐมนตรี', 'แบบถอนคืนตาม ว 72 ทั่วประเทศ', 1, '2012-03-06', 'ด่วนที่สุด ที่ นร 0506/ว 72', '2012-03-08', 2, 'Songwut', 1, '2020-05-25 06:59:32', '2020-06-15 04:34:36'),
	(41, 'แบบถอนคืนเงินรายได้แผ่นดิน ตามมติคณะรัฐมนตรี', 'แจ้งตามหนังสือสำนักเลขาธิการคณะรัฐมนตรี', 'แบบถอนคืนตาม ว 72 ภาคใต้ 10 จังหวัด', 1, '2012-03-06', 'ด่วนที่สุด ที่ นร 0506/ว 72', '2012-03-08', 3, 'Songwut', 1, '2020-05-26 05:56:42', '2020-06-15 04:35:23'),
	(42, 'แบบถอนคืนเงินรายได้แผ่นดิน ตามมติคณะรัฐมนตรี', 'แจ้งตามหนังสือสำนักเลขาธิการคณะรัฐมนตรี', 'แบบถอนคืนตาม ว 141', 1, '2014-11-18', 'ด่วนที่สุด ที่ นร 0506/ว 141', '2014-11-27', 5, 'Songwut', 1, '2020-06-04 06:55:32', '2020-06-15 04:37:03'),
	(43, 'แบบถอนคืนเงินรายได้แผ่นดิน กรณีเหตุการณ์ความไม่สงบทางการเมือง', 'แจ้งตามหนังสือคณะกรรมการว่าด้วยการพัสดุ ด่วนที่สุด ที่ กค (กวพ) 0421.3/ว 168 ลงวันที่ 7 พฤษภาคม 2558 และ ด่วนที่สุด ที่ กค (กวพ) 0421.3/ว 291 ลงวันที่ 20 สิงหาคม 2558', 'แบบถอนคืนตาม ว 168/ว 291', 3, NULL, NULL, NULL, 11, 'Songwut', 1, '2020-06-05 04:01:16', '2020-06-05 04:01:16'),
	(44, 'แบบการถอนคืนเงินรายได้แผ่นดิน ตามมติคณะรัฐมนตรี', 'แจ้งตามหนังสือสำนักเลขาธิการคณะรัฐมนตรี', 'แบบถอนคืนตาม ทดสอบ', 1, '2020-06-23', 'ด่วนที่สุด ที่ นร 0505/ว 399', '2020-06-23', 12, 'admin', 1, '2020-06-23 04:52:38', '2020-06-24 04:14:37');
/*!40000 ALTER TABLE `9_forms` ENABLE KEYS */;

-- Dumping structure for table refund2.gfmis
CREATE TABLE IF NOT EXISTS `gfmis` (
  `code` varchar(5) DEFAULT NULL,
  `name` varchar(200) DEFAULT NULL
) ENGINE=InnoDB DEFAULT CHARSET=utf8;

-- Dumping data for table refund2.gfmis: ~387 rows (approximately)
/*!40000 ALTER TABLE `gfmis` DISABLE KEYS */;
REPLACE INTO `gfmis` (`code`, `name`) VALUES
	('1', 'หน่วยงานทดสอบ 1'),
	('2', 'หน่วยงานทดสอบ 2'),
	('3', 'หน่วยงานทดสอบ 3'),
	('01001', 'สำนักงานปลัดสำนักนายกรัฐมนตรี\r'),
	('01002', 'กรมประชาสัมพันธ์\r'),
	('01003', 'สำนักงานคณะกรรมการคุ้มครองผู้บริโภค\r'),
	('01004', 'สำนักเลขาธิการนายกรัฐมนตรี\r'),
	('01005', 'สำนักเลขาธิการคณะรัฐมนตรี\r'),
	('01006', 'สำนักข่าวกรองแห่งชาติ\r'),
	('01007', 'สำนักงบประมาณ\r'),
	('01008', 'สำนักงานสภาความมั่นคงแห่งชาติ\r'),
	('01009', 'สำนักงานคณะกรรมการกฤษฎีกา\r'),
	('01011', 'สำนักงานคณะกรรมการข้าราชการพลเรือน\r'),
	('01012', 'สำนักงานสภาพัฒนาการเศรษฐกิจเเละสังคมเเห่งชาติ\r'),
	('01019', 'กองอำนวยการรักษาความมั่นคงภายใน(กอ.รมน.)\r'),
	('01021', 'สำนักงานคณะกรรมการพัฒนาระบบราชการ\r'),
	('01032', 'สำนักงานคณะกรรมการส่งเสริมการลงทุน\r'),
	('01035', 'สำนักงานทรัพยากรน้ำแห่งชาติ\r'),
	('01038', 'ศูนย์อำนวยการรักษาผลประโยชน์ของชาติทางทะเล\r'),
	('01041', 'สำนักงานขับเคลื่อนการปฏิรูปประเทศ ยุทธศาสตร์ชาติ เเละการสร้างความสามัคคีปรองดอง\r'),
	('02001', 'สำนักงานปลัดกระทรวงกลาโหม\r'),
	('02004', 'กองทัพบก\r'),
	('02005', 'กองทัพเรือ\r'),
	('02006', 'กองทัพอากาศ\r'),
	('02008', 'กองบัญชาการกองทัพไทย\r'),
	('03002', 'สำนักงานปลัดกระทรวงการคลัง\r'),
	('03003', 'กรมธนารักษ์\r'),
	('03004', 'กรมบัญชีกลาง\r'),
	('03005', 'กรมศุลกากร\r'),
	('03006', 'กรมสรรพสามิต\r'),
	('03007', 'กรมสรรพากร\r'),
	('03008', 'สำนักงานคณะกรรมการนโยบายรัฐวิสาหกิจ\r'),
	('03009', 'สำนักงานบริหารหนี้สาธารณะ\r'),
	('03011', 'สำนักงานเศรษฐกิจการคลัง\r'),
	('04002', 'สำนักงานปลัดกระทรวงการต่างประเทศ\r'),
	('05002', 'สำนักงานปลัดกระทรวงการท่องเที่ยวและกีฬา\r'),
	('05003', 'กรมพลศึกษา\r'),
	('05004', 'กรมการท่องเที่ยว\r'),
	('05006', 'มหาวิทยาลัยการกีฬาเเห่งชาติ\r'),
	('06002', 'สำนักงานปลัดกระทรวงการพัฒนาสังคม และความมั่นคงของมนุษย์\r'),
	('06003', 'กรมพัฒนาสังคมและสวัสดิการ\r'),
	('06004', 'กรมกิจการสตรีและสถาบันครอบครัว\r'),
	('06005', 'กรมกิจการเด็กและเยาวชน\r'),
	('06007', 'กรมส่งเสริมและพัฒนาคุณภาพชีวิตคนพิการ\r'),
	('06008', 'กรมกิจการผู้สูงอายุ\r'),
	('07002', 'สำนักงานปลัดกระทรวงเกษตรและสหกรณ์\r'),
	('07003', 'กรมชลประทาน\r'),
	('07004', 'กรมตรวจบัญชีสหกรณ์\r'),
	('07005', 'กรมประมง\r'),
	('07006', 'กรมปศุสัตว์\r'),
	('07008', 'กรมพัฒนาที่ดิน\r'),
	('07009', 'กรมวิชาการเกษตร\r'),
	('07011', 'กรมส่งเสริมการเกษตร\r'),
	('07012', 'กรมส่งเสริมสหกรณ์\r'),
	('07013', 'สำนักงานการปฏิรูปที่ดินเพื่อเกษตรกรรม\r'),
	('07014', 'สำนักงานมาตรฐานสินค้าเกษตรและอาหารแห่งชาติ\r'),
	('07015', 'สำนักงานเศรษฐกิจการเกษตร\r'),
	('07018', 'กรมการข้าว\r'),
	('07020', 'กรมหม่อนไหม\r'),
	('07021', 'กรมฝนหลวงและการบินเกษตร\r'),
	('08002', 'สำนักงานปลัดกระทรวงคมนาคม\r'),
	('08003', 'กรมเจ้าท่า\r'),
	('08004', 'กรมการขนส่งทางบก\r'),
	('08006', 'กรมทางหลวง\r'),
	('08007', 'กรมทางหลวงชนบท\r'),
	('08008', 'สำนักงานนโยบายและแผนการขนส่งและจราจร\r'),
	('08009', 'กรมท่าอากาศยาน\r'),
	('08011', 'สำนักงานการบินพลเรือน\r'),
	('08012', 'กรมการขนส่งทางราง\r'),
	('09002', 'สำนักงานปลัดกระทรวงทรัพยากรธรรมชาติและสิ่งแวดล้อม\r'),
	('09003', 'กรมควบคุมมลพิษ\r'),
	('09004', 'กรมทรัพยากรทางทะเลและชายฝั่ง\r'),
	('09005', 'กรมทรัพยากรธรณี\r'),
	('09006', 'กรมทรัพยากรน้ำ\r'),
	('09007', 'กรมทรัพยากรน้ำบาดาล\r'),
	('09008', 'กรมส่งเสริมคุณภาพสิ่งแวดล้อม\r'),
	('09009', 'กรมอุทยานแห่งชาติ สัตว์ป่า และพันธุ์พืช\r'),
	('09011', 'สำนักงานนโยบายและแผนทรัพยากรธรรมชาติและสิ่งแวดล้อม\r'),
	('09012', 'กรมป่าไม้\r'),
	('11002', 'สำนักงานปลัดกระทรวงดิจิทัลเพื่อเศรษฐกิจและสังคม\r'),
	('11004', 'กรมอุตุนิยมวิทยา\r'),
	('11005', 'สำนักงานสถิติแห่งชาติ\r'),
	('11009', 'สำนักงานคณะกรรมการดิจิทัลเพื่อเศรษฐกิจและสังคมแห่งชาติ\r'),
	('12002', 'สำนักงานปลัดกระทรวงพลังงาน\r'),
	('12003', 'กรมเชื้อเพลิงธรรมชาติ\r'),
	('12004', 'กรมธุรกิจพลังงาน\r'),
	('12005', 'กรมพัฒนาพลังงานทดแทนและอนุรักษ์พลังงาน\r'),
	('12006', 'สำนักงานนโยบายและแผนพลังงาน\r'),
	('13002', 'สำนักงานปลัดกระทรวงพาณิชย์\r'),
	('13003', 'กรมการค้าต่างประเทศ\r'),
	('13004', 'กรมการค้าภายใน\r'),
	('13006', 'กรมเจรจาการค้าระหว่างประเทศ\r'),
	('13007', 'กรมทรัพย์สินทางปัญญา\r'),
	('13008', 'กรมพัฒนาธุรกิจการค้า\r'),
	('13009', 'กรมส่งเสริมการค้าระหว่างประเทศ\r'),
	('13013', 'สำนักงานนโยบายและยุทธศาสตร์การค้า\r'),
	('15002', 'สำนักงานปลัดกระทรวงมหาดไทย\r'),
	('15003', 'กรมการปกครอง\r'),
	('15004', 'กรมการพัฒนาชุมชน\r'),
	('15005', 'กรมที่ดิน\r'),
	('15006', 'กรมป้องกันและบรรเทาสาธารณภัย\r'),
	('15007', 'กรมโยธาธิการและผังเมือง\r'),
	('15008', 'กรมส่งเสริมการปกครองส่วนท้องถิ่น\r'),
	('16002', 'สำนักงานปลัดกระทรวงยุติธรรม \r'),
	('16003', 'กรมคุมประพฤติ\r'),
	('16004', 'กรมคุ้มครองสิทธิและเสรีภาพ\r'),
	('16005', 'กรมบังคับคดี\r'),
	('16006', 'กรมพินิจและคุ้มครองเด็กและเยาวชน\r'),
	('16007', 'กรมราชทัณฑ์\r'),
	('16008', 'กรมสอบสวนคดีพิเศษ\r'),
	('16009', 'สำนักงานกิจการยุติธรรม\r'),
	('16010', 'สถาบันนิติวิทยาศาสตร์\r'),
	('16011', 'สำนักงานคณะกรรมการป้องกันและปราบปรามยาเสพติด\r'),
	('17002', 'สำนักงานปลัดกระทรวงแรงงาน\r'),
	('17003', 'กรมการจัดหางาน\r'),
	('17004', 'กรมพัฒนาฝีมือแรงงาน\r'),
	('17005', 'กรมสวัสดิการและคุ้มครองแรงงาน\r'),
	('17006', 'สำนักงานประกันสังคม\r'),
	('18002', 'สำนักงานปลัดกระทรวงวัฒนธรรม\r'),
	('18003', 'กรมการศาสนา\r'),
	('18004', 'กรมศิลปากร\r'),
	('18005', 'กรมส่งเสริมวัฒนธรรม\r'),
	('18006', 'สำนักงานศิลปวัฒนธรรมร่วมสมัย\r'),
	('18008', 'สถาบันบัณฑิตพัฒนศิลป์\r'),
	('20002', 'สำนักงานปลัดกระทรวงศึกษาธิการ\r'),
	('20003', 'สำนักงานเลขาธิการสภาการศึกษา\r'),
	('20004', 'สำนักงานคณะกรรมการการศึกษาขั้นพื้นฐาน \r'),
	('20006', 'สำนักงานคณะกรรมการการอาชีวศึกษา\r'),
	('21002', 'สำนักงานปลัดกระทรวงสาธารณสุข\r'),
	('21003', 'กรมการแพทย์\r'),
	('21004', 'กรมควบคุมโรค\r'),
	('21005', 'กรมการเเพทย์เเผนไทยเเละการเเพทย์ทางเลือก\r'),
	('21006', 'กรมวิทยาศาสตร์การแพทย์\r'),
	('21007', 'กรมสนับสนุนบริการสุขภาพ\r'),
	('21008', 'กรมสุขภาพจิต\r'),
	('21009', 'กรมอนามัย\r'),
	('21010', 'สำนักงานคณะกรรมการอาหารและยา\r'),
	('21017', 'สถาบันพระบรมราชชนก\r'),
	('22002', 'สำนักงานปลัดกระทรวงอุตสาหกรรม\r'),
	('22003', 'กรมโรงงานอุตสาหกรรม\r'),
	('22004', 'กรมส่งเสริมอุตสาหกรรม\r'),
	('22005', 'กรมอุตสาหกรรมพื้นฐานและการเหมืองแร่\r'),
	('22006', 'สำนักงานคณะกรรมการอ้อยและน้ำตาลทราย\r'),
	('22007', 'สำนักงานมาตรฐานผลิตภัณฑ์อุตสาหกรรม\r'),
	('22008', 'สำนักงานเศรษฐกิจอุตสาหกรรม\r'),
	('23002', 'สำนักงานปลัดกระทรวงการอุดมศึกษา วิทยาศาสตร์ วิจัยและนวัตกรรม\r'),
	('23003', 'กรมวิทยาศาสตร์บริการ\r'),
	('23004', 'สำนักงานคณะกรรมการวิจัยแห่งชาติ\r'),
	('23005', 'สำนักงานปรมาณูเพื่อสันติ\r'),
	('23006', 'มหาวิทยาลัยรามคำแหง\r'),
	('23007', 'มหาวิทยาลัยสุโขทัยธรรมาธิราช\r'),
	('23008', 'มหาวิทยาลัยนเรศวร\r'),
	('23009', 'มหาวิทยาลัยอุบลราชธานี\r'),
	('23010', 'มหาวิทยาลัยมหาสารคาม\r'),
	('23011', 'มหาวิทยาลัยกาฬสินธุ์\r'),
	('23012', 'สถาบันเทคโนโลยีปทุมวัน\r'),
	('23013', 'มหาวิทยาลัยนราธิวาสราชนครินทร์\r'),
	('23014', 'มหาวิทยาลัยนครพนม\r'),
	('23015', 'สถาบันวิทยาลัยชุมชน\r'),
	('23016', 'ม.ราชภัฏเชียงราย\r'),
	('23017', 'ม.ราชภัฏเชียงใหม่\r'),
	('23018', 'ม.ราชภัฏลำปาง\r'),
	('23019', 'มหาวิทยาลัยราชภัฏอุตรดิตถ์\r'),
	('23020', 'ม.ราชภัฏกำแพงเพชร\r'),
	('23021', 'ม.ราชภัฏนครสวรรค์\r'),
	('23022', 'ม.ราชภัฏพิบูลสงคราม\r'),
	('23023', 'มหาวิทยาลัยราชภัฏเพชรบูรณ์\r'),
	('23024', 'ม.ราชภัฏมหาสารคาม\r'),
	('23025', 'ม.ราชภัฏเลย\r'),
	('23026', 'ม.ราชภัฏสกลนคร\r'),
	('23027', 'ม.ราชภัฏอุดรธานี\r'),
	('23028', 'ม.ราชภัฏนครราชสีมา\r'),
	('23029', 'ม.ราชภัฏบุรีรัมย์\r'),
	('23030', 'ม.ราชภัฏสุรินทร์\r'),
	('23031', 'ม.ราชภัฏอุบลราชธานี\r'),
	('23032', 'มหาวิทยาลัยราชภัฏราชนครินทร์\r'),
	('23033', 'ม.ราชภัฏเทพสตรี\r'),
	('23034', 'มหาวิทยาลัยราชภัฏพระนครศรีอยุธยา\r'),
	('23035', 'ม.ราชภัฏวไลยอลงกรณ์\r'),
	('23036', 'ม.ราชภัฏรำไพพรรณี\r'),
	('23037', 'ม.ราชภัฏกาญจนบุรี\r'),
	('23038', 'ม.ราชภัฏนครปฐม\r'),
	('23039', 'ม.ราชภัฏเพชรบุรี\r'),
	('23040', 'มหาวิทยาลัยราชภัฏหมู่บ้านจอมบึง\r'),
	('23041', 'มหาวิทยาลัยราชภัฏนครศรีธรรมราช\r'),
	('23042', 'ม.ราชภัฏภูเก็ต\r'),
	('23043', 'ม.ราชภัฏยะลา\r'),
	('23044', 'ม.ราชภัฏสงขลา\r'),
	('23045', 'ม.ราชภัฏสุราษฎร์ธานี\r'),
	('23046', 'ม.ราชภัฏจันทรเกษม\r'),
	('23047', 'ม.ราชภัฏธนบุรี\r'),
	('23048', 'มหาวิทยาลัยราชภัฏบ้านสมเด็จเจ้าพระยา\r'),
	('23049', 'ม.ราชภัฏพระนคร\r'),
	('23050', 'ม.ราชภัฏสวนสุนันทา\r'),
	('23051', 'ม.ราชภัฏชัยภูมิ\r'),
	('23052', 'ม.ราชภัฏร้อยเอ็ด\r'),
	('23053', 'ม.ราชภัฏศรีสะเกษ\r'),
	('23054', 'มหาวิทยาลัยเทคโนโลยีราชมงคลธัญบุรี\r'),
	('23055', 'มหาวิทยาลัยเทคโนโลยีราชมงคลกรุงเทพ\r'),
	('23056', 'มหาวิทยาลัยเทคโนโลยีราชมงคลตะวันออก\r'),
	('23057', 'มหาวิทยาลัยเทคโนโลยีราชมงคลพระนคร\r'),
	('23058', 'มหาวิทยาลัยเทคโนโลยีราชมงคลรัตนโกสินทร์\r'),
	('23059', 'มหาวิทยาลัยเทคโนโลยีราชมงคลล้านนา\r'),
	('23060', 'มหาวิทยาลัยเทคโนโลยีราชมงคลศรีวิชัย\r'),
	('23061', 'มหาวิทยาลัยเทคโนโลยีราชมงคลสุวรรณภูมิ\r'),
	('23062', 'มหาวิทยาลัยเทคโนโลยีราชมงคลอีสาน \r'),
	('25003', 'สำนักงานพระพุทธศาสนาแห่งชาติ\r'),
	('25004', 'สำนักงานคณะกรรมการพิเศษเพื่อประสานงานโครงการอันเนื่องมาจากพระราชดำริ\r'),
	('25006', 'สำนักงานราชบัณฑิตยสภา\r'),
	('25007', 'สำนักงานตำรวจแห่งชาติ\r'),
	('25008', 'สำนักงานป้องกันและปราบปรามการฟอกเงิน\r'),
	('25016', 'ศูนย์อำนวยการบริหารจังหวัดชายแดนภาคใต้\r'),
	('25017', 'สำนักงานคณะกรรมการป้องกันและปราบปรามการทุจริตในภาครัฐ\r'),
	('27001', 'สำนักงานเลขาธิการวุฒิสภา\r'),
	('27002', 'สำนักงานเลขาธิการสภาผู้แทนราษฎร\r'),
	('27003', 'สถาบันพระปกเกล้า\r'),
	('28001', 'สำนักงานศาลรัฐธรรมนูญ\r'),
	('28002', 'สำนักงานศาลยุติธรรม\r'),
	('28003', 'สำนักงานศาลปกครอง\r'),
	('29001', 'สำนักงานคณะกรรมการการเลือกตั้ง\r'),
	('29002', 'สำนักงานผู้ตรวจการแผ่นดิน\r'),
	('29003', 'สำนักงานคณะกรรมการป้องกันและปราบปรามการทุจริตแห่งชาติ\r'),
	('29004', 'สำนักงานการตรวจเงินแผ่นดิน\r'),
	('29005', 'สำนักงานคณะกรรมการสิทธิมนุษยชนแห่งชาติ\r'),
	('29006', 'สำนักงานอัยการสูงสุด\r'),
	('29009', 'สำนักงานคณะกรรมการกิจการกระจายเสียง กิจการโทรทัศน์และกิจการโทรคมนาคมแห่งชาติ\r'),
	('50101', 'องค์การตลาดเพื่อเกษตรกร\r'),
	('50102', 'องค์การสวนยาง\r'),
	('50103', 'องค์การสะพานปลา\r'),
	('50104', 'องค์การส่งเสริมกิจการโคนม\r'),
	('50105', 'องค์การอุตสาหกรรมป่าไม้\r'),
	('50110', 'การยางแห่งประเทศไทย\r'),
	('50201', 'การนิคมอุตสาหกรรมแห่งประเทศไทย\r'),
	('50204', 'องค์การเภสัชกรรม\r'),
	('50205', 'องค์การสุรา\r'),
	('50206', 'โรงงานไพ่\r'),
	('50207', 'การยาสูบแห่งประเทศไทย\r'),
	('50208', 'โรงพิมพ์ตำรวจ\r'),
	('50301', 'การทางพิเศษแห่งประเทศไทย\r'),
	('50302', 'องค์การขนส่งมวลชนกรุงเทพ\r'),
	('50304', 'การท่าเรือแห่งประเทศไทย\r'),
	('50306', 'บมจ. ท่าอากาศยานไทย\r'),
	('50307', 'บมจ. การบินไทย\r'),
	('50309', 'บริษัท ท่าอากาศยานสากลกรุงเทพแห่งใหม่ จำกัด\r'),
	('50310', 'บริษัท วิทยุการบินแห่งประเทศไทย จำกัด\r'),
	('50311', 'สถาบันการบินพลเรือน\r'),
	('50312', 'การรถไฟแห่งประเทศไทย\r'),
	('50313', 'การรถไฟฟ้าขนส่งมวลชนแห่งประเทศไทย\r'),
	('50314', 'บริษัท ขนส่ง จำกัด\r'),
	('50315', 'บริษัท อู่กรุงเทพ จำกัด\r'),
	('50316', 'บริษัท กสท โทรคมนาคม จำกัด (มหาชน)\r'),
	('50317', 'บริษัท ทีโอที จำกัด (มหาชน)\r'),
	('50318', 'บริษัท อสมท จำกัด (มหาชน)\r'),
	('50319', 'บริษัท ไปรษณีย์ไทย จำกัด\r'),
	('50401', 'องค์การตลาด\r'),
	('50402', 'องค์การคลังสินค้า\r'),
	('50403', 'สำนักงานสลากกินแบ่งรัฐบาล\r'),
	('50404', 'การท่องเที่ยวแห่งประเทศไทย\r'),
	('50405', 'บริษัท สหโรงแรมไทยและการท่องเที่ยว จำกัด\r'),
	('50501', 'สถาบันวิจัยวิทยาศาสตร์และเทคโนโลยีแห่งประเทศไทย\r'),
	('50502', 'องค์การพิพิธภัณฑ์วิทยาศาสตร์แห่งชาติ\r'),
	('50503', 'องค์การสวนพฤกษศาสตร์\r'),
	('50504', 'การไฟฟ้าฝ่ายผลิตแห่งประเทศไทย\r'),
	('50505', 'การไฟฟ้านครหลวง\r'),
	('50506', 'การไฟฟ้าส่วนภูมิภาค\r'),
	('50507', 'บริษัท ปตท. จำกัด (มหาชน)\r'),
	('50510', 'องค์การจัดการน้ำเสีย\r'),
	('50601', 'การประปานครหลวง\r'),
	('50602', 'การประปาส่วนภูมิภาค\r'),
	('50603', 'การเคหะแห่งชาติ\r'),
	('50604', 'การกีฬาแห่งประเทศไทย\r'),
	('50605', 'องค์การสวนสัตว์\r'),
	('50606', 'สำนักงานธนานุเคราะห์\r'),
	('50701', 'ธนาคารแห่งประเทศไทย\r'),
	('50702', 'บมจ.ธนาคารกรุงไทย\r'),
	('50703', 'ธนาคารเพื่อการเกษตรและสหกรณ์การเกษตร\r'),
	('50704', 'ธนาคารออมสิน\r'),
	('50705', 'ธนาคารอาคารสงเคราะห์\r'),
	('50706', 'ธนาคารเพื่อการส่งออกและนำเข้าแห่งประเทศไทย\r'),
	('50708', 'ธนาคารพัฒนาวิสาหกิจขนาดกลางและขนาดย่อมแห่งประเทศไทย\r'),
	('50709', 'ธนาคารอิสลามแห่งประเทศไทย\r'),
	('50710', 'บริษัทตลาดรองสินเชื่อที่อยู่อาศัย\r'),
	('50713', 'บริษัทบริหารสินทรัพย์ ธนาคารอิสลามแห่งประเทศไทย จำกัด\r'),
	('70010', 'กลุ่มจังหวัดภาคกลางตอนบน 1\r'),
	('70011', 'งบจังหวัดนนทบุรี\r'),
	('70012', 'งบจังหวัดปทุมธานี\r'),
	('70013', 'งบจังหวัดพระนครศรีอยุธยา\r'),
	('70014', 'งบจังหวัดสระบุรี\r'),
	('70020', 'กลุ่มจังหวัดภาคกลางตอนบน 2\r'),
	('70021', 'งบจังหวัดชัยนาท\r'),
	('70022', 'งบจังหวัดลพบุรี\r'),
	('70023', 'งบจังหวัดสิงห์บุรี\r'),
	('70024', 'งบจังหวัดอ่างทอง\r'),
	('70030', 'กลุ่มจังหวัดภาคกลางตอนกลาง\r'),
	('70031', 'งบจังหวัดฉะเชิงเทรา\r'),
	('70032', 'งบจังหวัดปราจีนบุรี\r'),
	('70033', 'งบจังหวัดสระแก้ว\r'),
	('70034', 'งบจังหวัดนครนายก\r'),
	('70035', 'งบจังหวัดสมุทรปราการ\r'),
	('70040', 'กลุ่มจังหวัดภาคกลางตอนล่าง 1\r'),
	('70041', 'งบจังหวัดกาญจนบุรี\r'),
	('70042', 'งบจังหวัดนครปฐม\r'),
	('70043', 'งบจังหวัดราชบุรี\r'),
	('70044', 'งบจังหวัดสุพรรณบุรี\r'),
	('70050', 'กลุ่มจังหวัดภาคกลางตอนล่าง 2\r'),
	('70051', 'งบจังหวัดประจวบคีรีขันธ์\r'),
	('70052', 'งบจังหวัดเพชรบุรี\r'),
	('70053', 'งบจังหวัดสมุทรสาคร\r'),
	('70054', 'งบจังหวัดสมุทรสงคราม\r'),
	('70060', 'กลุ่มจังหวัดภาคใต้ฝั่งอ่าวไทย\r'),
	('70061', 'งบจังหวัดชุมพร\r'),
	('70062', 'งบจังหวัดสุราษฎร์ธานี\r'),
	('70063', 'งบจังหวัดนครศรีธรรมราช\r'),
	('70064', 'งบจังหวัดพัทลุง\r'),
	('70070', 'กลุ่มจังหวัดภาคใต้ฝั่งอันดามัน\r'),
	('70071', 'งบจังหวัดระนอง\r'),
	('70072', 'งบจังหวัดพังงา\r'),
	('70073', 'งบจังหวัดภูเก็ต\r'),
	('70074', 'งบจังหวัดกระบี่\r'),
	('70075', 'งบจังหวัดตรัง\r'),
	('70080', 'กลุ่มจังหวัดภาคใต้ชายแดน\r'),
	('70081', 'งบจังหวัดสงขลา\r'),
	('70082', 'งบจังหวัดสตูล\r'),
	('70083', 'งบจังหวัดปัตตานี\r'),
	('70084', 'งบจังหวัดยะลา\r'),
	('70085', 'งบจังหวัดนราธิวาส\r'),
	('70090', 'กลุ่มจังหวัดภาคตะวันออก\r'),
	('70091', 'งบจังหวัดจันทบุรี\r'),
	('70092', 'งบจังหวัดชลบุรี\r'),
	('70093', 'งบจังหวัดระยอง\r'),
	('70094', 'งบจังหวัดตราด\r'),
	('70100', 'กลุ่มจังหวัดภาคตะวันออกเฉียงเหนือตอนบน 1\r'),
	('70101', 'งบจังหวัดหนองคาย\r'),
	('70102', 'งบจังหวัดเลย\r'),
	('70103', 'งบจังหวัดอุดรธานี\r'),
	('70104', 'งบจังหวัดหนองบัวลำภู\r'),
	('70105', 'งบจังหวัดบึงกาฬ\r'),
	('70110', 'กลุ่มจังหวัดภาคตะวันออกเฉียงเหนือตอนบน 2\r'),
	('70111', 'งบจังหวัดนครพนม\r'),
	('70112', 'งบจังหวัดมุกดาหาร\r'),
	('70113', 'งบจังหวัดสกลนคร\r'),
	('70120', 'กลุ่มจังหวัดภาคตะวันออกเฉียงเหนือตอนกลาง\r'),
	('70121', 'งบจังหวัดร้อยเอ็ด\r'),
	('70122', 'งบจังหวัดขอนแก่น\r'),
	('70123', 'งบจังหวัดมหาสารคาม\r'),
	('70124', 'งบจังหวัดกาฬสินธู์\r'),
	('70130', 'กลุ่มจังหวัดภาค ตอ.เหนือตอนล่าง 2\r'),
	('70131', 'งบจังหวัดอำนาจเจริญ\r'),
	('70132', 'งบจังหวัดศรีสะเกษ\r'),
	('70133', 'งบจังหวัดยโสธร\r'),
	('70134', 'งบจังหวัดอุบลราชธานี\r'),
	('70140', 'กลุ่มจังหวัดภาค ตอ.เหนือตอนล่าง 1\r'),
	('70141', 'งบจังหวัดสุรินทร์\r'),
	('70142', 'งบจังหวัดนครราชสีมา\r'),
	('70143', 'งบจังหวัดบุรีรัมย์\r'),
	('70144', 'งบจังหวัดชัยภูมิ\r'),
	('70150', 'กลุ่มจังหวัดภาคเหนือตอนบน 1\r'),
	('70151', 'งบจังหวัดเชียงใหม่\r'),
	('70152', 'งบจังหวัดแม่ฮ่องสอน\r'),
	('70153', 'งบจังหวัดลำปาง\r'),
	('70154', 'งบจังหวัดลำพูน\r'),
	('70160', 'กลุ่มจังหวัดภาคเหนือตอนบน 2\r'),
	('70161', 'งบจังหวัดน่าน\r'),
	('70162', 'งบจังหวัดพะเยา\r'),
	('70163', 'งบจังหวัดเชียงราย\r'),
	('70164', 'งบจังหวัดแพร่\r'),
	('70170', 'กลุ่มจังหวัดภาคเหนือตอนล่าง 1\r'),
	('70171', 'งบจังหวัดตาก\r'),
	('70172', 'งบจังหวัดพิษณุโลก\r'),
	('70173', 'งบจังหวัดสุโขทัย\r'),
	('70174', 'งบจังหวัดเพชรบูรณ์\r'),
	('70175', 'งบจังหวัดอุตรดิตถ์\r'),
	('70180', 'กลุ่มจังหวัดภาคเหนือตอนล่าง 2\r'),
	('70181', 'งบจังหวัดกำแพงเพชร\r'),
	('70182', 'งบจังหวัดพิจิตร\r'),
	('70183', 'งบจังหวัดนครสวรรค์\r'),
	('70184', 'งบจังหวัดอุทัยธานี\r'),
	('70190', 'กลุ่มจังหวัดภาคกลางปริมณฑล\r'),
	('70200', 'กลุ่มจังหวัดภาคกลางตอนบน\r'),
	('70210', 'กลุ่มจังหวัดภาคกลางตอนล่าง 1\r'),
	('70220', 'กลุ่มจังหวัดภาคใต้ฝั่งอ่าวไทย\r'),
	('70230', 'กลุ่มจังหวัดภาคใต้ฝั่งอันดามัน\r'),
	('70240', 'กลุ่มจังหวัดภาคใต้ชายแดน\r'),
	('70250', 'กลุ่มจังหวัดภาคตะวันออก 1\r'),
	('70260', 'กลุ่มจังหวัดภาคตะวันออก 2\r'),
	('75002', 'กรุงเทพมหานคร\r'),
	('75003', 'เมืองพัทยา\r');
/*!40000 ALTER TABLE `gfmis` ENABLE KEYS */;

-- Dumping structure for table refund2.migrations
CREATE TABLE IF NOT EXISTS `migrations` (
  `id` int(10) unsigned NOT NULL AUTO_INCREMENT,
  `migration` varchar(191) COLLATE utf8mb4_unicode_ci NOT NULL,
  `batch` int(11) NOT NULL,
  PRIMARY KEY (`id`)
) ENGINE=InnoDB AUTO_INCREMENT=39 DEFAULT CHARSET=utf8mb4 COLLATE=utf8mb4_unicode_ci;

-- Dumping data for table refund2.migrations: ~34 rows (approximately)
/*!40000 ALTER TABLE `migrations` DISABLE KEYS */;
REPLACE INTO `migrations` (`id`, `migration`, `batch`) VALUES
	(2, '2014_10_12_100000_create_password_resets_table', 1),
	(3, '2019_02_26_065640_create_offices_table', 1),
	(4, '2019_02_26_065741_create_refunds_table', 1),
	(5, '2019_02_26_071313_create_contracts_table', 1),
	(6, '2019_02_26_072926_create_contract_budget_edits_table', 1),
	(7, '2019_02_26_073325_create_contract_time_edits_table', 1),
	(8, '2019_02_28_060828_create_delivers_table', 1),
	(9, '2019_02_28_061714_create_deposit_penalties_table', 1),
	(10, '2019_03_01_041558_create_approve_refunds_table', 1),
	(11, '2019_04_03_065038_create_forms_table', 1),
	(12, '2019_04_03_070239_create_refund_forms_table', 1),
	(13, '2019_04_03_070715_create_form_rules_table', 1),
	(14, '2019_04_03_071418_create_form_conditions_table', 1),
	(15, '2019_07_15_024751_add_condition_to_rules_table', 1),
	(16, '2019_08_06_072551_create_considers_table', 1),
	(17, '2019_08_26_032504_add_description_on_considers_table', 1),
	(18, '2019_09_12_034811_create_refund_details_table', 1),
	(19, '2019_11_14_091048_modify_contract_budget_edit', 1),
	(20, '2019_11_19_081214_modify_3_contracts_float_to_decimal', 1),
	(21, '2019_11_20_013925_modify_contract_time_edit_add_column', 1),
	(22, '2019_11_21_070101_modify_delivers', 1),
	(23, '2019_11_22_111718_modify_approve_table_refund_id_set_unique', 1),
	(24, '2019_11_30_083347_edit_refund_detail_add_col_result_type', 2),
	(25, '2019_12_22_144315_create_refund_files_table', 3),
	(26, '2014_10_12_000000_create_users_table', 4),
	(27, '2016_06_01_000001_create_oauth_auth_codes_table', 4),
	(28, '2016_06_01_000002_create_oauth_access_tokens_table', 4),
	(29, '2016_06_01_000003_create_oauth_refresh_tokens_table', 4),
	(30, '2016_06_01_000004_create_oauth_clients_table', 4),
	(31, '2016_06_01_000005_create_oauth_personal_access_clients_table', 4),
	(32, '2020_02_21_080015_modify_contract_time_edit', 5),
	(33, '2020_02_24_092135_modify_delivers_add_col_start_end', 6),
	(34, '2020_02_24_142345_modify_deposit_add_column_amount_contract', 7),
	(35, '2020_03_11_064020_modify_approve_refund_add_column_refund_money', 8),
	(36, '2020_06_22_023944_create_refund_code', 9),
	(37, '2020_06_22_024731_create_refund_codes_table', 9),
	(38, '2021_03_24_044502_create_refund_status', 10);
/*!40000 ALTER TABLE `migrations` ENABLE KEYS */;

-- Dumping structure for table refund2.oauth_access_tokens
CREATE TABLE IF NOT EXISTS `oauth_access_tokens` (
  `id` varchar(100) COLLATE utf8mb4_unicode_ci NOT NULL,
  `user_id` bigint(20) DEFAULT NULL,
  `client_id` int(10) unsigned NOT NULL,
  `name` varchar(191) COLLATE utf8mb4_unicode_ci DEFAULT NULL,
  `scopes` text COLLATE utf8mb4_unicode_ci,
  `revoked` tinyint(1) NOT NULL,
  `created_at` timestamp NULL DEFAULT NULL,
  `updated_at` timestamp NULL DEFAULT NULL,
  `expires_at` datetime DEFAULT NULL,
  PRIMARY KEY (`id`),
  KEY `oauth_access_tokens_user_id_index` (`user_id`)
) ENGINE=InnoDB DEFAULT CHARSET=utf8mb4 COLLATE=utf8mb4_unicode_ci;

-- Dumping data for table refund2.oauth_access_tokens: ~309 rows (approximately)
/*!40000 ALTER TABLE `oauth_access_tokens` DISABLE KEYS */;
REPLACE INTO `oauth_access_tokens` (`id`, `user_id`, `client_id`, `name`, `scopes`, `revoked`, `created_at`, `updated_at`, `expires_at`) VALUES
	('00a78b0b93a84ee4b86a0591a56bb907512741df1358080b694941303aa90db0bd5b0903bc3f01ba', 1, 3, 'Refund', '[]', 0, '2020-06-02 09:46:54', '2020-06-02 09:46:54', '2021-06-02 09:46:54'),
	('016c3aa69e63547e5a88472ed7debc6872920aac93f62f6b243cb0de267bea458204485b10caea36', 1, 2, NULL, '[]', 0, '2019-12-26 07:08:53', '2019-12-26 07:08:53', '2020-12-26 07:08:53'),
	('01af581eb98db03aed0ca1c163e79df1cf07bf636db55e785c670e4f52cbe638ae9d1f5c0b5e0d74', 2, 3, 'Laravel', '[]', 0, '2020-05-03 15:04:14', '2020-05-03 15:04:14', '2021-05-03 15:04:14'),
	('0290332d75432323a8a6c7bb2e56e9ea235695eded98885a824e2d9b01977e5c929816c577b83a7f', 1, 1, 'Laravel', '[]', 0, '2020-05-03 09:30:18', '2020-05-03 09:30:18', '2021-05-03 09:30:18'),
	('0293ac9451050eef858c3b07d66c6eac0dfb68c9fb0835f3d7b59b01c09f5fdd0f41c5f310a9dfb0', 2, 3, 'Refund', '[]', 0, '2020-06-04 04:46:13', '2020-06-04 04:46:13', '2021-06-04 04:46:13'),
	('0381d9eaf74a5c9bdb5a31556cfa23754db73993749f43d9dd6676b1a49e5c251e99ff05999768d9', 1, 3, 'Refund', '[]', 0, '2020-05-06 10:02:04', '2020-05-06 10:02:04', '2021-05-06 10:02:04'),
	('03d89768ebb42d3712af96d49381642a12dc03c42e01c8f41d48ea1c930a48f598f55a3940e1a1c9', 1, 1, 'Laravel', '[]', 0, '2020-03-10 09:43:48', '2020-03-10 09:43:48', '2021-03-10 09:43:48'),
	('045f93d0611dc7cde9d2d04f9d267cea636d7568ec73879672e8bb1c0db004ef0cea307523a484c1', 1, 1, 'Laravel', '[]', 0, '2020-01-06 04:00:22', '2020-01-06 04:00:22', '2021-01-06 04:00:22'),
	('0660ce36bc330e198d6914f373cc780674177ea9d3376e330a92ed0f07a26ddadb6cd9121669b42a', 1, 1, 'Laravel', '[]', 0, '2020-01-06 04:08:38', '2020-01-06 04:08:38', '2021-01-06 04:08:38'),
	('067646c2dc2d5c71d58a890600884d0a2df8a8052567a0b92b146542d09358a46bd1411cb24185c8', 2, 3, 'Refund', '[]', 0, '2020-06-24 09:34:17', '2020-06-24 09:34:17', '2021-06-24 09:34:17'),
	('069c082c8b843a1c4c4e1ba1642d9de22305b4e349cc140d984d732567de5a444e9f98ba0ff95c49', 2, 3, 'Refund', '[]', 0, '2020-06-25 04:07:47', '2020-06-25 04:07:47', '2021-06-25 04:07:47'),
	('06b6b8acfeaf6237af70c8531c7ce13cde2fb9c84c46a66706f4cdadd7e56f81127baf84970cd492', 2, 1, 'Laravel', '[]', 0, '2020-04-17 06:17:15', '2020-04-17 06:17:15', '2021-04-17 06:17:15'),
	('06e3c5c150a3e57f93de25e10bed6551d5236a20388d0f2e2b30f136ac60bf5a5bdcac20c6fc8a06', 2, 3, 'Refund', '[]', 0, '2020-06-25 07:37:25', '2020-06-25 07:37:25', '2021-06-25 07:37:25'),
	('070f051567091be4abf94d50750ad52d722f43a00306f183fa6f480cbb3a75b7da6765b46296ec8f', 1, 1, 'Laravel', '[]', 0, '2020-05-02 18:47:28', '2020-05-02 18:47:28', '2021-05-02 18:47:28'),
	('0760639e9ee5f65fbf2023f50bf163182fb7acac5f790fe6b4e4522f2582455da141260ca730d430', 2, 3, 'ระบบถอนคืนเงินรายได้แผ่นดิน', '[]', 0, '2020-08-26 05:02:50', '2020-08-26 05:02:50', '2021-08-26 05:02:50'),
	('07754e60d1a1841f6351025bd774f998d4ff0fbbe5dfdc256a6ddab1e0ada956f03b85324491df85', 2, 3, 'Refund', '[]', 0, '2020-06-22 04:24:36', '2020-06-22 04:24:36', '2021-06-22 04:24:36'),
	('07d96972a92c7793705157fcc5dd6505c908dfbe08f0213262b22f1350cbcc77e170b82106ee7123', 2, 3, 'Refund', '[]', 0, '2020-06-26 08:40:11', '2020-06-26 08:40:11', '2021-06-26 08:40:11'),
	('089f917a26548a99dbc6c303854f49d27b9bf6b737cea5f7180067cd18e36f5fff5762358d8c07e5', 1, 3, 'Refund', '[]', 0, '2020-05-04 10:42:00', '2020-05-04 10:42:00', '2021-05-04 10:42:00'),
	('08c440864271ded5c7d919c5bcf2f36cb1adb6ffcbafa0ceb1e6183ba663411ce2b0415e588c428a', 1, 1, 'Laravel', '[]', 0, '2020-01-06 04:08:37', '2020-01-06 04:08:37', '2021-01-06 04:08:37'),
	('0903269bf1838addd3d5408df6a37f4b53fd1374c39ece86e198ed5a4fd9eadfd10b90534fe2cffe', 2, 1, 'Laravel', '[]', 0, '2020-03-02 02:42:17', '2020-03-02 02:42:17', '2021-03-02 02:42:17'),
	('095f170e998c5e1b0825bbac51230a0d970576695a5b89adb164d60304192f36b5bcb6e5c2a7277a', 2, 3, 'Refund', '[]', 0, '2020-05-06 07:23:17', '2020-05-06 07:23:17', '2021-05-06 07:23:17'),
	('0a3a35bbb95af5be886c16c00b27432a5caaff07f3d42f0d81ad39a23224ba1c256c83927c17b776', 2, 3, 'ระบบถอนคืนเงินรายได้แผ่นดิน', '[]', 0, '2021-03-15 03:05:19', '2021-03-15 03:05:19', '2022-03-15 03:05:19'),
	('0a75908f383fe03a1f81985cfc342a3a6230f5bf0ab8b0d84c6b9a35cef77e0ce9f54758111009ff', 1, 3, 'Refund', '[]', 0, '2020-05-06 07:23:42', '2020-05-06 07:23:42', '2021-05-06 07:23:42'),
	('0b475b5a0233ed0c8721e9ab72a5baf02beea5b9f18e652f4d61a5b024cae9924da91411ce4ccc45', 1, 3, 'Refund', '[]', 0, '2020-05-06 10:09:29', '2020-05-06 10:09:29', '2021-05-06 10:09:29'),
	('0c6dcf1e155885d6a47f60803aec1cb4bd63adc95debd45f3f7885486757f1a1824c80d136cb4470', 2, 3, 'Refund', '[]', 0, '2020-06-26 08:39:30', '2020-06-26 08:39:30', '2021-06-26 08:39:30'),
	('0cb8b56ed29bdb1c8b6420a618cef8ac92e234623ae7c3e9ce7c71a2274470778ab8988c7ff0f211', 1, 3, 'Refund', '[]', 0, '2020-06-18 02:58:12', '2020-06-18 02:58:12', '2021-06-18 02:58:12'),
	('0cb9032e2ae0617e7a3a1c216b404bb40e3e96dfde3a76c1be99ae5c09edca220e7ca71c37e991bb', 1, 3, 'Refund', '[]', 0, '2020-05-04 09:16:44', '2020-05-04 09:16:44', '2021-05-04 09:16:44'),
	('0cc66ae1dca5a7b8982e701f5866f15498b2ca296502b450cd159478b8514d9bfe2740dc009c9a6e', 2, 3, 'Refund', '[]', 0, '2020-06-26 08:39:04', '2020-06-26 08:39:04', '2021-06-26 08:39:04'),
	('0cf2f802185e860b456a123386ab36b99fcbd1577add40e8f270303dddd41e1cfefb343d10d9cc7b', 1, 1, 'Laravel', '[]', 0, '2020-03-04 02:16:51', '2020-03-04 02:16:51', '2021-03-04 02:16:51'),
	('0d52946c68e6b5db8815c20351897b50736e8663977e38b8bf2b90b1649f8f433f3879d99ce8f8cf', 1, 1, 'Laravel', '[]', 0, '2020-01-06 03:54:34', '2020-01-06 03:54:34', '2021-01-06 03:54:34'),
	('0d8e80fe35f54a192b60b2cd606ada0f63e51b83e6611fc87805cb9c3e78227b1a5538bb100d0481', 2, 1, 'Laravel', '[]', 0, '2020-05-02 11:41:06', '2020-05-02 11:41:06', '2021-05-02 11:41:06'),
	('0eed087318ea48f9ee82c37d5d36ae2d0b01a802963f4dfa06a8380a25ad1f43f94ad13399c40485', 1, 1, 'Laravel', '[]', 0, '2020-05-02 18:30:39', '2020-05-02 18:30:39', '2021-05-02 18:30:39'),
	('0f2c73da98167c980f2c6550049b1ee95ded30141cba261768038c174261f0f4d6b5f7cffe4d273f', 1, 1, 'Laravel', '[]', 0, '2020-01-06 04:08:20', '2020-01-06 04:08:20', '2021-01-06 04:08:20'),
	('102d14fe136fb087d49c69d0c1a28e92e91e51be2f5c0bf56d3c99b01f7deaaff85cc67b86c4eb76', 2, 1, 'Laravel', '[]', 0, '2020-03-02 02:24:29', '2020-03-02 02:24:29', '2021-03-02 02:24:29'),
	('1052229ddee491bc3c8100070b9c1fb4876abb888f528061f28f961559f50eee3a1b3761ae0499b5', 1, 1, 'Laravel', '[]', 0, '2020-05-02 16:51:47', '2020-05-02 16:51:47', '2021-05-02 16:51:47'),
	('107eccb27a6c53dc771f289b9cb304f706a0b205181bbfecf2a687670a98c38b5dcfff38357a777d', 1, 3, 'Refund', '[]', 0, '2020-05-06 10:33:25', '2020-05-06 10:33:25', '2021-05-06 10:33:25'),
	('111598b0ac9dd18b7c8ea546d88f1bbda637957750296e89cfc4feaf3cdeceef79a7f5df092c6399', 2, 3, 'Refund', '[]', 0, '2020-07-20 01:48:48', '2020-07-20 01:48:48', '2021-07-20 01:48:48'),
	('12afc8c859bc746a74e56b06f226e393d2bf814a494d78eb07b5b3a5efbaed55cf3fb552bfc80253', 1, 1, 'Laravel', '[]', 0, '2020-01-06 04:08:17', '2020-01-06 04:08:17', '2021-01-06 04:08:17'),
	('12cfb4451aa2ec1f18de64e031e81715f182878fdffc8cdb935c7a6eb30633c7822c1bc45aa515b6', 1, 1, 'Laravel', '[]', 0, '2020-01-06 03:54:00', '2020-01-06 03:54:00', '2021-01-06 03:54:00'),
	('12f30190da8d6072e0bc87369850b578486ae6e22290691e6cd56b61e27c86abe8a6c23b1218e2d5', 1, 3, 'Refund', '[]', 0, '2020-05-03 16:13:51', '2020-05-03 16:13:51', '2021-05-03 16:13:51'),
	('1339e98ca25bc027d4fc92b6931f7ac5ef12196d880e8e8877e94a02af416dd213eab61aa1b43195', 2, 3, 'Refund', '[]', 0, '2020-06-25 04:15:19', '2020-06-25 04:15:19', '2021-06-25 04:15:19'),
	('13400fbf0d73abec749142e899b6433fc9c30c7419a0239f6582135af597b3f5443a8bba93d5b900', 1, 1, 'Laravel', '[]', 0, '2020-01-06 04:08:39', '2020-01-06 04:08:39', '2021-01-06 04:08:39'),
	('13cd50649769efa5491cecb80b4f7da606a74464c6450b0d5b4a7a4b6720ff49ea173f2bbfc7d3d3', 1, 3, 'Refund', '[]', 0, '2020-05-06 10:48:13', '2020-05-06 10:48:13', '2021-05-06 10:48:13'),
	('14abbfdeacc3ba3e169720db740253bb5753c0cb5f16b361ea5c394f7496155fac6cec1839e4421c', 2, 3, 'ระบบถอนคืนเงินรายได้แผ่นดิน', '[]', 0, '2021-03-23 08:59:11', '2021-03-23 08:59:11', '2022-03-23 08:59:11'),
	('14d98e9f808f8316d953bfbb4a0ce22df573789304510fec05b36426622d47e84350588acacfb1c9', 2, 3, 'Refund', '[]', 0, '2020-06-25 04:06:22', '2020-06-25 04:06:22', '2021-06-25 04:06:22'),
	('157bdc5375a8bb1378793832bad8c086b267c9922c08a71ff419aa7823cd90343a50eac99fcbd978', 2, 1, 'Laravel', '[]', 0, '2020-05-02 20:02:37', '2020-05-02 20:02:37', '2021-05-02 20:02:37'),
	('16755a5ea7992c3306cfffb78c4cff856815fa8f1501fe504306556cab97af2e6b308ceee9f921bc', 2, 3, 'ระบบถอนคืนเงินรายได้แผ่นดิน', '[]', 0, '2020-08-26 05:12:15', '2020-08-26 05:12:15', '2021-08-26 05:12:15'),
	('16ba7d447190b882ba8c6eca06619ea31f030fc20676c90e89db231f1be204bef746d5279f64dd98', 2, 3, 'ระบบถอนคืนเงินรายได้แผ่นดิน', '[]', 0, '2020-08-27 04:59:51', '2020-08-27 04:59:51', '2021-08-27 04:59:51'),
	('180127118f41d869161ef839bdd0b933767b7b6ecc62dc0292142e14023c6dacba54d6874f8b332f', 2, 3, 'ระบบถอนคืนเงินรายได้แผ่นดิน', '[]', 0, '2021-03-23 04:37:21', '2021-03-23 04:37:21', '2022-03-23 04:37:21'),
	('1827a74e27309c05ca828e6b551077fc1391d87660ef62f0f7eb3adf5e597332fa66eb2c4905d884', 1, 1, 'Laravel', '[]', 0, '2020-01-06 03:54:36', '2020-01-06 03:54:36', '2021-01-06 03:54:36'),
	('186f356f9218131981ad6afebd48c83566ed1bb6523eb927f2f94d91bcb51caf01067d137d811450', 1, 3, 'Refund', '[]', 0, '2020-05-05 04:58:06', '2020-05-05 04:58:06', '2021-05-05 04:58:06'),
	('19d878f17431653373d9f09ec69aa30e1acdac9060a0f901c41fc26c65911d778c159b5967469a5a', 2, 3, 'ระบบถอนคืนเงินรายได้แผ่นดิน', '[]', 0, '2020-08-26 05:09:01', '2020-08-26 05:09:01', '2021-08-26 05:09:01'),
	('1ad0f9175ea3497f14472d24c8ad63d8b2dbfc95306e0d695ae1e55db4054a2f801ece7963fa6f58', 1, 1, 'Laravel', '[]', 0, '2020-03-05 08:49:05', '2020-03-05 08:49:05', '2021-03-05 08:49:05'),
	('1ad604cb39494783a242372097d237ded1c46a1609c68ead9684b092cb967a50d8384ecb49c3599a', 1, 1, 'Laravel', '[]', 0, '2020-05-02 17:02:21', '2020-05-02 17:02:21', '2021-05-02 17:02:21'),
	('1b135efbcf2d6f8c0636cdaf8ca81f50ba9e09bf82b65835aa0aa84b5629e901ce523e387f4c4e2d', 2, 3, 'Refund', '[]', 0, '2020-06-26 08:40:42', '2020-06-26 08:40:42', '2021-06-26 08:40:42'),
	('1ba41ef0e3cb376168209df3770d5322aea2d59620c307d13a1caea065a444a4ac12cce0e8ba365e', 2, 3, 'ระบบถอนคืนเงินรายได้แผ่นดิน', '[]', 0, '2020-08-21 11:09:48', '2020-08-21 11:09:48', '2021-08-21 11:09:48'),
	('1bb1797e970bc8aae3a76ee20bb6ae68352e1a510dfc2dfb2d66bcfc82203fa81ad9d4e81b608c1b', 1, 1, 'Laravel', '[]', 0, '2020-05-02 15:07:11', '2020-05-02 15:07:11', '2021-05-02 15:07:11'),
	('1ca0bc256aebe5b8e19dd00338c0d7badea69560cbc02fdb7b76a96baaf094bc472932d9c1e18995', 2, 1, 'Laravel', '[]', 0, '2020-03-02 02:35:18', '2020-03-02 02:35:18', '2021-03-02 02:35:18'),
	('1d859da5faf1a3a6e213c93bef7a72d224648843db96ad6673cf84dd41e0d4dd70c7ff23bee93eeb', 2, 1, 'Laravel', '[]', 0, '2020-05-02 17:51:36', '2020-05-02 17:51:36', '2021-05-02 17:51:36'),
	('1e62fb6fe0d6a59762ad977112138d056b7a9078183055001bb61b22682b5ed3563ce3dd4fd5aec6', 2, 1, 'Laravel', '[]', 0, '2020-03-03 06:58:55', '2020-03-03 06:58:55', '2021-03-03 06:58:55'),
	('1e6fa456b9469a26492132f20f65bfcf147d307d453a41af37e0fb73e7024e436dc31e5fc90ecea3', 2, 3, 'ระบบถอนคืนเงินรายได้แผ่นดิน', '[]', 0, '2021-03-01 08:35:24', '2021-03-01 08:35:24', '2022-03-01 08:35:24'),
	('1e701feb8490743f981347c3e8f422e7ef47549ac0c8f78ea28ece6dbc02f4c2cf201ea5a504b84f', 2, 3, 'Refund', '[]', 0, '2020-05-04 09:14:23', '2020-05-04 09:14:23', '2021-05-04 09:14:23'),
	('1f879ab36821e010a21ac364380538a2a2bd4c1f98a8f9d041ad4cb28cfb70034afe11c8c46b3398', 2, 3, 'Refund', '[]', 0, '2020-06-24 09:32:47', '2020-06-24 09:32:47', '2021-06-24 09:32:47'),
	('1faf228a8fd99b5553dad2ca1918b99fb37497e601c01fadd3ad2ae68674998bef5e899ae2f907a2', 1, 3, 'Refund', '[]', 0, '2020-05-06 10:29:56', '2020-05-06 10:29:56', '2021-05-06 10:29:56'),
	('2061165c40c9b2caed99a8b232478fde7ee1361d85f40ecaba8fd72877cc1a8ede3b3e059c8f6824', 2, 3, 'ระบบถอนคืนเงินรายได้แผ่นดิน', '[]', 0, '2021-03-24 07:02:00', '2021-03-24 07:02:00', '2022-03-24 07:02:00'),
	('2094027a9d498454929babd6b252de0a584fa504ab06de2943f156aae1880d3fcd2ffe41c124193d', 2, 1, 'Laravel', '[]', 0, '2020-03-04 01:42:57', '2020-03-04 01:42:57', '2021-03-04 01:42:57'),
	('20dcd32360317186c63ad217b8ed767fe497efee0a32a06a125302a1b96edfc8622b4c2c6d9ec264', 1, 3, 'ระบบถอนคืนเงินรายได้แผ่นดิน', '[]', 0, '2020-12-08 02:24:49', '2020-12-08 02:24:49', '2021-12-08 02:24:49'),
	('210d1550bef41f00358c97e6ce6cfa800cbd8a1d186e9c1cff737f96ae3865c50227646aa906e0f5', 2, 1, 'Laravel', '[]', 0, '2020-03-11 03:30:46', '2020-03-11 03:30:46', '2021-03-11 03:30:46'),
	('22629534c488b2bcadf19c3e4ce114804d606df99d61953646023510a1e11de9fa8d0acfd4c4a5cf', 2, 3, 'Refund', '[]', 0, '2020-07-01 02:42:18', '2020-07-01 02:42:18', '2021-07-01 02:42:18'),
	('2353ae11b023e0b79a4266d23e0495f350ad882ed65b744f591e9fada161b78198d591ed7a01c588', 1, 1, 'Laravel', '[]', 0, '2020-05-02 18:13:07', '2020-05-02 18:13:07', '2021-05-02 18:13:07'),
	('23f64741e04a2d62a2b25ec0ce68848eebb2b0a8b7e1494b3a9fb8f6672bbd3d66293dfbcf5d8c7c', 1, 1, 'Laravel', '[]', 0, '2020-01-06 04:04:24', '2020-01-06 04:04:24', '2021-01-06 04:04:24'),
	('24d400ec7091df93cd5a225cf67353a4c053dcfb68376f420d7b4d6326fe2b38bdd7148a1bc8127f', 2, 3, 'ระบบถอนคืนเงินรายได้แผ่นดิน', '[]', 0, '2021-05-03 10:24:39', '2021-05-03 10:24:39', '2022-05-03 10:24:39'),
	('25c7efd2a1fde6006fc8c03e62a3776c5550efd884efadfe6b9aaa92971b518411619992a1f2f1a2', 1, 2, NULL, '[]', 0, '2019-12-26 07:44:49', '2019-12-26 07:44:49', '2020-12-26 07:44:49'),
	('26e2ef51d7954f77e4703df924dfb8cc92f7526a75b7a7294bc8a045091de65b466447afbfaceb62', 1, 1, 'Laravel', '[]', 0, '2020-05-02 16:53:17', '2020-05-02 16:53:17', '2021-05-02 16:53:17'),
	('27247dc309678dc5a436b8eb1be35e7c354fade9451f7cec3487119f676a45bc19dcd5b0a3936fc0', 3, 3, 'ระบบถอนคืนเงินรายได้แผ่นดิน', '[]', 0, '2021-03-15 03:45:18', '2021-03-15 03:45:18', '2022-03-15 03:45:18'),
	('27aeff5a4b060de16b835c05677033389e04a8955c2d350dd26cf2d037fd3d66bd2f5f6774115af1', 1, 3, 'Refund', '[]', 0, '2020-05-06 10:24:46', '2020-05-06 10:24:46', '2021-05-06 10:24:46'),
	('2869d20a2e429fac7e09ecbe62b243f3c4e882c4c3b7961ba42c37639858256966d434d83feda29e', 1, 1, 'Laravel', '[]', 0, '2020-01-06 04:04:29', '2020-01-06 04:04:29', '2021-01-06 04:04:29'),
	('287de905f69ec502d87d6641ebb8e76c557a67059a1852881645fb10de17c0a3da8729dbb216e265', 2, 3, 'Refund', '[]', 0, '2020-07-01 04:22:42', '2020-07-01 04:22:42', '2021-07-01 04:22:42'),
	('2896eadf06f52ff60fba826e47155b6136ceb634251e04f50ba7c72e5cb06416c5c73f1a8c2854bd', 1, 3, 'ระบบถอนคืนเงินรายได้แผ่นดิน', '[]', 0, '2021-03-25 13:46:30', '2021-03-25 13:46:30', '2022-03-25 13:46:30'),
	('28da955b5c2fa55866a2df7a83cc5eb2982cf16b9c2f54e62cf0600bab6a95b3831dbb7b9c4132fe', 2, 1, 'Laravel', '[]', 0, '2019-12-27 01:09:38', '2019-12-27 01:09:38', '2020-12-27 01:09:38'),
	('29738b30bca41a9e0010bc7e0695a1480f2ccdca5690b2d104ec31634a6e9f42c2ee0d9f4378f4e4', 1, 1, 'Laravel', '[]', 0, '2020-01-06 03:57:23', '2020-01-06 03:57:23', '2021-01-06 03:57:23'),
	('29d5facfd22bd958e3111e0abe0230d59e437e262b3ceeb966b85bb3bed3deb0ad66e958c46b896d', 2, 3, 'ระบบถอนคืนเงินรายได้แผ่นดิน', '[]', 0, '2020-08-26 04:59:45', '2020-08-26 04:59:45', '2021-08-26 04:59:45'),
	('2a25e18b1a94f7ae4688d12e5c701b2c0f542472caf5cbd1c623aff8682bbca2ef993eb711729d52', 1, 1, 'Laravel', '[]', 0, '2020-01-06 03:56:25', '2020-01-06 03:56:25', '2021-01-06 03:56:25'),
	('2a395ddf9cbef8071241c1f635ca76d47c5fbec58891e6a032783f2a4c7f245027848816adb53a4f', 1, 3, 'Refund', '[]', 0, '2020-05-04 08:15:20', '2020-05-04 08:15:20', '2021-05-04 08:15:20'),
	('2a69e6d6aea5b5c1fdcebeeb730e376fe28a1c70aa10678c61e1bc9f0d073ca4f4931cdda3d7b63d', 2, 1, 'Laravel', '[]', 0, '2020-03-02 02:36:47', '2020-03-02 02:36:47', '2021-03-02 02:36:47'),
	('2a773933cf29b0f805e01bd4d1ea73a506dd90c38335f2d5f836a53b760e807eb7ccd55ee74340f3', 1, 1, 'Laravel', '[]', 0, '2020-05-03 10:40:35', '2020-05-03 10:40:35', '2021-05-03 10:40:35'),
	('2a81837c4510192c1d4200a4b21b3ae1b87dd27af3647b7d592c128011d29d63b4a48507be9875f9', 2, 1, 'Laravel', '[]', 0, '2020-03-04 01:48:20', '2020-03-04 01:48:20', '2021-03-04 01:48:20'),
	('2b4de5edc14ccdc77d1b9d3a7393ed45e2cf21245cbe1d6f60111f525d1dad27af345a8b178c30c6', 4, 3, 'ระบบถอนคืนเงินรายได้แผ่นดิน', '[]', 0, '2021-03-23 07:06:07', '2021-03-23 07:06:07', '2022-03-23 07:06:07'),
	('2c4d5d4452c538dba52851f9644f18b8cc4487c98470824f3efd6591d53de8601fcc397f1be9d2f9', 2, 3, 'Refund', '[]', 0, '2020-07-15 06:25:51', '2020-07-15 06:25:51', '2021-07-15 06:25:51'),
	('2c9fc22fd3bf8040abe9db1b9996bdc407b9a7212429f5c2af3051b5a602885874828801bce94f28', 2, 1, 'Laravel', '[]', 0, '2020-05-02 03:30:06', '2020-05-02 03:30:06', '2021-05-02 03:30:06'),
	('2dfadc77b46fed5c4b3b1c6b0a7382dc5106ca65228f8581d25ba02b4a4b7ffd4a41a2eb2a8ac4d8', 2, 1, 'Laravel', '[]', 0, '2020-03-03 02:27:58', '2020-03-03 02:27:58', '2021-03-03 02:27:58'),
	('2f49741e0cb1df5c8edd8dd40dd62a657a2aad74bc6c5d4a71a07f7252f56806de2f01a77ef195cb', 1, 1, 'Laravel', '[]', 0, '2020-05-02 17:32:43', '2020-05-02 17:32:43', '2021-05-02 17:32:43'),
	('2f9831369b5368c87529bb3b27bd3cfcd11f0f81fde75fe02212a06896152f0327668b8be98b20ce', 2, 3, 'Refund', '[]', 0, '2020-06-25 05:26:32', '2020-06-25 05:26:32', '2021-06-25 05:26:32'),
	('2fee5c3f14d9a4b5703767225fd090591a6ef59553bc38966f9eb0bd75af0948eff4f2ce96744f7e', 2, 3, 'Refund', '[]', 0, '2020-06-24 09:32:22', '2020-06-24 09:32:22', '2021-06-24 09:32:22'),
	('300bc05e701381d02694a2ffdb9011a61a6a0f809ac6e56ad8501d4f3d83e8f58a727fc1ebee367e', 1, 1, 'Laravel', '[]', 0, '2020-05-02 17:07:33', '2020-05-02 17:07:33', '2021-05-02 17:07:33'),
	('30ad3f45316b8e3849995600c9f76b96f0820c56e32d0c2d69443e552d1becfd07fc58d1d20d4ca6', 2, 3, 'Refund', '[]', 0, '2020-06-30 09:17:59', '2020-06-30 09:17:59', '2021-06-30 09:17:59'),
	('31ca900fc4f5681554c3fb4f3b3523067cefdddc80b4b2f1700c834a6f53e6f7e80d85fb515bbebe', 1, 1, 'Laravel', '[]', 0, '2020-03-06 06:12:19', '2020-03-06 06:12:19', '2021-03-06 06:12:19'),
	('3205fa3a681e401e1a7ee4440773abcf1aeb5d4acc95accddbfbe65c4fbc7327e5f7ba8eb2d2247f', 3, 3, 'Refund', '[]', 0, '2020-05-04 09:12:15', '2020-05-04 09:12:15', '2021-05-04 09:12:15'),
	('344e04f463d34d0fcc215ee0e96d44956e29357b303f87146682175bcd83376633099d3aa957b612', 2, 1, 'Laravel', '[]', 0, '2020-03-03 06:57:51', '2020-03-03 06:57:51', '2021-03-03 06:57:51'),
	('34711a79abc7e7244d7224c222b710a434488bc7a6c4c4d7d3b6c0bc932763b2c4c7a7617c5020f3', 2, 1, 'Laravel', '[]', 0, '2020-01-06 03:54:07', '2020-01-06 03:54:07', '2021-01-06 03:54:07'),
	('34d39d21ee1e1a89b624d7609efb2bf258de5f8d2ab7352fccdf8272ca6b0f47bc311fd634e9f21a', 2, 3, 'ระบบถอนคืนเงินรายได้แผ่นดิน', '[]', 0, '2021-03-24 04:00:49', '2021-03-24 04:00:49', '2022-03-24 04:00:49'),
	('3587a7df1acc5dd98cf4a82f70b6ca90203ef5fb833baa6322f0276105c5c28f419a8a1c70f9ae75', 2, 3, 'Refund', '[]', 0, '2020-06-25 07:44:03', '2020-06-25 07:44:03', '2021-06-25 07:44:03'),
	('371ecb50b83d3d0c1f97efe30d75d5bcbb44c7315b81481df6e09e9743337c34c800792cfd8abaf2', 1, 2, NULL, '[]', 0, '2019-12-26 08:06:28', '2019-12-26 08:06:28', '2020-12-26 08:06:28'),
	('373b0bae4abaeb91efea79f4fa9a7a403c022711a9e8950a3d0b4283222bdb6478db7dc173869b5c', 1, 1, 'Laravel', '[]', 0, '2020-01-06 04:08:37', '2020-01-06 04:08:37', '2021-01-06 04:08:37'),
	('37791ef4b6fa94536f5d457a70c637b7f6cf2ae982e60559e59da1dad1f3c621d5e08a0e1c1d03cf', 1, 3, 'Refund', '[]', 0, '2020-05-04 09:40:44', '2020-05-04 09:40:44', '2021-05-04 09:40:44'),
	('383295e62847518408bd0eb4fcbf5d0ddf36339baf294b8f62ed014ecfc3119905fd57f616e721c8', 1, 1, 'Laravel', '[]', 0, '2020-01-06 04:08:37', '2020-01-06 04:08:37', '2021-01-06 04:08:37'),
	('390851d3bb258d1f69d47c8f5ec87ddc869c8b0f1a9cb010d149ba5eb5e8c8be054c6d08b594be64', 1, 3, 'Refund', '[]', 0, '2020-05-06 10:07:05', '2020-05-06 10:07:05', '2021-05-06 10:07:05'),
	('3916cb5ce8720856ebf4013ce7645fd7a840a4e21ee6aa4df062280265cf23820b64f74839703f52', 1, 1, 'Laravel', '[]', 0, '2020-05-02 17:51:16', '2020-05-02 17:51:16', '2021-05-02 17:51:16'),
	('391cc9402b703fb96a5478212cec01718f396689ff8d832aceb850258af11e4209ccf97ca1d2cfcc', 1, 3, 'Laravel', '[]', 0, '2020-05-03 15:02:20', '2020-05-03 15:02:20', '2021-05-03 15:02:20'),
	('3adbd28cf53d4c982359f8814e702c8a8a47fc12c0564bcb179bfe540259aaca6132f90374970080', 2, 3, 'Refund', '[]', 0, '2020-06-26 08:43:52', '2020-06-26 08:43:52', '2021-06-26 08:43:52'),
	('3b29e38f9f6f4a9af7169e04f89ae01b1b178c598b197a22823d66c3e111afe454906ca95c94cf85', 1, 2, NULL, '[]', 0, '2019-12-26 09:28:56', '2019-12-26 09:28:56', '2020-12-26 09:28:56'),
	('3b2c120217a418c5b4576180c7a0a5d6c9895498d326215a59ee50c917b4a9957ae42c6885e20683', 1, 1, 'Laravel', '[]', 0, '2020-01-06 04:08:20', '2020-01-06 04:08:20', '2021-01-06 04:08:20'),
	('3b352e1659803ffe66f69776acdfca85731a563c6b85c8b023dd02d0336576abcaf499c0e0bad956', 1, 1, 'Laravel', '[]', 0, '2020-01-06 03:56:07', '2020-01-06 03:56:07', '2021-01-06 03:56:07'),
	('3ba8a6b82f957caf97588ec662bb306daf17a37dfb0da907413c2cd6e20b82947194d589d8110e06', 2, 1, 'Laravel', '[]', 0, '2020-05-02 17:09:29', '2020-05-02 17:09:29', '2021-05-02 17:09:29'),
	('3c82e0b1292e00e214c5d300d80605ab93d957e6608a51426340b731574d97bec4cbc69a23ec56c2', 3, 3, 'ระบบถอนคืนเงินรายได้แผ่นดิน', '[]', 0, '2021-03-15 06:57:54', '2021-03-15 06:57:54', '2022-03-15 06:57:54'),
	('3ca345fc875f70486f3050ff2af206d48cb42607e5df74f4d75c7365ec2e5ee6e227baa02e51476b', 2, 1, 'Laravel', '[]', 0, '2020-04-21 02:01:53', '2020-04-21 02:01:53', '2021-04-21 02:01:53'),
	('3d2a65adcbee6cc5a31ffc5e364759280911042ee0228bc0119352bb02c7f32763e2d669a957c028', 5, 3, 'ระบบถอนคืนเงินรายได้แผ่นดิน', '[]', 0, '2020-08-26 06:28:24', '2020-08-26 06:28:24', '2021-08-26 06:28:24'),
	('3d5d0b87db33bb9c97d2f31e4350df4e87ac2ad7d2fca73d9f6d49c91e5c39a2b9a205751dba08ee', 2, 3, 'ระบบถอนคืนเงินรายได้แผ่นดิน', '[]', 0, '2020-08-27 03:20:48', '2020-08-27 03:20:48', '2021-08-27 03:20:48'),
	('3d6e531074b4f955c943b4e12005b1ccf04b2b3f0cb68f0d76cc5e308e43b94762d0afa85d58e749', 1, 1, 'Laravel', '[]', 0, '2020-05-02 19:17:19', '2020-05-02 19:17:19', '2021-05-02 19:17:19'),
	('3ea7b2cce29ab782baa14527fce7210e49a9fdbb97ff3f688c6597f323d6ddb5e4184e50ba56e417', 3, 3, 'Refund', '[]', 0, '2020-05-04 10:08:26', '2020-05-04 10:08:26', '2021-05-04 10:08:26'),
	('3f1ca5ad33d334eda9077ecae64861d018093d83113f3eff3769359cf9d44143b7b1cfd48514fee1', 2, 1, 'Laravel', '[]', 0, '2020-03-04 08:05:01', '2020-03-04 08:05:01', '2021-03-04 08:05:01'),
	('3f288e39d3bd88797abd03c112e0154b954e6e2a619e11cda71aa24463d8751aaebb08f02bb2d247', 1, 1, 'Laravel', '[]', 0, '2020-05-02 17:12:44', '2020-05-02 17:12:44', '2021-05-02 17:12:44'),
	('40f2ead59ddf10ab906177ac44847797ab8905335e0de316bc265eb1a11fe199d83726234efd7133', 1, 1, 'Laravel', '[]', 0, '2020-05-03 11:13:17', '2020-05-03 11:13:17', '2021-05-03 11:13:17'),
	('4285651603eccf879f41c03df4195f1b990b402c548313ab068d020a48c158b6cc6fb398287b58f1', 4, 3, 'ระบบถอนคืนเงินรายได้แผ่นดิน', '[]', 0, '2021-03-23 07:10:01', '2021-03-23 07:10:01', '2022-03-23 07:10:01'),
	('433477c1f2d13342f4e349ebb32d20b39edd53119a57d42e7565ee1093aa8e8ce0932064558655fc', 2, 3, 'Refund', '[]', 0, '2020-06-25 07:36:26', '2020-06-25 07:36:26', '2021-06-25 07:36:26'),
	('439a682a626f11102e45e88677fdceef641bfda989a2be8345359e0688b8b6b3c862858d94a490fb', 2, 1, 'Laravel', '[]', 0, '2020-03-03 04:19:20', '2020-03-03 04:19:20', '2021-03-03 04:19:20'),
	('440792af850e6218bc29d60e6d432a27224bb6cced95879f746d9ee46dfceffebb655b6ab71a861c', 2, 3, 'ระบบถอนคืนเงินรายได้แผ่นดิน', '[]', 0, '2020-08-27 05:20:26', '2020-08-27 05:20:26', '2021-08-27 05:20:26'),
	('44406ff9dd3893002d5f9cb628b629375ec5e02108fa26ae5af5d7cc33d8a8633b5e20ab34b5ea16', 1, 3, 'Refund', '[]', 0, '2020-05-06 07:02:31', '2020-05-06 07:02:31', '2021-05-06 07:02:31'),
	('44a411cddf7297a8ee01b99774485f39961b88e82ad7bd33b8186c9ed821a5c387800a38e2f24bac', 1, 1, 'Laravel', '[]', 0, '2020-01-06 03:53:59', '2020-01-06 03:53:59', '2021-01-06 03:53:59'),
	('4680184a91dc31200b6f1e00d039bd0a7ccfca53f9530d417684626bf6a380458be658c1b037bd03', 2, 1, 'Laravel', '[]', 0, '2020-05-02 17:42:23', '2020-05-02 17:42:23', '2021-05-02 17:42:23'),
	('475ec490c5508fbf87d19bd50bdb17a709a17c26e386507746dde94c9c5448014d9c4f451aa8d02f', 2, 1, 'Laravel', '[]', 0, '2020-03-05 09:09:03', '2020-03-05 09:09:03', '2021-03-05 09:09:03'),
	('478f7338c9c5950273b2d232f6c854bfa46f59d2b5866803c946b20ec32896ecbbdeeeb915c3f94f', 2, 1, 'Laravel', '[]', 0, '2020-05-01 17:39:01', '2020-05-01 17:39:01', '2021-05-01 17:39:01'),
	('47aa9358edcdb53c90512d2b37ae3b9a558c0704d797b889127bf60e3851755253dea93c406d0fb5', 2, 3, 'Refund', '[]', 0, '2020-06-23 03:51:46', '2020-06-23 03:51:46', '2021-06-23 03:51:46'),
	('47c1c87d029380c23ed7b9db25387e8732d09c07429bfaf19b9beca9f1938d57551ba523dc4d6d0e', 2, 3, 'Refund', '[]', 0, '2020-05-14 02:51:12', '2020-05-14 02:51:12', '2021-05-14 02:51:12'),
	('47fd0fe48c4786a33880815a77a62cd4f17e547c715481eb307a6b4d6f26d8f2785b4e4ef24e0021', 2, 3, 'ระบบถอนคืนเงินรายได้แผ่นดิน', '[]', 0, '2020-07-31 04:23:55', '2020-07-31 04:23:55', '2021-07-31 04:23:55'),
	('49405b939eac65046d8f6d50dc4896f1ed8c8198e435694ce6ee21fa5c60c5926505c583942d07fe', 1, 1, 'Laravel', '[]', 0, '2020-03-04 02:04:53', '2020-03-04 02:04:53', '2021-03-04 02:04:53'),
	('4955994dda9538cbe2d183fceb6c32b3fada9e27f33cd107a51a8418c68c9320a478f8ee24171b10', 1, 1, 'Laravel', '[]', 0, '2020-01-06 04:08:16', '2020-01-06 04:08:16', '2021-01-06 04:08:16'),
	('497809afaaad1c5c40351e51751b1a20c4e05c81e4e06c0e60493ef0134d46a9fbe4536c2c9ad8fa', 1, 3, 'Laravel', '[]', 0, '2020-05-03 14:43:54', '2020-05-03 14:43:54', '2021-05-03 14:43:54'),
	('4a5b3ea9e0a230eb0112a391d9a56a395f9ef59fbbc5c8ffe8041928d3ce11eb4e28d6bd54f06989', 1, 3, 'Refund', '[]', 0, '2020-05-04 08:24:30', '2020-05-04 08:24:30', '2021-05-04 08:24:30'),
	('4a5d86f4cffca2076a755e8658713782f1e225e7677a2a99d85fceaec7fd1ba7c546443cf605655b', 2, 1, 'Laravel', '[]', 0, '2020-03-03 07:27:35', '2020-03-03 07:27:35', '2021-03-03 07:27:35'),
	('4ad3ebcee59d3d0ef83c9ad95928810ce60c67f5ec5156fe40e75cff04240c60b2b057aadf5a263b', 1, 1, 'Laravel', '[]', 0, '2020-01-06 03:55:59', '2020-01-06 03:55:59', '2021-01-06 03:55:59'),
	('4b5d76698b28e6b833ddfa081500e53961042f8cef6224861d47199a64ef6ce5d9ca9278170a0b0b', 1, 1, 'Laravel', '[]', 0, '2020-01-06 04:00:23', '2020-01-06 04:00:23', '2021-01-06 04:00:23'),
	('4c6b981b4772ab6263b7c7979418ec14c922b4ec93b4966d5137d40bdd01f67d619a020e568fb0ab', 2, 1, 'Laravel', '[]', 0, '2020-04-15 06:27:51', '2020-04-15 06:27:51', '2021-04-15 06:27:51'),
	('4d566f191e2af80a6adfd321c25f0fa069d56d2faf5156affb8994b6d3302cccb78f9a9d2d6fa7c1', 1, 3, 'Refund', '[]', 0, '2020-06-22 02:19:19', '2020-06-22 02:19:19', '2021-06-22 02:19:19'),
	('4dc85ba3a4caf03df9da4923a678f9e69a939a8d79891cae27c0fb9fdb6553b6626c46b0522a36a0', 2, 1, 'Laravel', '[]', 0, '2020-05-02 19:11:22', '2020-05-02 19:11:22', '2021-05-02 19:11:22'),
	('4dfa700e23c15cf9455ae11681914b8fb7a2dabca802dfb0a5810362e50a1ad4ad73b53a91efcae4', 2, 3, 'ระบบถอนคืนเงินรายได้แผ่นดิน', '[]', 0, '2021-03-23 10:02:10', '2021-03-23 10:02:10', '2022-03-23 10:02:10'),
	('4e06dcf5dd8071cd50b15b03780e719d8b359b2f6d272a4ea92e8eb4b820e46980b08767a2627ace', 2, 1, 'Laravel', '[]', 0, '2020-05-02 18:59:07', '2020-05-02 18:59:07', '2021-05-02 18:59:07'),
	('4ee56af08df50121348c5c1a0da5e6cd8e56fe80f93beed2d69bd47ae9aa12809efb841bd43c09b9', 1, 3, 'Refund', '[]', 0, '2020-05-06 09:57:40', '2020-05-06 09:57:40', '2021-05-06 09:57:40'),
	('4fe489bf76c7fcd2fb18349017e4547725ef4f4b32cce0bb95047db2fa9451a10f0936c039abbb08', 1, 1, 'Laravel', '[]', 0, '2020-05-02 17:07:25', '2020-05-02 17:07:25', '2021-05-02 17:07:25'),
	('501859d02d5afed3e33c3508007f272bd94169074bc21cbe2391a42aa4336957ae48ce0c83b337db', 1, 1, 'Laravel', '[]', 0, '2020-01-06 04:08:18', '2020-01-06 04:08:18', '2021-01-06 04:08:18'),
	('50d59a7e4e8e5487c7900ddee3d171960b26d968a3ac20ff64f135331fa2f4ee913d4f5cfe34713d', 1, 1, 'Laravel', '[]', 0, '2020-05-02 18:23:12', '2020-05-02 18:23:12', '2021-05-02 18:23:12'),
	('5339b67227df1bb4516e42d6b15e4400beea05f35924f748a3820417733f5f80faaa177579a83470', 1, 3, 'Refund', '[]', 0, '2020-06-05 03:08:02', '2020-06-05 03:08:02', '2021-06-05 03:08:02'),
	('5378c6b504c323d84f44b0babbf70d761a4854cf0ddfb100fc7daf13deca04434848daec9f43056c', 2, 3, 'ระบบถอนคืนเงินรายได้แผ่นดิน', '[]', 0, '2020-08-14 08:53:45', '2020-08-14 08:53:45', '2021-08-14 08:53:45'),
	('53d67321fb06e16feaffae33a3e15fd10cd39494717a36918b345f15da88b96aedafb2b43e63771e', 1, 1, 'Laravel', '[]', 0, '2020-01-06 03:55:09', '2020-01-06 03:55:09', '2021-01-06 03:55:09'),
	('541277dc24957b4214df7d6096a8261a2248a2ac9edcd3f1dab54c82b1723723f590ea17df71546b', 2, 3, 'Refund', '[]', 0, '2020-06-24 09:30:28', '2020-06-24 09:30:28', '2021-06-24 09:30:28'),
	('54ea4ec50f9d380775042e5fd05f61be94268f398af618bee4181e30d60ed0d406e276a25cc30cdc', 1, 1, 'Laravel', '[]', 0, '2020-01-06 03:57:22', '2020-01-06 03:57:22', '2021-01-06 03:57:22'),
	('556ef5f2e5a54a59a6c71e93a0aca601b3f3f237d7ccc8ff0e1e483bb5c035fb3d81db7f65aa9386', 2, 3, 'Refund', '[]', 0, '2020-05-05 04:12:04', '2020-05-05 04:12:04', '2021-05-05 04:12:04'),
	('55be0d9529258c196cbdaa7a9702c5e8108799db86b6c73115db04a0e6fe7e0375d6aa1f59ad5753', 2, 3, 'Refund', '[]', 0, '2020-05-05 03:56:26', '2020-05-05 03:56:26', '2021-05-05 03:56:26'),
	('55d109ec7d4f20643048e28fa45002bc0a7c92bc84cdba42b2e59c4d95300750d789e103a228066a', 2, 3, 'Refund', '[]', 0, '2020-06-18 02:42:14', '2020-06-18 02:42:14', '2021-06-18 02:42:14'),
	('55e3e4481b6c86faa210c62f92b126c809b9d7a674787211519d2c0ac0588f071761790712440d62', 3, 3, 'Refund', '[]', 0, '2020-05-04 09:43:25', '2020-05-04 09:43:25', '2021-05-04 09:43:25'),
	('560cb399f76425331e448e3795f2cfdb7b863cd395799b0fd9e54d6e146e38eb0622425df2d75273', 1, 1, 'Laravel', '[]', 0, '2020-01-06 03:55:46', '2020-01-06 03:55:46', '2021-01-06 03:55:46'),
	('5627f0cfabc33c030a45433b76a3eecfad1453c1c33f49726e477f8fa282847640be68f748175378', 2, 1, 'Laravel', '[]', 0, '2019-12-27 02:48:09', '2019-12-27 02:48:09', '2020-12-27 02:48:09'),
	('568c2bbe4ea2f48a8a4c254e1ebe19c56489a1e31b9f4e810e917c80d5790f581b3e8752cbd74b79', 2, 3, 'Refund', '[]', 0, '2020-06-26 09:35:20', '2020-06-26 09:35:20', '2021-06-26 09:35:20'),
	('56b8a57f3b56825bb9b0895141907cbbbc552d396e82a5e5eb67c0b6fdf0bc87080f25c5c32529fc', 1, 1, 'Laravel', '[]', 0, '2020-01-06 04:04:24', '2020-01-06 04:04:24', '2021-01-06 04:04:24'),
	('56fc6d6ea7745b54ad3abbbc79fd79a2951757de72df18b0967f85aad2054e31c68173ca72f1b116', 1, 1, 'Laravel', '[]', 0, '2020-05-03 10:37:12', '2020-05-03 10:37:12', '2021-05-03 10:37:12'),
	('58251b9f0814527d3b04eea1361a40c6a25cb65193e93dedd8c3c658852785089721b5fecbece58b', 1, 3, 'Refund', '[]', 0, '2020-05-06 19:41:15', '2020-05-06 19:41:15', '2021-05-06 19:41:15'),
	('583f0252e09cdd100683b0f10c1915903bbe3c522753fc127af0b4ae7ade96956a29dea21324c121', 2, 3, 'ระบบถอนคืนเงินรายได้แผ่นดิน', '[]', 0, '2021-05-02 12:17:36', '2021-05-02 12:17:36', '2022-05-02 12:17:36'),
	('587946a4e394e077faacb51fc95ebb01caff5b82c109ad1fb78dd586ef10d1aafa0c02f28298dcde', 1, 1, 'Laravel', '[]', 0, '2020-01-06 04:08:18', '2020-01-06 04:08:18', '2021-01-06 04:08:18'),
	('58eea1cf331e862e6bc700439d16ebfdb88fc172559eea65437536478a2df893571dc4835ce7f972', 2, 3, 'Refund', '[]', 0, '2020-06-25 07:20:47', '2020-06-25 07:20:47', '2021-06-25 07:20:47'),
	('592bf9215f7500e5cc20abe7b1dc19c9312b4e3c16a42d8b7c313ba6974748b475dc5b7ce85661ea', 2, 1, 'Laravel', '[]', 0, '2020-03-12 07:05:59', '2020-03-12 07:05:59', '2021-03-12 07:05:59'),
	('59bec2689b90e584c873a8f3add78f907b369564e97b7f0c0cd33fbd9e6f17f43d2ebbc91f6a932d', 1, 3, 'Refund', '[]', 0, '2020-05-06 10:09:39', '2020-05-06 10:09:39', '2021-05-06 10:09:39'),
	('59beddf5f16e14cfa88ebd4e89adc12ca111222c8593d3892b22c2c37d6e7501b2ec024916e472ed', 1, 3, 'Refund', '[]', 0, '2020-05-06 10:31:22', '2020-05-06 10:31:22', '2021-05-06 10:31:22'),
	('5acaccbc4389afcbcb4d6f35f352d9792b3e69a076c244f7d75b338d89c0308a7ca439efaa412734', 2, 3, 'Refund', '[]', 0, '2020-05-06 07:17:11', '2020-05-06 07:17:11', '2021-05-06 07:17:11'),
	('5baf017c4b6bc27c190d29b05833ac91588339fb67a5a420bf5b9cb13166d1d55a46949de02ea655', 3, 3, 'ระบบถอนคืนเงินรายได้แผ่นดิน', '[]', 0, '2021-03-23 07:05:30', '2021-03-23 07:05:30', '2022-03-23 07:05:30'),
	('5bd05c78277d19d3dd8c410404a98a0df364ae8c69425f46106215a0009476ac13e3840de524eb53', 2, 1, 'Laravel', '[]', 0, '2020-05-02 17:40:01', '2020-05-02 17:40:01', '2021-05-02 17:40:01'),
	('5be5d618c09b50b3e12f8c27401a6eea828213d93bd29f119709d92836892374eeabd47e1b73b17f', 2, 3, 'ระบบถอนคืนเงินรายได้แผ่นดิน', '[]', 0, '2020-08-27 03:46:52', '2020-08-27 03:46:52', '2021-08-27 03:46:52'),
	('5bfd2ecc65ad2bd4a38da3c1aab6165f16baa32c7b8fe3b5d9879b1475c3c430eaef01e0e838acce', 2, 3, 'Refund', '[]', 0, '2020-05-06 07:23:52', '2020-05-06 07:23:52', '2021-05-06 07:23:52'),
	('5d3a83a271f07abe8824332311ca1f343017d29edcf640ab57ffc09d4d18e2022a462122a5ae5e17', 1, 3, 'Refund', '[]', 0, '2020-05-09 16:32:58', '2020-05-09 16:32:58', '2021-05-09 16:32:58'),
	('5d86d3a77e23bdfea4e182fa4bb2ec309ce57fa4f75c52263ea91bb51d7906ee4add1b4154161026', 2, 1, 'Laravel', '[]', 0, '2020-03-10 08:12:59', '2020-03-10 08:12:59', '2021-03-10 08:12:59'),
	('5f13929a41572621e347cb42b303f001898b86ae195c77299bc4d8f4d4b991421d8983069673a50b', 1, 3, 'Refund', '[]', 0, '2020-05-12 04:28:14', '2020-05-12 04:28:14', '2021-05-12 04:28:14'),
	('5f36821cc2474f46369e068e1d9e0e380462a2a6ec1f22d00d889bbe394e6cbd5b15d1eebfdfb10f', 1, 1, 'Laravel', '[]', 0, '2020-01-06 04:08:17', '2020-01-06 04:08:17', '2021-01-06 04:08:17'),
	('5fccaaec12e16068008ff73be4308a7e1956a68a241a869366e15b16c929c9361fcf76352f376fe6', 2, 1, 'Laravel', '[]', 0, '2020-03-02 08:14:09', '2020-03-02 08:14:09', '2021-03-02 08:14:09'),
	('5fd2adda5f7ef83e11f8c43496f11fb29fa08431e4fbed8a6e3dee81048db58ae386629f06ccd6f2', 2, 3, 'Refund', '[]', 0, '2020-06-25 04:55:07', '2020-06-25 04:55:07', '2021-06-25 04:55:07'),
	('60a51eb8ea608637d18d3f7178e496feb0ec54304d7d593222cdd6d61acde910ec8ac257f37a5b7a', 1, 1, 'Laravel', '[]', 0, '2020-05-03 13:17:37', '2020-05-03 13:17:37', '2021-05-03 13:17:37'),
	('60e93d2e6ec562f8c45699a3bdb91841511117285e69793aebc233087da63ef76ef344c5072308ff', 3, 3, 'ระบบถอนคืนเงินรายได้แผ่นดิน', '[]', 0, '2021-03-22 07:13:59', '2021-03-22 07:13:59', '2022-03-22 07:13:59'),
	('61b172024365fee7af46c983901f59f2715332b578203cbbeb0b771ccd98662a5a21f5622f982888', 1, 3, 'Refund', '[]', 0, '2020-05-06 10:32:11', '2020-05-06 10:32:11', '2021-05-06 10:32:11'),
	('62e9cd18556c0d430c23dcaaea7a039678aa1db34b6cf608390cbd81be19822f41ceed9c3ee53089', 2, 1, 'Laravel', '[]', 0, '2020-04-09 02:20:57', '2020-04-09 02:20:57', '2021-04-09 02:20:57'),
	('63c30c36c96970742d90b85faf4db6d4ec2482ea81a29e68ed0cd75660d3be3b0192d481de5371ea', 1, 3, 'Refund', '[]', 0, '2020-05-06 10:32:53', '2020-05-06 10:32:53', '2021-05-06 10:32:53'),
	('664cda5e0fbc61c98416d091a8519d50d2a3b51e29e8f8bda9ff237d81a5d99455d7a0f61d07586d', 1, 2, NULL, '[]', 0, '2019-12-26 02:19:31', '2019-12-26 02:19:31', '2020-12-26 02:19:31'),
	('665d549029842ebc710b19d5056f4c8c13e9ea336e5a9af6b18cbe5ad86662e3a2f7caec46aa3bcc', 1, 3, 'Refund', '[]', 0, '2020-05-08 14:18:17', '2020-05-08 14:18:17', '2021-05-08 14:18:17'),
	('66a0cfef02fb0570b862017874701ac2ed9f00a512deff2c302d7bdf3f26f640d37cc01f1990f2d0', 1, 1, 'Laravel', '[]', 0, '2020-03-04 08:36:06', '2020-03-04 08:36:06', '2021-03-04 08:36:06'),
	('66a286e5b560b86a6e21e87af14c2e6ae937757ac5240317229f8f0776c8d98879bb1dbdcd0f43d1', 3, 3, 'Refund', '[]', 0, '2020-05-04 13:30:00', '2020-05-04 13:30:00', '2021-05-04 13:30:00'),
	('671042faa588d523cc3b9083fed78e5e50f35a3cc94516954c74bf868ac5da1a9ece2bcbe24af92e', 2, 1, 'Laravel', '[]', 0, '2019-12-27 02:27:01', '2019-12-27 02:27:01', '2020-12-27 02:27:01'),
	('6772fb217aa4c30b110f0395fe4930bb60e077b6c31855c847f20e259b84f1463fe20bfc7cf18b33', 2, 3, 'Refund', '[]', 0, '2020-07-21 09:25:11', '2020-07-21 09:25:11', '2021-07-21 09:25:11'),
	('67f1c3a93a173375543c5c614ba119054ab96f8dec983518e6d251d2ffca258b2c4c92b677d75921', 1, 3, 'Laravel', '[]', 0, '2020-05-03 14:53:19', '2020-05-03 14:53:19', '2021-05-03 14:53:19'),
	('68b0105ebd7031b90c99a70cade436f3c0c6cb5686cc5d0493ccb4244cdc720f641ad8bb0bd32dfb', 1, 1, 'Laravel', '[]', 0, '2020-01-06 04:08:21', '2020-01-06 04:08:21', '2021-01-06 04:08:21'),
	('693ece654d9adb59b192ae500788a0b4a8d70b384f1c45da98330c33e6f9a0a8ab09d5131e4c1f26', 2, 3, 'ระบบถอนคืนเงินรายได้แผ่นดิน', '[]', 0, '2020-12-08 02:22:54', '2020-12-08 02:22:54', '2021-12-08 02:22:54'),
	('6a3e709f3f2dcc37c41b0094e85c6eb2bf6b482385986acca710b6b399b6faf7b68f6b6660c068f1', 2, 3, 'ระบบถอนคืนเงินรายได้แผ่นดิน', '[]', 0, '2021-03-24 06:45:43', '2021-03-24 06:45:43', '2022-03-24 06:45:43'),
	('6ab923028505420d17f60bff6ea6f741fd61090aff78e2e3faf025534d2b805d6ee243cba078e6e5', 2, 1, 'Laravel', '[]', 0, '2020-01-06 03:54:08', '2020-01-06 03:54:08', '2021-01-06 03:54:08'),
	('6afa0ae13ca86e482994ad0f01609133d5763627194d1e08fcabeb884fb83c60cd9fe098891b3650', 2, 3, 'Refund', '[]', 0, '2020-05-04 10:04:16', '2020-05-04 10:04:16', '2021-05-04 10:04:16'),
	('6b36d5fb5da1063d3245ff32e6fd71d0163f24af4bf5ec9fce146eaf3eb16c938983dd3fd8960146', 1, 1, 'Laravel', '[]', 0, '2020-01-06 04:08:19', '2020-01-06 04:08:19', '2021-01-06 04:08:19'),
	('6c7f4891a88c960744641b3677a18bade6a84570e5d386c336e5e5f7dbca4b7260b0aba28afa3b44', 2, 1, 'Laravel', '[]', 0, '2020-03-02 02:36:48', '2020-03-02 02:36:48', '2021-03-02 02:36:48'),
	('6d16767bffbeb59430d05f58f5f9406501a3899be27a1d061ed3b0b3ad6de952ae50e5bbbd0d0bfc', 1, 1, 'Laravel', '[]', 0, '2020-01-06 03:53:41', '2020-01-06 03:53:41', '2021-01-06 03:53:41'),
	('6d2a2c16f96a5543864aee14b7bb2bf3cce12403d61fd6a789178eb07f61175469ca2817fee8a646', 1, 3, 'Refund', '[]', 0, '2020-05-04 09:39:27', '2020-05-04 09:39:27', '2021-05-04 09:39:27'),
	('6e84e29bfa56fb918ed6b97fc033ffcad0bb63717962e80e6e5418914356eee747191c9053271072', 1, 1, 'Laravel', '[]', 0, '2020-01-06 03:54:35', '2020-01-06 03:54:35', '2021-01-06 03:54:35'),
	('6fce3bd364d20e370039cc574bbec85044b8794d4482ce87120acf0cf7032bdd2664b0668d161bd9', 1, 1, 'Laravel', '[]', 0, '2020-05-03 14:13:26', '2020-05-03 14:13:26', '2021-05-03 14:13:26'),
	('6fef0b23032a14a764b5b979075a52f6d804bb8d4ab40af3bc3e7f6f64ab60ceb6503d3dec29b927', 2, 3, 'ระบบถอนคืนเงินรายได้แผ่นดิน', '[]', 0, '2020-08-21 06:22:09', '2020-08-21 06:22:09', '2021-08-21 06:22:09'),
	('70c97a0d8590c3cc86ad305bb00a17f510abe952875d22bff282e9b33e25e05f8fb1a93e79fbb927', 2, 3, 'Refund', '[]', 0, '2020-06-26 08:39:28', '2020-06-26 08:39:28', '2021-06-26 08:39:28'),
	('71bcba7f322923013d84b18c89d1fd2af95cb6b9002664907de7e3b021f1df5bee2a2c7fa9550f43', 2, 3, 'Refund', '[]', 0, '2020-06-26 08:49:34', '2020-06-26 08:49:34', '2021-06-26 08:49:34'),
	('727a06cf4d85c9e1fb08864e8a5a39526443186074215383b4513ff150cf6e79192c3052609f76d7', 1, 1, 'Laravel', '[]', 0, '2020-05-02 17:13:50', '2020-05-02 17:13:50', '2021-05-02 17:13:50'),
	('742077ba158a620df75e7eb90eaf4332593fbedc7963df881fed1c448e3c8da4978da4e0b40f719b', 2, 1, 'Laravel', '[]', 0, '2020-03-02 02:36:18', '2020-03-02 02:36:18', '2021-03-02 02:36:18'),
	('74563a9a32f7b5dbe13e667badc9b1c9031867f0338949bd375bcb135e1b6cbf4bec9c6f6f7e2e2e', 3, 3, 'Refund', '[]', 0, '2020-05-04 13:18:17', '2020-05-04 13:18:17', '2021-05-04 13:18:17'),
	('7471202e5b406582b87ca7747b6ad56730455a733c706ba509b652b20c384d3a3c59eec747e26374', 2, 3, 'ระบบถอนคืนเงินรายได้แผ่นดิน', '[]', 0, '2021-03-24 07:01:39', '2021-03-24 07:01:39', '2022-03-24 07:01:39'),
	('74da5a27ed2da05b4b260a4686b802e97e6cc299022bfce62243cefcfda076a178f68a74b1ca1dba', 1, 3, 'Refund', '[]', 0, '2020-06-04 04:04:28', '2020-06-04 04:04:28', '2021-06-04 04:04:28'),
	('751fef16323190f3d6535adee7f6ed51246e794bc940e355b139e92b894ddccd7d83a3c562ca2079', 3, 3, 'ระบบถอนคืนเงินรายได้แผ่นดิน', '[]', 0, '2021-03-15 03:33:41', '2021-03-15 03:33:41', '2022-03-15 03:33:41'),
	('752bb65f29b7cc0ebe049a1594f5dccee5a36ac52c98788a2587d5df5f0f5ea4968c280187737305', 2, 1, 'Laravel', '[]', 0, '2020-05-02 17:09:18', '2020-05-02 17:09:18', '2021-05-02 17:09:18'),
	('7618807fcb6b0b61de59231f57e7b81b5b7e31d42927e026cf55382e42cfc8541f59c2d3e60f5019', 2, 1, 'Laravel', '[]', 0, '2020-03-04 01:46:37', '2020-03-04 01:46:37', '2021-03-04 01:46:37'),
	('764fb2fb6f6c5d2155c2b3bd5ca9d9fef5c76fc327398c957938a874d6cd5a8a682cdcd5e19681fc', 2, 3, 'Refund', '[]', 0, '2020-07-20 06:20:35', '2020-07-20 06:20:35', '2021-07-20 06:20:35'),
	('766443607ec058045336958a7408dac4253d4f18162206254fba1ac0149d9c0e01c2c772f5ace2e3', 1, 1, 'Laravel', '[]', 0, '2020-01-06 04:04:25', '2020-01-06 04:04:25', '2021-01-06 04:04:25'),
	('766fc97de44f1331de6507415679d346d25cde9f8f4b36d20c1f8555a1a1451e8260e2d2f795d496', 2, 3, 'ระบบถอนคืนเงินรายได้แผ่นดิน', '[]', 0, '2021-03-24 04:18:09', '2021-03-24 04:18:09', '2022-03-24 04:18:09'),
	('771896862014cb029bd4bbf297b870b5b078b6e10f6b6210a996c580ee04bb28e90dd5f366ed03da', 2, 3, 'Refund', '[]', 0, '2020-06-24 09:31:43', '2020-06-24 09:31:43', '2021-06-24 09:31:43'),
	('778c47be836cd48aee6474e56df228bbcb9b7ee35e34c7fff47112b3d7474f84c0535693d0ac9bc7', 1, 3, 'Refund', '[]', 0, '2020-05-06 10:26:04', '2020-05-06 10:26:04', '2021-05-06 10:26:04'),
	('77f72a45e3946b01f020f0c9cf71e9efbf5a0b2dc2843451ec18f8809babfe43af1e242cf5b192a6', 1, 1, 'Laravel', '[]', 0, '2020-05-02 15:05:32', '2020-05-02 15:05:32', '2021-05-02 15:05:32'),
	('7880faca73d3e2730b59cc388b6a5f2faae2c289da49d1716e4228f02c16c7a0aa812ff2050bf576', 2, 1, 'Laravel', '[]', 0, '2020-03-06 02:00:19', '2020-03-06 02:00:19', '2021-03-06 02:00:19'),
	('789c21e9111e0a823e5d39f5ec870dde55835df43073538306450d12f74a8b896a066f13200ec196', 1, 2, NULL, '[]', 0, '2019-12-26 07:50:06', '2019-12-26 07:50:06', '2020-12-26 07:50:06'),
	('78afa159f7990139f1b32e13fb2ad7c96f7bfec731efc081f2fd358bdd644523c57972360887ac17', 1, 1, 'Laravel', '[]', 0, '2020-01-06 03:57:21', '2020-01-06 03:57:21', '2021-01-06 03:57:21'),
	('78cb39aff4a20003a9568a8b6619832b6be83e2c39190fed1df1cc843db17186a23cb02ae804ca70', 2, 3, 'ระบบถอนคืนเงินรายได้แผ่นดิน', '[]', 0, '2020-07-31 06:52:53', '2020-07-31 06:52:53', '2021-07-31 06:52:53'),
	('798f25a19216a8a8c6efe4e86ab20e6b371487321fd74aac9bb768c9fb73164f4263135f2aa8c739', 2, 3, 'ระบบถอนคืนเงินรายได้แผ่นดิน', '[]', 0, '2020-09-22 04:02:33', '2020-09-22 04:02:33', '2021-09-22 04:02:33'),
	('7a6476a82075ae217967c5c1a4a7132fdb927f55d6df7e9e3cea3bfe0622627ce38c545a8bed0cbe', 2, 3, 'ระบบถอนคืนเงินรายได้แผ่นดิน', '[]', 0, '2021-01-18 03:35:31', '2021-01-18 03:35:31', '2022-01-18 03:35:31'),
	('7a720f7053b440adb40503aabd080e282c3ca969dff0e46609ef297db7baed0d31d6cb08fa502113', 2, 3, 'Refund', '[]', 0, '2020-05-03 16:16:04', '2020-05-03 16:16:04', '2021-05-03 16:16:04'),
	('7b36188cc50f6eb788585602adb59964f06dbf4f0756dea672cf9e5929a57f88ffea803b9dca5258', 2, 3, 'ระบบถอนคืนเงินรายได้แผ่นดิน', '[]', 0, '2021-03-23 07:01:34', '2021-03-23 07:01:34', '2022-03-23 07:01:34'),
	('7b81d305cad2454b2072af3a05f9bcde6928779080a4b5e1e412aec3f0d6d53fa0d816cec4b7ce92', 1, 3, 'Refund', '[]', 0, '2020-05-05 12:43:45', '2020-05-05 12:43:45', '2021-05-05 12:43:45'),
	('7bde60ab2574c5cf7cbc049188ed2d4dc8aca71a38654ea15601496f81fb3ebdd2827cf623a27f42', 1, 1, 'Laravel', '[]', 0, '2020-05-02 17:06:07', '2020-05-02 17:06:07', '2021-05-02 17:06:07'),
	('7c01876c435172787b7d1c96b817e2c275ac561130525728aad5ce09df34fc2718274c4851f91799', 1, 1, 'Laravel', '[]', 0, '2020-05-02 18:12:02', '2020-05-02 18:12:02', '2021-05-02 18:12:02'),
	('7c02c061635b2de196fe5f6e6dad8f386382aac49e5e263b8d9efdd05c0da90c46c5ce3ff5c21003', 1, 3, 'Refund', '[]', 0, '2020-05-14 02:51:50', '2020-05-14 02:51:50', '2021-05-14 02:51:50'),
	('7c3964f1a6c1968f4214b3091c81edcab8a316af600f6d85a9796ae3091d191bd588aa51a59bdd16', 2, 1, 'Laravel', '[]', 0, '2020-01-06 04:11:14', '2020-01-06 04:11:14', '2021-01-06 04:11:14'),
	('7c567406be073db22277e6a12027b2b97d5f7016d55ade40dc8769aad755a6b0a708fed13b3bd555', 2, 1, 'Laravel', '[]', 0, '2020-03-03 06:43:01', '2020-03-03 06:43:01', '2021-03-03 06:43:01'),
	('7cbab2ffe6cd16ca86739a32806d733b1560027234a56e7fe8df883ca77a92709edf1e9609d6b7f9', 1, 3, 'Refund', '[]', 0, '2020-05-06 10:28:49', '2020-05-06 10:28:49', '2021-05-06 10:28:49'),
	('7d9d4a8f68eb3f3addbd9cdf36107edf50a2942168e952150ae46b911aa002c1f0decbdbff6d1945', 1, 1, 'Laravel', '[]', 0, '2020-04-07 07:37:18', '2020-04-07 07:37:18', '2021-04-07 07:37:18'),
	('7dab3837fc9f428e45360724d40c30cd635f5881856e59d0a2458a886892f2e83ce15fc545105a80', 1, 1, 'Laravel', '[]', 0, '2020-01-06 03:53:58', '2020-01-06 03:53:58', '2021-01-06 03:53:58'),
	('7ec1ecf90b1237f3cf88a8dd042bc125b67ad354f877439e49e5e4f8bc55083c10823090f487e8d3', 1, 1, 'Laravel', '[]', 0, '2020-01-06 04:08:21', '2020-01-06 04:08:21', '2021-01-06 04:08:21'),
	('7f36e1328b7f71d974c1e02686524bdd5cfac2c2d9222944963078479a461aee32639399db0bccd2', 1, 1, 'Laravel', '[]', 0, '2020-01-06 03:55:45', '2020-01-06 03:55:45', '2021-01-06 03:55:45'),
	('7f9ac34f89cba38e40df48a6e7c4e71118c9b62aef89b94a41dc20b74e078eacb2802d91a2dcddcf', 2, 1, 'Laravel', '[]', 0, '2020-03-03 08:28:54', '2020-03-03 08:28:54', '2021-03-03 08:28:54'),
	('809f8f9cd3b25e4e561d0b56ee5da371b6be3d31d3fcae7615501345f27acbf70052facb2dd8bd7b', 2, 1, 'Laravel', '[]', 0, '2020-04-14 04:41:45', '2020-04-14 04:41:45', '2021-04-14 04:41:45'),
	('8113322b6e6674256d9a14f7265d064acb84e5ba95cfae2dd6baa193853ab64b3944f7d2384204ac', 1, 1, 'Laravel', '[]', 0, '2020-03-05 09:08:31', '2020-03-05 09:08:31', '2021-03-05 09:08:31'),
	('81147f13984e741eb45308a9298f4f46ef7c803038b3fcce3d6eb8020d35cb6ad0be815ac8778bb5', 1, 1, 'Laravel', '[]', 0, '2020-03-02 02:23:29', '2020-03-02 02:23:29', '2021-03-02 02:23:29'),
	('81738e0471894f7dd029d861945f9ed773cc14e9b255b9ce8176bd51aeb5c03f4bd8b7ecd8c4ab79', 2, 3, 'Refund', '[]', 0, '2020-05-13 04:16:44', '2020-05-13 04:16:44', '2021-05-13 04:16:44'),
	('82d3f016cc5b33871d63719f45095ee8f090df588242685a8d113dd4ca81fd91cccd22252dd2e3a6', 1, 1, 'Laravel', '[]', 0, '2020-05-02 17:11:29', '2020-05-02 17:11:29', '2021-05-02 17:11:29'),
	('83372fec64917ac6e7de39001ef7a40c40cc208e4a43e8957c7733f7b0a5ec2e9fc202676aa78fad', 1, 3, 'Refund', '[]', 0, '2020-05-06 10:11:02', '2020-05-06 10:11:02', '2021-05-06 10:11:02'),
	('83f149f7f4c735c799984c65824465c97ab754630f9c904f908e6721509849733caddeb31f482dd2', 3, 3, 'ระบบถอนคืนเงินรายได้แผ่นดิน', '[]', 0, '2021-03-15 03:45:53', '2021-03-15 03:45:53', '2022-03-15 03:45:53'),
	('8461b4e48bb020f020f6c4ee23d64a1c2dcf36adf5d1f7fac29579e66210896e3c78a1c0b8eeab08', 2, 1, 'Laravel', '[]', 0, '2020-04-20 03:32:54', '2020-04-20 03:32:54', '2021-04-20 03:32:54'),
	('84da2740a73717550f05256f3330c246bd31bf70fbda24e9577d59cb0e44ba87c8908896012adb13', 1, 1, 'Laravel', '[]', 0, '2020-05-02 16:58:21', '2020-05-02 16:58:21', '2021-05-02 16:58:21'),
	('862293dbe7115f3a1537ba054e8ebe353341e707c320bed78cdfede1573887eaa221a5ea1b62b712', 3, 3, 'ระบบถอนคืนเงินรายได้แผ่นดิน', '[]', 0, '2021-03-15 03:35:19', '2021-03-15 03:35:19', '2022-03-15 03:35:19'),
	('86ef118f67aaf4ac52f7da633fcf5627dd0955ba61b74c85e30fe5b5faf594684be519d8f6857539', 1, 1, 'Laravel', '[]', 0, '2020-05-02 17:33:22', '2020-05-02 17:33:22', '2021-05-02 17:33:22'),
	('870255da01368a9ab2a046b5b55896f435d878e1cf2b6eb727bd5bb96b10dd06652df8b2fabce07c', 2, 3, 'Refund', '[]', 0, '2020-06-16 03:11:21', '2020-06-16 03:11:21', '2021-06-16 03:11:21'),
	('87b22cc9bcd5d9b7de0d38baf58519dbb0b5c0234205141ca77b431fa5451198203ff8bb288dcda6', 2, 1, 'Laravel', '[]', 0, '2020-05-03 13:18:27', '2020-05-03 13:18:27', '2021-05-03 13:18:27'),
	('8d793e15cedf522ecc2c726657f10b0e309c5af8db28ee8bcbc2d22d121413c24bd0f942758a1cfa', 1, 1, 'Laravel', '[]', 0, '2020-01-06 04:08:19', '2020-01-06 04:08:19', '2021-01-06 04:08:19'),
	('8e75f57edc93d79c6ad1f64a47494a61565035f62bf0a8180115fa74d651f0421d84b8a083a2e7ec', 1, 2, NULL, '[]', 0, '2019-12-26 03:46:48', '2019-12-26 03:46:48', '2020-12-26 03:46:48'),
	('8eaaf9e94d88ef51655e25e33c7426f47f95950d62f262e071b89950b9324fea4a334b319be502ec', 1, 1, 'Laravel', '[]', 0, '2020-01-06 04:10:57', '2020-01-06 04:10:57', '2021-01-06 04:10:57'),
	('8f054e56d216761d568ea24fb0673b5f2eb90f1820557f1d90d521adbc9e8b741c2ec23c0d94fad6', 2, 3, 'ระบบถอนคืนเงินรายได้แผ่นดิน', '[]', 0, '2020-08-14 08:46:54', '2020-08-14 08:46:54', '2021-08-14 08:46:54'),
	('90d4208e070a71282aa061c4df59765a241d3565a4e460705f20d074e1e2dad72e51a9baf1b36a3f', 1, 1, 'Laravel', '[]', 0, '2019-12-27 02:40:38', '2019-12-27 02:40:38', '2020-12-27 02:40:38'),
	('90e1dc92606400adf777789e15125bd9cfc379aa7eedaf2d427ebf93d4714eff9442caba56c08245', 1, 1, 'Laravel', '[]', 0, '2020-01-06 03:54:00', '2020-01-06 03:54:00', '2021-01-06 03:54:00'),
	('92a4e56026d62d90998aff59ef8257c4abd44f916097f14c82d8e6219c63e26806e06b5f72001c7b', 2, 3, 'Refund', '[]', 0, '2020-06-25 04:07:26', '2020-06-25 04:07:26', '2021-06-25 04:07:26'),
	('92dc2b0bf698952854a39bfa1d3a5a95826a3279a7e14726f6464d46c62f278e8c655193e6f097a4', 4, 3, 'Refund', '[]', 0, '2020-06-24 02:52:42', '2020-06-24 02:52:42', '2021-06-24 02:52:42'),
	('9405948c4057a6d8491acbe1d91f5c81f1d1fcaab0432e9cdb07371cf189ec29d0295243d6e3de63', 2, 3, 'Refund', '[]', 0, '2020-06-17 09:22:00', '2020-06-17 09:22:00', '2021-06-17 09:22:00'),
	('94c8a1faa47cf6a6260aca258288e79f91c76703f4e5b6fcf16843ff90708c17afce624451b438e8', 1, 1, 'Laravel', '[]', 0, '2020-01-06 04:00:22', '2020-01-06 04:00:22', '2021-01-06 04:00:22'),
	('955c5ba6602457bb75aea4aebdbd5ab7a61ddeb761906517349d9e34878ffae02ed99d183f4a4ddf', 1, 1, 'Laravel', '[]', 0, '2020-03-04 02:01:18', '2020-03-04 02:01:18', '2021-03-04 02:01:18'),
	('960508d7772e6d119f6895bbabbe08e0e7af65d076c87927d2b9f1ee5e82269b140b6d547dc2584d', 1, 1, 'Laravel', '[]', 0, '2020-05-02 17:51:49', '2020-05-02 17:51:49', '2021-05-02 17:51:49'),
	('965d7070ff828007646620b457a7d3ed3f0f073e2f8c7efd68f555ebb9c6e8469ee477a74a527506', 2, 3, 'Refund', '[]', 0, '2020-05-06 06:10:55', '2020-05-06 06:10:55', '2021-05-06 06:10:55'),
	('9694c2fc0aded38becd68502107ad0c83eadcc9c70ed3d8ff7d71ad7eed4a942914cd0352c6137e5', 2, 3, 'Refund', '[]', 0, '2020-06-01 09:31:56', '2020-06-01 09:31:56', '2021-06-01 09:31:56'),
	('96d8b9433a67839b440842fde3f512675bb8ba37a1530e6fad16d1e94a3c4b217955e3bdfca539b9', 2, 3, 'ระบบถอนคืนเงินรายได้แผ่นดิน', '[]', 0, '2020-08-28 08:57:29', '2020-08-28 08:57:29', '2021-08-28 08:57:29'),
	('975fff4f16cb375473cae129f73ced33c1c926580fc524a242d375688c8dd214d5ddfc5864855ae7', 2, 3, 'Refund', '[]', 0, '2020-06-25 04:06:54', '2020-06-25 04:06:54', '2021-06-25 04:06:54'),
	('9760ccdd118b6d8992ccd8139e0051c27f306da0b8b0c05ebc81a4bdc0bd9d54babcad60bc969ad3', 1, 1, 'Laravel', '[]', 0, '2020-01-06 04:00:16', '2020-01-06 04:00:16', '2021-01-06 04:00:16'),
	('9835a31e0ffd04a3026766276a6ea6074ef7f6ca24a5bfb025e1133b36ced6b42a3a14c54aae6bd4', 1, 3, 'Refund', '[]', 0, '2020-07-20 07:45:30', '2020-07-20 07:45:30', '2021-07-20 07:45:30'),
	('989da299b479b7e56672a28bc3a8e2514920c9d032839cd9397c17c71434557a06c3970a469751b8', 1, 3, 'Refund', '[]', 0, '2020-05-06 10:26:16', '2020-05-06 10:26:16', '2021-05-06 10:26:16'),
	('98ce6319faaaf9224a88510ea4c8ead74b9ab08f00cd8c1507e1e00cdd3c05eaca4ad183b3db450f', 1, 1, 'Laravel', '[]', 0, '2020-01-06 03:53:47', '2020-01-06 03:53:47', '2021-01-06 03:53:47'),
	('98e063c0c35a6aa26fdf9a04a78775ee3f712c6398298bd9939ff32fa90dfff3cc13b5bf5c44ff10', 2, 3, 'ระบบถอนคืนเงินรายได้แผ่นดิน', '[]', 0, '2021-03-23 07:00:39', '2021-03-23 07:00:39', '2022-03-23 07:00:39'),
	('99370bb5baef4edd3a1397084f8fd09eced861f1c85863d8acba4e18d378bbfa68d1d08c74413ae0', 1, 1, 'Laravel', '[]', 0, '2020-01-06 03:53:59', '2020-01-06 03:53:59', '2021-01-06 03:53:59'),
	('997e3299dafdf6bc091225ab110a7c1f1aec77381435ee754cc0ee6a18bd0c717fde74810e7fe29b', 2, 3, 'ระบบถอนคืนเงินรายได้แผ่นดิน', '[]', 0, '2021-03-24 03:48:00', '2021-03-24 03:48:00', '2022-03-24 03:48:00'),
	('99ea93320931b1d3e23ec2c632a94bd1e6dba9518547880a33ce9b6786c41dd93594b03cc114e620', 2, 3, 'Refund', '[]', 0, '2020-06-25 04:56:32', '2020-06-25 04:56:32', '2021-06-25 04:56:32'),
	('9ab2ad9730d3d6896631811a4e3b32a9ce6d6925002d5e48ec4b85d00c9a46a7be3b35978612cca6', 1, 3, 'Laravel', '[]', 0, '2020-05-03 15:03:17', '2020-05-03 15:03:17', '2021-05-03 15:03:17'),
	('9c73adbd103bad585b5e795a7b5157b5a18cbcf40c9ad7f3dc1af01e48f2e2892634f6072173c7ab', 2, 1, 'Laravel', '[]', 0, '2020-04-30 12:52:20', '2020-04-30 12:52:20', '2021-04-30 12:52:20'),
	('9e13d329b509a58db1d8de5f07ee3e3abce142b43d7a6920ca5d492fa0ac3aa0ea62343f0d3c2d59', 2, 3, 'Refund', '[]', 0, '2020-05-03 16:17:59', '2020-05-03 16:17:59', '2021-05-03 16:17:59'),
	('9e79704fe2f27ccc6bfd06e357a48304c9139370a0a36f4fb9817742f6d710bd5df9170421df24e0', 2, 3, 'Refund', '[]', 0, '2020-06-25 04:55:38', '2020-06-25 04:55:38', '2021-06-25 04:55:38'),
	('9f8540f9e96cc53c0f014baead9270df72fa907dde08ce33adf5198d37471534616416fc256d1344', 1, 3, 'Refund', '[]', 0, '2020-05-03 16:25:35', '2020-05-03 16:25:35', '2021-05-03 16:25:35'),
	('9fa8841431853e22d2dc21d3276e467ff18f13ff51784f655f9072fff20dd117a2f4617002a4edf2', 2, 3, 'Refund', '[]', 0, '2020-06-26 08:47:02', '2020-06-26 08:47:02', '2021-06-26 08:47:02'),
	('a01c374f3d1dd200867f1e15da9eee626229686daaf2db0263efe9af1698aedfe2970369c2b6c58b', 2, 3, 'ระบบถอนคืนเงินรายได้แผ่นดิน', '[]', 0, '2020-07-29 08:42:04', '2020-07-29 08:42:04', '2021-07-29 08:42:04'),
	('a07defe3fd5f7132c6010a2b23e74d343544bc1f3a97fc38f15d1ed4c63e76ad08526e306814c75f', 2, 1, 'Laravel', '[]', 0, '2020-05-02 17:42:25', '2020-05-02 17:42:25', '2021-05-02 17:42:25'),
	('a0a8cc081add98f1261a83c3de05b7c776741fb5fd0c29c5e741caaa2734aeef048b13653b3297a3', 2, 1, 'Laravel', '[]', 0, '2020-03-02 02:37:47', '2020-03-02 02:37:47', '2021-03-02 02:37:47'),
	('a1d1ea768ef4ff1dfb218cf983c590de522e1786b9587d61b7ec235e2166530837ed11397f67944f', 1, 3, 'Refund', '[]', 0, '2020-05-13 03:25:29', '2020-05-13 03:25:29', '2021-05-13 03:25:29'),
	('a2b325a9ecb709dbe1185e7f001ff1a5341c72d2d45b9a81d5f9e29ab5b50a762b582d6b1194b9a4', 1, 1, 'Laravel', '[]', 0, '2019-12-27 01:09:22', '2019-12-27 01:09:22', '2020-12-27 01:09:22'),
	('a377050abd689309d3ce4f0a439a1026ccac79b9f0b346748995a664848291eec0c47165c3a7e9df', 2, 3, 'Refund', '[]', 0, '2020-05-06 11:14:23', '2020-05-06 11:14:23', '2021-05-06 11:14:23'),
	('a3fa7aed35287dbc0bbc55e0cefd023df69ded906b13b5fb0e46dbb556689803466b0dfb9369b024', 2, 1, 'Laravel', '[]', 0, '2020-05-02 17:08:00', '2020-05-02 17:08:00', '2021-05-02 17:08:00'),
	('a4160cdccc03adb40482e0d99897e210047521979684521ccea99105368326dcd89f19ca022d41c6', 1, 1, 'Laravel', '[]', 0, '2020-01-06 04:04:25', '2020-01-06 04:04:25', '2021-01-06 04:04:25'),
	('a430a8a4d1848ed13ecbcd0212fa5f2ddadf2d422512a44154ac62180b948c91e1b2757da4266e33', 1, 1, 'Laravel', '[]', 0, '2020-05-02 17:06:20', '2020-05-02 17:06:20', '2021-05-02 17:06:20'),
	('a443cc723a0bf6cc2f7411699d79510eaa241ce179b364af5f1affd3f3358c12435bdd1722b6bd24', 1, 3, 'Laravel', '[]', 0, '2020-05-03 14:55:22', '2020-05-03 14:55:22', '2021-05-03 14:55:22'),
	('a47dde980227e308a1e73a8d9b3ce1f0b84e2ed8243bcd212373f58bbd4c3b2b7af22380051dba9a', 2, 3, 'Refund', '[]', 0, '2020-06-26 08:42:08', '2020-06-26 08:42:08', '2021-06-26 08:42:08'),
	('a4ac01512999504f705b41f01e39302c11e842fbff8656306de8b0b48952b14e96cf17ccd4628041', 2, 3, 'Refund', '[]', 0, '2020-07-15 08:03:03', '2020-07-15 08:03:03', '2021-07-15 08:03:03'),
	('a5166f3615eb63cea060211ca8dc30a2d24812e5686b727332accc978341c890510325a50a4437e7', 3, 3, 'ระบบถอนคืนเงินรายได้แผ่นดิน', '[]', 0, '2021-03-26 09:13:44', '2021-03-26 09:13:44', '2022-03-26 09:13:44'),
	('a678bb314f918dc86349e603313030fd533e9413ca81acefbf658eadcc8c49a8d63b7e7f64707f6b', 1, 1, 'Laravel', '[]', 0, '2020-05-02 20:02:22', '2020-05-02 20:02:22', '2021-05-02 20:02:22'),
	('a6a04f6512bd00c2fd85f36c0fff824fe5ae3c9be2508fdaf888052d632e36b0b9e3bf40e54bd9b1', 2, 3, 'ระบบถอนคืนเงินรายได้แผ่นดิน', '[]', 0, '2021-03-24 03:20:26', '2021-03-24 03:20:26', '2022-03-24 03:20:26'),
	('a6d6d7924f657fbe46c270ad3f4dd4032343243cbaad7f2fe158fef00d39b414baa0b3392950e6ce', 1, 1, 'Laravel', '[]', 0, '2020-05-02 18:55:17', '2020-05-02 18:55:17', '2021-05-02 18:55:17'),
	('a6dc243f90f666441a3bdab58acf9748932f25c3cf8fed3cfd1a6060e49395698d3d3455d05e4b89', 2, 1, 'Laravel', '[]', 0, '2020-04-28 13:21:42', '2020-04-28 13:21:42', '2021-04-28 13:21:42'),
	('a6f4691263be7c0c08da6597533db7c3a505fe9b1a28b361251076a90dc89186195cbf7585fe5f4e', 3, 3, 'Refund', '[]', 0, '2020-05-04 09:16:20', '2020-05-04 09:16:20', '2021-05-04 09:16:20'),
	('a707ce28e2d8ca5405b21c3b0a7561b9a1891f992123b02395c33f8010a9d838cc302548e9e4964e', 2, 3, 'ระบบถอนคืนเงินรายได้แผ่นดิน', '[]', 0, '2020-08-27 03:22:00', '2020-08-27 03:22:00', '2021-08-27 03:22:00'),
	('a74018c136998077a1447114354fd2324c66edb3fcab15fe6becb8f3a5c59b8c1ebe0b4e7a57bad5', 2, 3, 'ระบบถอนคืนเงินรายได้แผ่นดิน', '[]', 0, '2021-03-23 06:15:04', '2021-03-23 06:15:04', '2022-03-23 06:15:04'),
	('a80c7127b51b1f618f2359c6ccd6fed3e7c71b511b4d45537e2744d11607d3123e3a7895a2c55e10', 1, 1, 'Laravel', '[]', 0, '2020-05-03 14:12:43', '2020-05-03 14:12:43', '2021-05-03 14:12:43'),
	('aa1b3287f74b23d1bf5c02149a810564411c83b2a82635934b3032a48b37b5ff8ae771e1f2438fda', 1, 1, 'Laravel', '[]', 0, '2020-05-02 16:49:37', '2020-05-02 16:49:37', '2021-05-02 16:49:37'),
	('aa216bcbb42a48bb9a4f4e89d6263a08480746cd6ec08d19ac74617c1be4ea1ba514773830bf2fd6', 2, 3, 'ระบบถอนคืนเงินรายได้แผ่นดิน', '[]', 0, '2021-03-23 02:52:16', '2021-03-23 02:52:16', '2022-03-23 02:52:16'),
	('ab50e9938d16399b7708697d37be1b41c8b51581ad6a2c29f4fdfb8be595a2e38945fe39cfeed858', 1, 3, 'Refund', '[]', 0, '2020-05-06 10:21:56', '2020-05-06 10:21:56', '2021-05-06 10:21:56'),
	('abf6c73d4e6460ef0590302a4bf69777c5efedc808e74e4c45f5444a71bf07c6833819d5b4d815bd', 2, 3, 'Refund', '[]', 0, '2020-06-22 02:20:49', '2020-06-22 02:20:49', '2021-06-22 02:20:49'),
	('abf809ee7344dd99b1781fc0669b3cf86e0e9c18ee46e4800458e4f8f8cba3dce9d18daa8b4f1866', 2, 1, 'Laravel', '[]', 0, '2020-04-08 07:59:55', '2020-04-08 07:59:55', '2021-04-08 07:59:55'),
	('ad6c5fdca72a5d11f57cba583a2dc377e27fbba37c87990af99b385fab44405f99a54430291ab0c7', 1, 3, 'Refund', '[]', 0, '2020-05-06 10:02:18', '2020-05-06 10:02:18', '2021-05-06 10:02:18'),
	('ade894434f51e6ca9d98d40aac594e9d4cde129d2ca52061ec9cc6a7a78bd84608446d6225c8bf28', 1, 3, 'Refund', '[]', 0, '2020-05-06 10:08:43', '2020-05-06 10:08:43', '2021-05-06 10:08:43'),
	('ae29d591c38a9c0af5afa44ca422482062ca7134fe2952019f25a9a2f683d52587073948296069e1', 2, 1, 'Laravel', '[]', 0, '2020-01-06 03:54:09', '2020-01-06 03:54:09', '2021-01-06 03:54:09'),
	('aedf99bca5bb8b2726ad2e67eaf6976adb9d2967f67ec9f927ff78a37d113cf539300da5989bea55', 2, 3, 'ระบบถอนคืนเงินรายได้แผ่นดิน', '[]', 0, '2020-08-27 09:50:23', '2020-08-27 09:50:23', '2021-08-27 09:50:23'),
	('af3ac773c93d4f62874d4c7bb058b332f3d755973e6436303cfaf13c0c52c466ff077f7d81c4638d', 1, 1, 'Laravel', '[]', 0, '2020-01-06 04:00:22', '2020-01-06 04:00:22', '2021-01-06 04:00:22'),
	('af457c649c9b493775a0b7c0b1081f71343cf726303d040f91aff839573d2f53327eeecb54125831', 2, 3, 'Refund', '[]', 0, '2020-06-22 01:53:55', '2020-06-22 01:53:55', '2021-06-22 01:53:55'),
	('b0578594aa4a46ba38d427b2b4c31ae994e1592cc21165b1b639b7d2b6b855ffc6a2622532a9a5ed', 1, 1, 'Laravel', '[]', 0, '2020-03-04 02:09:25', '2020-03-04 02:09:25', '2021-03-04 02:09:25'),
	('b0ade71f064d6cb7cde8269e53db929e2878b65bc4f8ac4c8dc77f112071257862da2a92f9107dc3', 3, 3, 'Refund', '[]', 0, '2020-05-04 10:06:29', '2020-05-04 10:06:29', '2021-05-04 10:06:29'),
	('b118b6d0b5e201f4a1ac77e533ed613704c97d859021ab1852727158608f24b7322a689547a24658', 1, 2, NULL, '[]', 0, '2019-12-26 02:07:12', '2019-12-26 02:07:12', '2020-12-26 02:07:12'),
	('b1293037b0f8a3d2a6357177b5b2f05d65de9cb0f2a595c5db6a664e460678e1a34574518c71b48e', 1, 3, 'Refund', '[]', 0, '2020-05-06 10:05:52', '2020-05-06 10:05:52', '2021-05-06 10:05:52'),
	('b1ea9a550522628f2af64669c629c52813f0e837e24b4673fa9dfe23aabfd96bcbe73c471378e6a5', 2, 3, 'ระบบถอนคืนเงินรายได้แผ่นดิน', '[]', 0, '2020-08-26 05:00:03', '2020-08-26 05:00:03', '2021-08-26 05:00:03'),
	('b2935a7c728aa6a5d39ef128ff4063f10e7aedf59bb2ae14ff24b424d8c039ef2f57287dd072ec14', 2, 3, 'Refund', '[]', 0, '2020-06-26 01:37:18', '2020-06-26 01:37:18', '2021-06-26 01:37:18'),
	('b2ab46081fe52f6574a64545a84ac45901c51624d669e14a4f56d14da4e080494813fede61b620ab', 7, 3, 'Refund', '[]', 0, '2020-06-19 09:25:23', '2020-06-19 09:25:23', '2021-06-19 09:25:23'),
	('b2dd1b47a18a52e699358d855512bd2749a28bc788780df5695e6d97af5f17031dc5b2439d7e3296', 2, 3, 'Refund', '[]', 0, '2020-05-04 09:36:03', '2020-05-04 09:36:03', '2021-05-04 09:36:03'),
	('b34110e9efc0a2653e8a320abe2518a0c6c6dd2a5ef4d98f2e47247b306bbcf2f083068346d873db', 1, 3, 'Refund', '[]', 0, '2020-06-24 02:51:35', '2020-06-24 02:51:35', '2021-06-24 02:51:35'),
	('b365905f21156a73d097f63dcac620362dfeaeeb7f6315f2a41ef2989cd2a2cfe1d1ab474d2b1ed3', 2, 1, 'Laravel', '[]', 0, '2020-04-07 07:41:29', '2020-04-07 07:41:29', '2021-04-07 07:41:29'),
	('b4c91bf6d9505649c929e653db8216420f7f8cbef9aa7e7739e4d1b8deaf95f69339598511c8b6e9', 1, 1, 'Laravel', '[]', 0, '2020-01-06 04:00:21', '2020-01-06 04:00:21', '2021-01-06 04:00:21'),
	('b50b8face2b92560644f8a598188e399efc29264a0b8d22561e24b427f1ea758a66eddc064d19db1', 1, 1, 'Laravel', '[]', 0, '2020-05-02 18:30:23', '2020-05-02 18:30:23', '2021-05-02 18:30:23'),
	('b551fbb2f2d0bb5c960cbbcc72fc25dd39ad68ed4ca97b794d8c38192187bcb469a6fbbee85f3885', 2, 3, 'ระบบถอนคืนเงินรายได้แผ่นดิน', '[]', 0, '2021-03-29 09:24:37', '2021-03-29 09:24:37', '2022-03-29 09:24:37'),
	('b5fc3f6ba79ddf82f22b2eed422cb775ca844d08c257d143b3c96b9d4331de72c2930de286b12a22', 1, 1, 'Laravel', '[]', 0, '2020-05-03 07:58:10', '2020-05-03 07:58:10', '2021-05-03 07:58:10'),
	('b71ead8c3d7fc246a44e0e224a177ca0942ae87a36f0bc07db809bf7b352552fedaa25693bbc54cb', 2, 3, 'Refund', '[]', 0, '2020-06-26 08:41:33', '2020-06-26 08:41:33', '2021-06-26 08:41:33'),
	('b7dc10ab01e9a70384ffa884c6a47ca177ec8d738a71ea263b579d73bd49539eb589024bf2286e0a', 2, 3, 'ระบบถอนคืนเงินรายได้แผ่นดิน', '[]', 0, '2021-01-19 02:32:18', '2021-01-19 02:32:18', '2022-01-19 02:32:18'),
	('b877e705ddec56e2161a26d144a0423a7dedaa39242538883398f024786b7606eae91349a593e28e', 2, 3, 'Refund', '[]', 0, '2020-05-05 03:38:10', '2020-05-05 03:38:10', '2021-05-05 03:38:10'),
	('b89871077e5279d45c65069db8f5781e3e70f4d0cf367f10672ddffd814bff3521a7a6384b17fd31', 1, 1, 'Laravel', '[]', 0, '2020-05-02 17:13:56', '2020-05-02 17:13:56', '2021-05-02 17:13:56'),
	('b8abbb3c3d50330dafbac53fb875ea6bb15c6442053d199521dc67cd371238a67e3fa3fa17a68862', 2, 3, 'ระบบถอนคืนเงินรายได้แผ่นดิน', '[]', 0, '2021-03-25 17:07:40', '2021-03-25 17:07:40', '2022-03-25 17:07:40'),
	('ba4654e90a09bcf9c38237e204b9b28e6b82e69d809a5253d850464bd62e14ace7eac89ffb430dfb', 1, 2, NULL, '[]', 0, '2019-12-26 09:11:16', '2019-12-26 09:11:16', '2020-12-26 09:11:16'),
	('bc18a6b2730dde13b7c241f42ac147e05b5e6dce306426ae576819a37935544846b2206ed8a320d2', 2, 3, 'Refund', '[]', 0, '2020-05-06 19:28:38', '2020-05-06 19:28:38', '2021-05-06 19:28:38'),
	('bc60209e5947c82bfcb5020c7e5bacff19c2ff8eacf22c9b47fd82cfe0b0e7d095bfe7cf3f235d08', 2, 3, 'ระบบถอนคืนเงินรายได้แผ่นดิน', '[]', 0, '2020-08-27 03:30:51', '2020-08-27 03:30:51', '2021-08-27 03:30:51'),
	('bcf11fc8570c1fc008049a0e9d8741e57f715310dabba9283ddb354e8b23d367177577dfa069a57c', 2, 1, 'Laravel', '[]', 0, '2020-03-03 06:59:51', '2020-03-03 06:59:51', '2021-03-03 06:59:51'),
	('bdcb1350a63a2aa5234408a985e657ba4da5c6a3e3db4fa09ed28d24d68b8faefc75c62b2f117845', 2, 3, 'ระบบถอนคืนเงินรายได้แผ่นดิน', '[]', 0, '2020-08-20 06:38:16', '2020-08-20 06:38:16', '2021-08-20 06:38:16'),
	('be3225ee4c0004f57653df312a8c5dc141cb54dab5dc3fd7ffcc3ac1f36193094f9e6a05966d42d8', 1, 1, 'Laravel', '[]', 0, '2020-05-02 19:09:30', '2020-05-02 19:09:30', '2021-05-02 19:09:30'),
	('be8ebd72cc42ec3464e5684f22d489522a6c8374d6c0ca4e0a8bbfe8664847043490ead6b41067b9', 2, 3, 'Refund', '[]', 0, '2020-07-20 06:54:45', '2020-07-20 06:54:45', '2021-07-20 06:54:45'),
	('be90e338d670bd6762a8792cf78af92aa4496066b0eadc952b787cb60130ef1a44609a11e5391726', 2, 3, 'ระบบถอนคืนเงินรายได้แผ่นดิน', '[]', 0, '2021-03-23 09:00:43', '2021-03-23 09:00:43', '2022-03-23 09:00:43'),
	('bf0fad62fc0793d68b1a8e5abbd5669be67f0e9b530370cea199704167e467ef9506c084d5ac3081', 2, 3, 'ระบบถอนคืนเงินรายได้แผ่นดิน', '[]', 0, '2021-03-23 09:00:17', '2021-03-23 09:00:17', '2022-03-23 09:00:17'),
	('bf51332d6a50271edde78c55f1322d9010df8be74be42d1e049a1292a7988f3306bf37d1fb6552af', 1, 1, 'Laravel', '[]', 0, '2020-01-06 03:55:05', '2020-01-06 03:55:05', '2021-01-06 03:55:05'),
	('bf5594aeaf3b8ce32d57a24c55c4f8d19a39a109b32ada37d9ec63a305c26b8285915f525989038c', 2, 1, 'Laravel', '[]', 0, '2020-04-13 02:07:05', '2020-04-13 02:07:05', '2021-04-13 02:07:05'),
	('bffaf8dba849a21a61eb5f006eeb9614980ee8339ed904c39780c5948ddcfd520d50769f08df5557', 1, 3, 'Refund', '[]', 0, '2020-05-05 10:02:24', '2020-05-05 10:02:24', '2021-05-05 10:02:24'),
	('c01c891c22679f00815339364c67591263a05df7e901f3d949fd988d66e5d8ddc6e774c5601e3dc6', 1, 3, 'Refund', '[]', 0, '2020-05-06 10:02:45', '2020-05-06 10:02:45', '2021-05-06 10:02:45'),
	('c1ce2b03baec2c9362315ead64b8f7a99ca4ca4356f5b0b6b6fece9ff11196a287e1091b15ca4767', 2, 1, 'Laravel', '[]', 0, '2020-03-03 06:42:09', '2020-03-03 06:42:09', '2021-03-03 06:42:09'),
	('c200dda0cb202bca28ab26158736ab5a2219dd0f85faac5591f0f690f362f06ce7281500be0c8e1b', 2, 3, 'ระบบถอนคืนเงินรายได้แผ่นดิน', '[]', 0, '2020-08-27 03:47:13', '2020-08-27 03:47:13', '2021-08-27 03:47:13'),
	('c20e49bbb41b30eb43bc0bffba47c3e5d9a88f4ed1049029c3064f2c16d968b13439017ebbd37650', 1, 1, 'Laravel', '[]', 0, '2020-05-02 17:03:37', '2020-05-02 17:03:37', '2021-05-02 17:03:37'),
	('c28a28aae6ba5e0f2e76e02c5a16854bde9064258e820a334fb5c72e7c53f689d0ff11afd15d7957', 1, 1, 'Laravel', '[]', 0, '2020-05-03 11:14:07', '2020-05-03 11:14:07', '2021-05-03 11:14:07'),
	('c29935a9aff577ddec22810aaa6d294aabc88d7938149be68b9dce92629fb6906cba921ac0c78b87', 1, 1, 'Laravel', '[]', 0, '2020-04-09 06:58:55', '2020-04-09 06:58:55', '2021-04-09 06:58:55'),
	('c2fbdecacd978944958ab819f312e9158b8ea7ec5d35151667d3dfca7874feb98841578a25efdd7a', 1, 1, 'Laravel', '[]', 0, '2020-05-03 09:29:45', '2020-05-03 09:29:45', '2021-05-03 09:29:45'),
	('c4187957d31f389d9cf512e7910c7dc920d7d577b0de00f22908fffce773d0c0fdf9d26d23c2b60b', 1, 3, 'Refund', '[]', 0, '2020-05-06 10:18:18', '2020-05-06 10:18:18', '2021-05-06 10:18:18'),
	('c457c6ef07f99a8d236b6b7c61f4b15cbdf61faecd2f5488e6a9c88f848dbe5ab146f32725bc3421', 2, 1, 'Laravel', '[]', 0, '2020-04-07 02:33:01', '2020-04-07 02:33:01', '2021-04-07 02:33:01'),
	('c4b39fdec8e36737a0e07188bfa6acc2fd7c07181383e6a3b1679cc0cc76429c9fee517ac95e7c4d', 2, 1, 'Laravel', '[]', 0, '2020-03-06 03:17:19', '2020-03-06 03:17:19', '2021-03-06 03:17:19'),
	('c4d2b4cbe1473941f13c79c3d403973879bf2fc3392dd8fb568cc9aa4b5e735329115f4f285d5933', 2, 1, 'Laravel', '[]', 0, '2020-03-03 07:00:44', '2020-03-03 07:00:44', '2021-03-03 07:00:44'),
	('c4d66df2799b52423a3d14850b1d5df69f2cc2c1f2b1f730656d041b3eb681118f64602b874086d0', 2, 1, 'Laravel', '[]', 0, '2020-03-04 08:40:09', '2020-03-04 08:40:09', '2021-03-04 08:40:09'),
	('c4d9ac8ca172a6006eef94a107090f3534847a851ec9dff7d8d8f9b8c98a062314147ece61e449af', 1, 1, 'Laravel', '[]', 0, '2020-01-06 03:55:59', '2020-01-06 03:55:59', '2021-01-06 03:55:59'),
	('c60c8aede7d1f5ecb364906c43bc8fa7f11d67b4c858c45157e80647457cea08e36c3df8caaa6973', 2, 1, 'Laravel', '[]', 0, '2020-04-10 02:30:17', '2020-04-10 02:30:17', '2021-04-10 02:30:17'),
	('c6c72de8c22e87df6748109b0575253855cf20f8a434e31a0dc47523400c41403836d7310196f55d', 2, 3, 'ระบบถอนคืนเงินรายได้แผ่นดิน', '[]', 0, '2021-03-24 07:37:03', '2021-03-24 07:37:03', '2022-03-24 07:37:03'),
	('c71dd2b11e0e81ee25ceca75a830ec4184308b2a90ab272cc15676936b45bfaf5649793eebd9636e', 2, 1, 'Laravel', '[]', 0, '2020-05-02 11:16:14', '2020-05-02 11:16:14', '2021-05-02 11:16:14'),
	('c8bb9fdb9cc5aa842b5021dd2dc640c7e3bf2bb6045466e62fa533f3cf5d77178e5679487e6e3fb3', 1, 1, 'Laravel', '[]', 0, '2020-01-06 03:54:34', '2020-01-06 03:54:34', '2021-01-06 03:54:34'),
	('ca1c0dada859d81de2a85b285931ced09b0066704991d2ab823f7a3f8eccec0922e983b03ddb1d35', 2, 3, 'ระบบถอนคืนเงินรายได้แผ่นดิน', '[]', 0, '2021-03-23 06:38:41', '2021-03-23 06:38:41', '2022-03-23 06:38:41'),
	('ca2692def5b21aeaa2509af0fe61c03f381d0403e9470087fb15b001cfef74055ea554dad61dab35', 1, 1, 'Laravel', '[]', 0, '2020-01-06 04:00:23', '2020-01-06 04:00:23', '2021-01-06 04:00:23'),
	('cbf1b87aca6c66b90f06651edc0e51da5e86fe30718e98df2c4c55512e74078722bc4e246ea13e86', 1, 3, 'Refund', '[]', 0, '2020-05-06 14:46:25', '2020-05-06 14:46:25', '2021-05-06 14:46:25'),
	('cbf6788adb4066e79eda83f64c11113eae532f049fd5c37709e420c037d1001e987967d36ddb9e7e', 2, 3, 'ระบบถอนคืนเงินรายได้แผ่นดิน', '[]', 0, '2020-09-22 04:02:29', '2020-09-22 04:02:29', '2021-09-22 04:02:29'),
	('cc43a474f22b2eb3d889819151424fa4d31245ee1a5c2e457056a563a31e7090265902f8c9e8c9a3', 1, 1, 'Laravel', '[]', 0, '2020-05-02 19:17:59', '2020-05-02 19:17:59', '2021-05-02 19:17:59'),
	('ccae057eb13e78189d1b1a7f5d0b665fba1f89e77a07b2b2e006c0b2c96b4a3bf57c652263a9706c', 1, 3, 'Refund', '[]', 0, '2020-05-04 10:07:51', '2020-05-04 10:07:51', '2021-05-04 10:07:51'),
	('cd5983ffa92ddc2d701ea83fac2f8cebc20f9e05370d2d1d2b3f8bf3ed69a7059c24bee6cd977c72', 1, 1, 'Laravel', '[]', 0, '2020-01-06 04:10:39', '2020-01-06 04:10:39', '2021-01-06 04:10:39'),
	('ce14a53d7a96c9c49eb0e1aa0247c0c1d9d12b02751ff9d1352d88e2263f4e2edf855c379bd32b45', 1, 3, 'Refund', '[]', 0, '2020-05-06 10:13:46', '2020-05-06 10:13:46', '2021-05-06 10:13:46'),
	('ce327d7b8ef8c781bbe84115de4a94ba69e32c478be77b59ecccfc4c7c1c70dc873409eebd676613', 2, 1, 'Laravel', '[]', 0, '2020-05-01 13:18:15', '2020-05-01 13:18:15', '2021-05-01 13:18:15'),
	('cf1888d3de15823cd71ab09c7b3658c08f1cf6366d196e0ff2626c1d48166a8c9f9c28ead978d241', 2, 3, 'Refund', '[]', 0, '2020-05-05 13:50:27', '2020-05-05 13:50:27', '2021-05-05 13:50:27'),
	('cf3420c4e1369e4eca52b0cf7ae3c56bcb79ba54fb985cb4c0bc0d7926ce11693982ca2607e323e4', 1, 1, 'Laravel', '[]', 0, '2020-05-02 19:13:18', '2020-05-02 19:13:18', '2021-05-02 19:13:18'),
	('cf864b945be99c15a33c9f9cc255d8a9ff97e5e7eea537068c143c7da37c43ac7e6675b56497b23b', 3, 3, 'Refund', '[]', 0, '2020-06-25 04:05:49', '2020-06-25 04:05:49', '2021-06-25 04:05:49'),
	('cfbbf46c69f2c9986b2b967c7148b92af6e500a8da3dfeff24b5d2afb317e40d3b01e876f367ee53', 2, 3, 'Refund', '[]', 0, '2020-05-03 15:49:59', '2020-05-03 15:49:59', '2021-05-03 15:49:59'),
	('d0518cb9adb3a44c71051672026af04263f3019bab46e102a883cbb826646871f5f09e9597d5ee3c', 1, 1, 'Laravel', '[]', 0, '2019-12-27 06:57:13', '2019-12-27 06:57:13', '2020-12-27 06:57:13'),
	('d0d2034e3ad74cd6a2a425f51c501770c52c39c5577a912a8216439d5ef038b67a465cfeec81f5e7', 1, 1, 'Laravel', '[]', 0, '2020-01-06 03:57:22', '2020-01-06 03:57:22', '2021-01-06 03:57:22'),
	('d144f3c1eb595f2ca731c289a5e680c257be013da07206e2bc29ff978bd54d8bfc91f5711ff8fbe6', 2, 3, 'Refund', '[]', 0, '2020-06-25 05:19:54', '2020-06-25 05:19:54', '2021-06-25 05:19:54'),
	('d1664aa3022d326d913072570fc2f03fd4a6a19e6ab45477ead45207a451e393144b1e32ca8c5298', 5, 3, 'ระบบถอนคืนเงินรายได้แผ่นดิน', '[]', 0, '2020-08-26 06:28:55', '2020-08-26 06:28:55', '2021-08-26 06:28:55'),
	('d20b95875c3faab328483da4b3cb4c8a8770ee882bf149e8415f4a705ae71bd1b86e68ef1e193380', 1, 1, 'Laravel', '[]', 0, '2020-05-02 17:51:26', '2020-05-02 17:51:26', '2021-05-02 17:51:26'),
	('d30b450a670c5468fc5f3547b8e27a45b2384acb3857a706e3e99b17b36dc9ef99b5fef82377c63c', 1, 1, 'Laravel', '[]', 0, '2020-01-06 03:57:23', '2020-01-06 03:57:23', '2021-01-06 03:57:23'),
	('d3dcaa9aaaa8a930a7a73af3b3d7cb6f71a085fc7fbf770ac5ef3fe21d24e436bef3d14fae22f06e', 2, 3, 'ระบบถอนคืนเงินรายได้แผ่นดิน', '[]', 0, '2021-03-29 14:51:03', '2021-03-29 14:51:03', '2022-03-29 14:51:03'),
	('d4ee16271e7262e293a9362ffb1c50ff15e65897637a3b281d8df505760d4edbba146b8bfa8feb50', 2, 1, 'Laravel', '[]', 0, '2019-12-27 06:57:28', '2019-12-27 06:57:28', '2020-12-27 06:57:28'),
	('d531f73d4fcc943d203f96ca65406acd42fdb069863045703436299cea99760dbbe84814c95a081d', 1, 3, 'Refund', '[]', 0, '2020-05-06 10:12:48', '2020-05-06 10:12:48', '2021-05-06 10:12:48'),
	('d5adce49f477818608608d1adefa5969387362bb0181d59875cdc3c58bf095a4cba444dc581ec9f4', 2, 1, 'Laravel', '[]', 0, '2020-03-02 07:01:59', '2020-03-02 07:01:59', '2021-03-02 07:01:59'),
	('d6762527c700578aa8927cf03295e03327290a8258a82fa0a2e3a0fbecda2bec12273b7dd9b925c1', 2, 3, 'ระบบถอนคืนเงินรายได้แผ่นดิน', '[]', 0, '2020-08-27 03:00:45', '2020-08-27 03:00:45', '2021-08-27 03:00:45'),
	('d6895f05716b9ceb12d3caf8b672963904660aa493dcf3312e76d580aae09b3adc89ef8d57cd78f5', 1, 1, 'Laravel', '[]', 0, '2020-01-06 03:57:23', '2020-01-06 03:57:23', '2021-01-06 03:57:23'),
	('d79fb7c8ac43a6a9e0c8e9a20e1bd38598b73ae21bfd10463b8afa72fed3f4de83053612edab2908', 2, 1, 'Laravel', '[]', 0, '2020-03-03 02:41:18', '2020-03-03 02:41:18', '2021-03-03 02:41:18'),
	('d892e745dcbb6d3c63ebba3cddaf6f33572346e9328d877781dfa7964cfe9120c9dcdba24ad49232', 1, 1, 'Laravel', '[]', 0, '2020-01-06 03:55:08', '2020-01-06 03:55:08', '2021-01-06 03:55:08'),
	('d89866c242afad676d3a5cfecbce96133daff1cd8a04c25b66a39f367a7f24d577a62ce2dbe2a9f6', 1, 1, 'Laravel', '[]', 0, '2020-05-02 18:13:46', '2020-05-02 18:13:46', '2021-05-02 18:13:46'),
	('d8d1d0da1548cf3edad13e5b66dd83b78afa8379fcafebef1b6e98bb0d20edb8ec6b9f221cd1585c', 1, 3, 'Refund', '[]', 0, '2020-05-06 10:16:27', '2020-05-06 10:16:27', '2021-05-06 10:16:27'),
	('d977c1f40aae2d711da8aa7f802a4774cf10a3bfdb136e0f3c99cd5637cc74c1a34a7484d7df2901', 1, 3, 'ระบบถอนคืนเงินรายได้แผ่นดิน', '[]', 0, '2021-03-01 06:42:28', '2021-03-01 06:42:28', '2022-03-01 06:42:28'),
	('da6d37a0a781d7318d9972a2bc71ae3c4d0c54318a5f036a7a2d0fa5381e4e4a42e232e3e2c59cd0', 2, 1, 'Laravel', '[]', 0, '2020-04-07 07:27:40', '2020-04-07 07:27:40', '2021-04-07 07:27:40'),
	('db30cf4b68e52fc637d10d6062d75ac7c63e206ec269d7f7563cabc9d73327a0ba81a7bab895b506', 2, 1, 'Laravel', '[]', 0, '2020-05-03 07:58:23', '2020-05-03 07:58:23', '2021-05-03 07:58:23'),
	('db6abe7ed286aeb4e39ecc9581be96a5cd501efd8253c16465e30482ae94742a148ffb3b1b828a57', 2, 3, 'ระบบถอนคืนเงินรายได้แผ่นดิน', '[]', 0, '2021-03-22 06:50:52', '2021-03-22 06:50:52', '2022-03-22 06:50:52'),
	('dbff927e28087f964bd61e92c44059dc0d3c73de2f4cecdd2261b8bd6152009c1e921807eb713549', 1, 1, 'Laravel', '[]', 0, '2020-01-06 03:55:08', '2020-01-06 03:55:08', '2021-01-06 03:55:08'),
	('dc585b9e574a752b8dc76dafa834c6620617b0bc2bfa8882ee579799f062b3e0b86005050f2fb9bd', 2, 3, 'ระบบถอนคืนเงินรายได้แผ่นดิน', '[]', 0, '2020-08-26 06:48:44', '2020-08-26 06:48:44', '2021-08-26 06:48:44'),
	('dccd385f4fbc85783850ad783dee5c1fd62b0b275d28838c1b9a561f8b3a422ab5d96119ff7ab52a', 2, 3, 'Refund', '[]', 0, '2020-05-04 13:20:07', '2020-05-04 13:20:07', '2021-05-04 13:20:07'),
	('dd3efe801d3cdbe9519c2f292692d140e506ab0f4281d22c2bab4974fff431e38a24eeb2e1b84934', 2, 3, 'ระบบถอนคืนเงินรายได้แผ่นดิน', '[]', 0, '2020-08-20 08:40:06', '2020-08-20 08:40:06', '2021-08-20 08:40:06'),
	('dd6a801b533c446a681d238f004e23cd71df14b2d24eb540f1527138af8299f6cf9441686d3abedc', 1, 1, 'Laravel', '[]', 0, '2020-01-06 04:04:24', '2020-01-06 04:04:24', '2021-01-06 04:04:24'),
	('dd8c4b6df672f8e5721407326ffd10bdfbf73920ddb13acb0d8d6c47d7c729e26254803d8e6d7166', 2, 3, 'ระบบถอนคืนเงินรายได้แผ่นดิน', '[]', 0, '2021-03-01 06:41:02', '2021-03-01 06:41:02', '2022-03-01 06:41:02'),
	('de09f0b2154476451b473865256dfd7f3183328ac822f7d1263bd3b9f2aa3cb79fcf9b910fb8b3f0', 5, 3, 'ระบบถอนคืนเงินรายได้แผ่นดิน', '[]', 0, '2020-08-26 04:58:24', '2020-08-26 04:58:24', '2021-08-26 04:58:24'),
	('e0e0e3c696e79b98665a0d10dfb52fb941c8f7ca4e8df0594d2dd7e744cacc2f5e0f931416fb59a8', 2, 1, 'Laravel', '[]', 0, '2020-05-02 19:13:49', '2020-05-02 19:13:49', '2021-05-02 19:13:49'),
	('e1639cc2147ab719b6b22f6b040fb60c02d57bc1370c7d3c01b8b8ce675377447b00fa4af3273014', 1, 1, 'Laravel', '[]', 0, '2020-01-06 04:08:19', '2020-01-06 04:08:19', '2021-01-06 04:08:19'),
	('e226e2f599e8c7c70b835c72e4bd98fea1ca35043545aeb89c400aeee86e39cc262cb1bde2032dba', 1, 1, 'Laravel', '[]', 0, '2020-01-06 04:08:20', '2020-01-06 04:08:20', '2021-01-06 04:08:20'),
	('e256b915af4e0776ddb7a8a98098061e1c3c956d56e646259c41fbfe2316b5f5f17edcdc49898046', 1, 2, NULL, '[]', 0, '2019-12-26 09:17:21', '2019-12-26 09:17:21', '2020-12-26 09:17:21'),
	('e2c61a8528ecdcd93262ef21c049575dd08c2c81fd9b7e8569236535dd6c0d964f9ae155a5409e61', 2, 3, 'Refund', '[]', 0, '2020-07-24 07:35:37', '2020-07-24 07:35:37', '2021-07-24 07:35:37'),
	('e2fad9b4b7d65da8da484dc7090d5dca79ce2e8493461a361bf89166e2835b6b93d946701feec414', 1, 1, 'Laravel', '[]', 0, '2020-05-02 17:44:13', '2020-05-02 17:44:13', '2021-05-02 17:44:13'),
	('e351c03e00730fec8ccc050aaa33c55d45c8359a16f3291a1ac44e722823acab75e02a53e43bc511', 1, 3, 'Laravel', '[]', 0, '2020-05-03 14:34:57', '2020-05-03 14:34:57', '2021-05-03 14:34:57'),
	('e3acfd3138653ace53e1f7a39045059cf3e05a01c8d113db67a764f9bfdbc94ecb1713d875b3cfe6', 2, 3, 'Refund', '[]', 0, '2020-06-24 09:16:03', '2020-06-24 09:16:03', '2021-06-24 09:16:03'),
	('e3ccb8823a497c2704bb3a1517384dbe16a39ad8b91762dee98bf60d1ca6d4a068c9e5bea4274006', 1, 1, 'Laravel', '[]', 0, '2020-04-08 08:56:38', '2020-04-08 08:56:38', '2021-04-08 08:56:38'),
	('e403b47ce0a69eb52e9f14d68a8b6cf326b74c3938d47325413955c59b6bc8dd99ef35b5d796224f', 2, 3, 'Refund', '[]', 0, '2020-05-04 08:43:22', '2020-05-04 08:43:22', '2021-05-04 08:43:22'),
	('e40a2490779725d841c3dda7b0a6215a8725f35d0b57f242103ab3c5345b16a01de039b81f9e2a26', 2, 3, 'ระบบถอนคืนเงินรายได้แผ่นดิน', '[]', 0, '2020-08-21 03:25:24', '2020-08-21 03:25:24', '2021-08-21 03:25:24'),
	('e498b9ba8f39b42a9763d79727a13d11d51f574820db1934e45b8f36485a662e291c9ffb94aae8de', 1, 1, 'Laravel', '[]', 0, '2020-01-06 03:57:24', '2020-01-06 03:57:24', '2021-01-06 03:57:24'),
	('e527953494234fb229e556b691a264ac816ff7bc502f883d328e90b14a094b9fb605e02cba9854fd', 1, 1, 'Laravel', '[]', 0, '2020-01-06 03:54:35', '2020-01-06 03:54:35', '2021-01-06 03:54:35'),
	('e7139172614d4bcf9ad0e8c330bf33f3082853d14f6158b874c4fc9520d6554f44a3a51daca7976e', 2, 1, 'Laravel', '[]', 0, '2020-04-08 04:43:40', '2020-04-08 04:43:40', '2021-04-08 04:43:40'),
	('e7c3d1185faa7a6300d05ed57f7a51fb28dc1176d0dd4ab0fb7d90669d00c9122a079d354e06ab77', 1, 3, 'Refund', '[]', 0, '2020-05-06 10:19:39', '2020-05-06 10:19:39', '2021-05-06 10:19:39'),
	('e8312add844ff671585be9c4a62d74a9f0ec35b32144aeacf31f36082c05d449a2590c639ad090ba', 1, 1, 'Laravel', '[]', 0, '2020-01-06 04:08:18', '2020-01-06 04:08:18', '2021-01-06 04:08:18'),
	('e8781c6d578b9d6af860b15a7dc40c23a4d30414d6ee99fd019ad242ccd004fd5e08e4c23fce4eaa', 1, 1, 'Laravel', '[]', 0, '2020-05-02 17:05:56', '2020-05-02 17:05:56', '2021-05-02 17:05:56'),
	('e8cd62d59f9a83df2de0f175e7ab1dfb3050dd3cb7c4dcd1d7dc8b2c4fbbe0ca8b45bcd4f6dc1897', 2, 3, 'Refund', '[]', 0, '2020-05-06 18:44:45', '2020-05-06 18:44:45', '2021-05-06 18:44:45'),
	('e8dc12dde6691db3b4633d8cc1b0012e200a9afe1fb800df0a39cc8593a935c63c6cfa7ece1f21a4', 1, 3, 'ระบบถอนคืนเงินรายได้แผ่นดิน', '[]', 0, '2021-03-29 14:53:10', '2021-03-29 14:53:10', '2022-03-29 14:53:10'),
	('ea24667654175af9a30c4be62af80b8c04496f90187270a2be65f36a0f3eb7a8e3a04cb194b00457', 2, 3, 'Refund', '[]', 0, '2020-06-26 02:59:22', '2020-06-26 02:59:22', '2021-06-26 02:59:22'),
	('eb2f0e71f5c38b97101ded17a8a195afec09ee43a9058ec95277c247f8883f0ddb11b20d44b7a041', 1, 3, 'Laravel', '[]', 0, '2020-05-03 14:45:29', '2020-05-03 14:45:29', '2021-05-03 14:45:29'),
	('eb4f16d65e383180585f2f2436f6239d9682e4bafd67324b1e10fec1d7696327d1869046070034ed', 1, 3, 'ระบบถอนคืนเงินรายได้แผ่นดิน', '[]', 0, '2021-03-24 04:19:58', '2021-03-24 04:19:58', '2022-03-24 04:19:58'),
	('eba7a67cc45e05cce4d28c256393ea1ea3c44db6037700f38514b43185c080d394fe71cac9841d36', 1, 1, 'Laravel', '[]', 0, '2020-03-02 02:40:11', '2020-03-02 02:40:11', '2021-03-02 02:40:11'),
	('ebcf8095899616a04fbd6e95d225d2d2dab7a56439e88b8eb15edf882a392463a39b3d2d627cd1b6', 2, 3, 'ระบบถอนคืนเงินรายได้แผ่นดิน', '[]', 0, '2020-08-26 07:55:45', '2020-08-26 07:55:45', '2021-08-26 07:55:45'),
	('ec5714588e13b343a3f57aa74bde197c03e3789fb91014ab551eba0fe864afd2810474edb171c809', 1, 1, 'Laravel', '[]', 0, '2020-05-02 17:14:10', '2020-05-02 17:14:10', '2021-05-02 17:14:10'),
	('ec5e5836be8b10ed6b7abf3ed1801f8256aa45f4eed9095ca7e9fe24b5f62c16a3b6d794e82e8e1c', 2, 1, 'Laravel', '[]', 0, '2020-03-11 01:28:18', '2020-03-11 01:28:18', '2021-03-11 01:28:18'),
	('ec78e1bd465e993c0424a33aae105df3c18a11dcbc732b7e6a04b345505d82d5f33408e4e155f13b', 2, 3, 'ระบบถอนคืนเงินรายได้แผ่นดิน', '[]', 0, '2021-03-23 04:36:53', '2021-03-23 04:36:53', '2022-03-23 04:36:53'),
	('ed080d9c8fc47f8b14db5c9b5518027c0e25863c3f5a08beca8f79ee857b28167a83de5821d477f7', 2, 3, 'ระบบถอนคืนเงินรายได้แผ่นดิน', '[]', 0, '2021-05-03 13:49:35', '2021-05-03 13:49:35', '2022-05-03 13:49:35'),
	('ede6b75832ef3c64eea347883615d1b9e9835f39439f25ea66982fc0fbf6116591e4c5f1a4d39dc4', 2, 1, 'Laravel', '[]', 0, '2020-03-02 03:46:19', '2020-03-02 03:46:19', '2021-03-02 03:46:19'),
	('ee2e2f35a02283d4f0c1e1e53a71896979d338a39aad798c19de7118163374cf73921edc817396cf', 2, 3, 'ระบบถอนคืนเงินรายได้แผ่นดิน', '[]', 0, '2020-08-28 08:57:33', '2020-08-28 08:57:33', '2021-08-28 08:57:33'),
	('ee360785c5feb76e60d0b699129170f4341da13b77100bd74e5528884559bb22b876dade2bd63d78', 1, 1, 'Laravel', '[]', 0, '2020-01-06 04:08:16', '2020-01-06 04:08:16', '2021-01-06 04:08:16'),
	('f0d024e40532fa89eee03796f255d18d0a5e3f56059d9aa284baca2e5a79bfd61d34625d8d1692a3', 2, 3, 'Refund', '[]', 0, '2020-06-24 09:31:00', '2020-06-24 09:31:00', '2021-06-24 09:31:00'),
	('f0dcbfb00ed10429be2ba82ca42ec764955ef82acb3b138985656171ac223e8bececb57a92d9e9c8', 2, 1, 'Laravel', '[]', 0, '2020-01-06 03:54:08', '2020-01-06 03:54:08', '2021-01-06 03:54:08'),
	('f194840fcf7e7ad676606cc3a68170c459505c7327849bc8ff91a5638be2501a3373358fd8fc18a7', 1, 2, NULL, '[]', 0, '2019-12-26 03:42:31', '2019-12-26 03:42:31', '2020-12-26 03:42:31'),
	('f1b1c9c6028dd2926d3e636cad2deafb2f5ae215fc8424d0d2611677b50bdfe0a7927654479ecd31', 2, 3, 'Refund', '[]', 0, '2020-05-05 12:47:31', '2020-05-05 12:47:31', '2021-05-05 12:47:31'),
	('f1ddbb32f62eaa751c5e4029bb83e8337ff0b5ce9c73c3e82cbbda3e272a0e5c68d869e382bd6b5c', 2, 3, 'ระบบถอนคืนเงินรายได้แผ่นดิน', '[]', 0, '2021-03-25 13:18:11', '2021-03-25 13:18:11', '2022-03-25 13:18:11'),
	('f208ce7619b0e630dc3bb89df38c9b8bf30dbde43f887ce0b9ae038e7d6a9f80bddd147f35b1ca5c', 2, 3, 'Refund', '[]', 0, '2020-07-01 02:20:33', '2020-07-01 02:20:33', '2021-07-01 02:20:33'),
	('f2114699b37cff81d1b54f57c2717738e2728768ae28b2aa04c799727af97f9cd0780dd9a07af40a', 2, 3, 'Refund', '[]', 0, '2020-06-24 02:51:45', '2020-06-24 02:51:45', '2021-06-24 02:51:45'),
	('f26534bdd418d1d567c45f8754ea527f4e71e17c83daeab71bdce297fa1ef59084915544cbb74f0c', 2, 1, 'Laravel', '[]', 0, '2020-05-02 19:13:33', '2020-05-02 19:13:33', '2021-05-02 19:13:33'),
	('f27cd65fd5acc76984565c7236206013c377f981605bc6d74fc3a9765373887cda318f796ca9aa44', 2, 1, 'Laravel', '[]', 0, '2020-03-04 02:03:57', '2020-03-04 02:03:57', '2021-03-04 02:03:57'),
	('f40a62a9e8c0d38ceec14c350e754dee5cdc3b4172e3a1cc56e42171c92156c155e3df20dee3986c', 2, 3, 'Refund', '[]', 0, '2020-06-24 02:58:27', '2020-06-24 02:58:27', '2021-06-24 02:58:27'),
	('f4c24d425f7f439b86512db72d68f3d8f16bfd1a41c983594abaffbfd4d2404ce30e5d8518edf1ae', 2, 1, 'Laravel', '[]', 0, '2020-03-09 02:36:35', '2020-03-09 02:36:35', '2021-03-09 02:36:35'),
	('f56dbc79d343cc20a12bf635526e8e2de065a9eb1a3081dea49b561846d6dc101afa43f943710157', 2, 1, 'Laravel', '[]', 0, '2020-05-01 15:01:49', '2020-05-01 15:01:49', '2021-05-01 15:01:49'),
	('f587431057e48a44e23bc72a9d6850f564416260d923b1c4f1f455662e293adf6d7ae05287580cb8', 2, 3, 'Refund', '[]', 0, '2020-06-24 09:28:52', '2020-06-24 09:28:52', '2021-06-24 09:28:52'),
	('f64685a8c8d1d8d75e4eb82c168d93dc33ce83caef4fa42a917d6d01a5f4330bbae5bab27b8d4aa1', 2, 1, 'Laravel', '[]', 0, '2020-04-20 07:52:45', '2020-04-20 07:52:45', '2021-04-20 07:52:45'),
	('f67848eb4dc1811b7c8fd6030d88095271f38653ee8b44d1c839d12525774d39cbfa922f6e9d5a5a', 1, 3, 'Refund', '[]', 0, '2020-06-16 03:11:08', '2020-06-16 03:11:08', '2021-06-16 03:11:08'),
	('f70c1a0cc143f98dbdc39d5977e92b272d6c99feb059a872d9ad4597e201f706f4fee5e17004f834', 2, 1, 'Laravel', '[]', 0, '2020-04-10 07:19:53', '2020-04-10 07:19:53', '2021-04-10 07:19:53'),
	('f759fa1f628fca7ca9c38b94e36b42e03f56d2c533fab51e28a41978b602d7c508ac304cbe6bc1f0', 1, 3, 'Refund', '[]', 0, '2020-05-06 05:57:48', '2020-05-06 05:57:48', '2021-05-06 05:57:48'),
	('f78fd5ab32663051c2008fbbd1c6af00a10ddfd8696dba864db47156faa3e99de3a8dde323710ec2', 1, 1, 'Laravel', '[]', 0, '2020-01-06 04:04:23', '2020-01-06 04:04:23', '2021-01-06 04:04:23'),
	('f8da56c611d53088edda99cc35a3ee84829375765643c83eae3c4481951ac0697d356380b9fd6e3e', 1, 1, 'Laravel', '[]', 0, '2020-01-06 04:08:38', '2020-01-06 04:08:38', '2021-01-06 04:08:38'),
	('fb2c77385c5420a28dff89d281056206a7bef30641bae8c254574792916a69258554beb0d3f647b8', 2, 1, 'Laravel', '[]', 0, '2020-03-03 07:45:29', '2020-03-03 07:45:29', '2021-03-03 07:45:29'),
	('fb3acf01677266b584ec9744e10e5b61dace011c87007bbf2b7b8d2257cca3070c776b7181e503a1', 1, 1, 'Laravel', '[]', 0, '2020-05-02 14:42:31', '2020-05-02 14:42:31', '2021-05-02 14:42:31'),
	('fb4fe97ddd185af695aaf41e8fe0ae7ee0c94b053006645e338913eb3e4e44c5d176e0ebf43b8b1c', 1, 1, 'Laravel', '[]', 0, '2020-05-02 18:11:18', '2020-05-02 18:11:18', '2021-05-02 18:11:18'),
	('fdd30c9c593cf289b9f504f4b0caa7986689d218252a4b0b674d4d3fa5a61ff36d59837cc8f3119b', 2, 1, 'Laravel', '[]', 0, '2020-03-06 06:00:37', '2020-03-06 06:00:37', '2021-03-06 06:00:37'),
	('ff3f5405c75f2c1fd2f96548aa78919ea4ddb636e967f583d75b308bf20268ce94606dbc4697ffc8', 1, 1, 'Laravel', '[]', 0, '2020-01-06 03:55:07', '2020-01-06 03:55:07', '2021-01-06 03:55:07');
/*!40000 ALTER TABLE `oauth_access_tokens` ENABLE KEYS */;

-- Dumping structure for table refund2.oauth_auth_codes
CREATE TABLE IF NOT EXISTS `oauth_auth_codes` (
  `id` varchar(100) COLLATE utf8mb4_unicode_ci NOT NULL,
  `user_id` bigint(20) NOT NULL,
  `client_id` int(10) unsigned NOT NULL,
  `scopes` text COLLATE utf8mb4_unicode_ci,
  `revoked` tinyint(1) NOT NULL,
  `expires_at` datetime DEFAULT NULL,
  PRIMARY KEY (`id`)
) ENGINE=InnoDB DEFAULT CHARSET=utf8mb4 COLLATE=utf8mb4_unicode_ci;

-- Dumping data for table refund2.oauth_auth_codes: ~0 rows (approximately)
/*!40000 ALTER TABLE `oauth_auth_codes` DISABLE KEYS */;
/*!40000 ALTER TABLE `oauth_auth_codes` ENABLE KEYS */;

-- Dumping structure for table refund2.oauth_clients
CREATE TABLE IF NOT EXISTS `oauth_clients` (
  `id` int(10) unsigned NOT NULL AUTO_INCREMENT,
  `user_id` bigint(20) DEFAULT NULL,
  `name` varchar(191) COLLATE utf8mb4_unicode_ci NOT NULL,
  `secret` varchar(100) COLLATE utf8mb4_unicode_ci NOT NULL,
  `redirect` text COLLATE utf8mb4_unicode_ci NOT NULL,
  `personal_access_client` tinyint(1) NOT NULL,
  `password_client` tinyint(1) NOT NULL,
  `revoked` tinyint(1) NOT NULL,
  `created_at` timestamp NULL DEFAULT NULL,
  `updated_at` timestamp NULL DEFAULT NULL,
  PRIMARY KEY (`id`),
  KEY `oauth_clients_user_id_index` (`user_id`)
) ENGINE=InnoDB AUTO_INCREMENT=5 DEFAULT CHARSET=utf8mb4 COLLATE=utf8mb4_unicode_ci;

-- Dumping data for table refund2.oauth_clients: ~4 rows (approximately)
/*!40000 ALTER TABLE `oauth_clients` DISABLE KEYS */;
REPLACE INTO `oauth_clients` (`id`, `user_id`, `name`, `secret`, `redirect`, `personal_access_client`, `password_client`, `revoked`, `created_at`, `updated_at`) VALUES
	(1, NULL, 'Laravel Personal Access Client', '4u0flYt9vZYyLiYhPHcQ9bj2CrrKtOqZfrrlKLh3', 'http://localhost', 1, 0, 0, '2019-12-26 02:00:54', '2019-12-26 02:00:54'),
	(2, NULL, 'Laravel Password Grant Client', 'R6PIquMQDbcAxknaqSUgMBkSEf4WIU1lCNUU4jfk', 'http://localhost', 0, 1, 0, '2019-12-26 02:00:54', '2019-12-26 02:00:54'),
	(3, NULL, 'Laravel Personal Access Client', 'Rv6NVXtPC4XDb9ouTs66D9WpAOnyHWctASUCMqHZ', 'http://localhost', 1, 0, 0, '2020-05-03 14:21:30', '2020-05-03 14:21:30'),
	(4, NULL, 'Laravel Password Grant Client', 'yiJ8RFfE16OsVBZup8VzaE8Wms8GYUCGHszWgcLK', 'http://localhost', 0, 1, 0, '2020-05-03 14:21:30', '2020-05-03 14:21:30');
/*!40000 ALTER TABLE `oauth_clients` ENABLE KEYS */;

-- Dumping structure for table refund2.oauth_personal_access_clients
CREATE TABLE IF NOT EXISTS `oauth_personal_access_clients` (
  `id` int(10) unsigned NOT NULL AUTO_INCREMENT,
  `client_id` int(10) unsigned NOT NULL,
  `created_at` timestamp NULL DEFAULT NULL,
  `updated_at` timestamp NULL DEFAULT NULL,
  PRIMARY KEY (`id`),
  KEY `oauth_personal_access_clients_client_id_index` (`client_id`)
) ENGINE=InnoDB AUTO_INCREMENT=3 DEFAULT CHARSET=utf8mb4 COLLATE=utf8mb4_unicode_ci;

-- Dumping data for table refund2.oauth_personal_access_clients: ~2 rows (approximately)
/*!40000 ALTER TABLE `oauth_personal_access_clients` DISABLE KEYS */;
REPLACE INTO `oauth_personal_access_clients` (`id`, `client_id`, `created_at`, `updated_at`) VALUES
	(1, 1, '2019-12-26 02:00:54', '2019-12-26 02:00:54'),
	(2, 3, '2020-05-03 14:21:30', '2020-05-03 14:21:30');
/*!40000 ALTER TABLE `oauth_personal_access_clients` ENABLE KEYS */;

-- Dumping structure for table refund2.oauth_refresh_tokens
CREATE TABLE IF NOT EXISTS `oauth_refresh_tokens` (
  `id` varchar(100) COLLATE utf8mb4_unicode_ci NOT NULL,
  `access_token_id` varchar(100) COLLATE utf8mb4_unicode_ci NOT NULL,
  `revoked` tinyint(1) NOT NULL,
  `expires_at` datetime DEFAULT NULL,
  PRIMARY KEY (`id`),
  KEY `oauth_refresh_tokens_access_token_id_index` (`access_token_id`)
) ENGINE=InnoDB DEFAULT CHARSET=utf8mb4 COLLATE=utf8mb4_unicode_ci;

-- Dumping data for table refund2.oauth_refresh_tokens: ~11 rows (approximately)
/*!40000 ALTER TABLE `oauth_refresh_tokens` DISABLE KEYS */;
REPLACE INTO `oauth_refresh_tokens` (`id`, `access_token_id`, `revoked`, `expires_at`) VALUES
	('06ec845f550d3d9f456ed395c57ce098f9431d33eafe2dbba294dcd8175ce18b1434152456934fac', '25c7efd2a1fde6006fc8c03e62a3776c5550efd884efadfe6b9aaa92971b518411619992a1f2f1a2', 0, '2020-12-26 07:44:49'),
	('27e80c29a1754122c4143db22ab3fd9f623fa5c189fff073bfe910a6f07677755c6ad477bba2a564', '016c3aa69e63547e5a88472ed7debc6872920aac93f62f6b243cb0de267bea458204485b10caea36', 0, '2020-12-26 07:08:53'),
	('308dda09b81562ec18bfdcfa82377103e9c85e8a61ef94206e1571998685d3a68445ded91660f9db', 'b118b6d0b5e201f4a1ac77e533ed613704c97d859021ab1852727158608f24b7322a689547a24658', 0, '2020-12-26 02:07:12'),
	('46e9d84a43696076871a4fde55b7718738166f54c18ff39d3429e37e581b21b9fa735dee65a7a533', '8e75f57edc93d79c6ad1f64a47494a61565035f62bf0a8180115fa74d651f0421d84b8a083a2e7ec', 0, '2020-12-26 03:46:48'),
	('576776659c9a15168707cd3dbe5a705c7843552ede9954dbfa8184cc0aa1ee856a8b04715fe7d211', 'ba4654e90a09bcf9c38237e204b9b28e6b82e69d809a5253d850464bd62e14ace7eac89ffb430dfb', 0, '2020-12-26 09:11:16'),
	('5ba393eb1852d6ef8c1e76f52bd137a3139cdfcb9a99a7dc72b9dd14ac89616e38451ee50429b46c', '3b29e38f9f6f4a9af7169e04f89ae01b1b178c598b197a22823d66c3e111afe454906ca95c94cf85', 0, '2020-12-26 09:28:56'),
	('672db0fb96b3cd02dfb2d280cce7f4a2663d12d3716378b25498162ca4b854b6b698e5a93cfba917', '789c21e9111e0a823e5d39f5ec870dde55835df43073538306450d12f74a8b896a066f13200ec196', 0, '2020-12-26 07:50:06'),
	('7304f4414b849b7897fd7b1bc22a7085e348ab937e6b1600ac029177b5e79813a9b00f6dc2d12622', 'f194840fcf7e7ad676606cc3a68170c459505c7327849bc8ff91a5638be2501a3373358fd8fc18a7', 0, '2020-12-26 03:42:31'),
	('8e3db281aabcc848f73fd7bdd4046fa57484405cb1e4439191fc2ab5632a25c63638a37ad24b9445', '664cda5e0fbc61c98416d091a8519d50d2a3b51e29e8f8bda9ff237d81a5d99455d7a0f61d07586d', 0, '2020-12-26 02:19:31'),
	('9fa294e70f28a05ef80cb1d7004afbceedac99c1aa52e864c39ad6a0a9f4ca301d6077ac97022a36', '371ecb50b83d3d0c1f97efe30d75d5bcbb44c7315b81481df6e09e9743337c34c800792cfd8abaf2', 0, '2020-12-26 08:06:28'),
	('bd298fc3c9907e3458b3632f5914edf0457e2c4036e9386c42bf3beb323264033faa7f5448c0394d', 'e256b915af4e0776ddb7a8a98098061e1c3c956d56e646259c41fbfe2316b5f5f17edcdc49898046', 0, '2020-12-26 09:17:21');
/*!40000 ALTER TABLE `oauth_refresh_tokens` ENABLE KEYS */;

-- Dumping structure for table refund2.password_resets
CREATE TABLE IF NOT EXISTS `password_resets` (
  `email` varchar(191) COLLATE utf8mb4_unicode_ci NOT NULL,
  `token` varchar(191) COLLATE utf8mb4_unicode_ci NOT NULL,
  `created_at` timestamp NULL DEFAULT NULL,
  KEY `password_resets_email_index` (`email`)
) ENGINE=InnoDB DEFAULT CHARSET=utf8mb4 COLLATE=utf8mb4_unicode_ci;

-- Dumping data for table refund2.password_resets: ~1 rows (approximately)
/*!40000 ALTER TABLE `password_resets` DISABLE KEYS */;
REPLACE INTO `password_resets` (`email`, `token`, `created_at`) VALUES
	('u01001@cgd.go.th', '$2y$10$ruIw4YgcS1qOoRc4TTO0Fedn1kS31YjTNKpp8UahYxJ2a3oRD1ate', '2021-03-23 08:27:41'),
	('looktaan.tc3@gmail.com', '$2y$10$TQxw4FRJ5EykRuiQUBRHausZDhQoJ7m/LTZrglnA6xeIs1R05SD4q', '2021-03-24 04:12:04');
/*!40000 ALTER TABLE `password_resets` ENABLE KEYS */;

-- Dumping structure for table refund2.tmp_code
CREATE TABLE IF NOT EXISTS `tmp_code` (
  `id` int(11) DEFAULT NULL,
  `refund_id` int(11) DEFAULT NULL,
  `new_approve_code` varchar(50) DEFAULT NULL
) ENGINE=InnoDB DEFAULT CHARSET=utf8;

-- Dumping data for table refund2.tmp_code: ~78 rows (approximately)
/*!40000 ALTER TABLE `tmp_code` DISABLE KEYS */;
REPLACE INTO `tmp_code` (`id`, `refund_id`, `new_approve_code`) VALUES
	(2, 180, '63-0001\r'),
	(3, 181, '63-0002\r'),
	(4, 183, '63-0003\r'),
	(5, 196, '63-0004\r'),
	(7, 203, '63-0005\r'),
	(8, 208, '63-0006\r'),
	(9, 209, '63-0007\r'),
	(10, 210, '63-0008\r'),
	(11, 211, '63-0009\r'),
	(12, 205, '63-0010\r'),
	(13, 213, '63-0011\r'),
	(14, 214, '63-0012\r'),
	(15, 215, '63-0013\r'),
	(16, 216, '63-0014\r'),
	(17, 217, '63-0015\r'),
	(18, 220, '63-0016\r'),
	(19, 223, '63-0017\r'),
	(20, 225, '63-0018\r'),
	(21, 226, '63-0019\r'),
	(22, 231, '63-0020\r'),
	(23, 232, '63-0021\r'),
	(24, 233, '63-0022\r'),
	(25, 235, '63-0023\r'),
	(26, 236, '63-0024\r'),
	(27, 237, '63-0025\r'),
	(28, 238, '63-0026\r'),
	(29, 239, '63-0027\r'),
	(30, 240, '63-0028\r'),
	(31, 241, '63-0029\r'),
	(32, 242, '63-0030\r'),
	(33, 243, '63-0031\r'),
	(34, 244, '63-0032\r'),
	(35, 245, '63-0033\r'),
	(36, 246, '63-0034\r'),
	(37, 247, '63-0035\r'),
	(38, 212, '63-0036\r'),
	(39, 249, '63-0037\r'),
	(40, 248, '63-0038\r'),
	(41, 250, '63-0039\r'),
	(42, 252, '63-0040\r'),
	(43, 254, '64-0001\r'),
	(44, 255, '64-0002\r'),
	(45, 256, '64-0003\r'),
	(46, 257, '64-0004\r'),
	(47, 258, '64-0005\r'),
	(48, 259, '64-0006\r'),
	(49, 260, '64-0007\r'),
	(50, 261, '64-0008\r'),
	(51, 262, '64-0009\r'),
	(52, 264, '64-0010\r'),
	(53, 265, '64-0011\r'),
	(54, 266, '64-0012\r'),
	(55, 267, '64-0013\r'),
	(56, 268, '64-0014\r'),
	(57, 270, '64-0015\r'),
	(58, 269, '64-0016\r'),
	(59, 271, '64-0017\r'),
	(60, 272, '64-0018\r'),
	(61, 273, '64-0019\r'),
	(62, 274, '64-0020\r'),
	(63, 275, '64-0021\r'),
	(64, 276, '64-0022\r'),
	(65, 277, '64-0023\r'),
	(66, 279, '64-0024\r'),
	(67, 281, '64-0025\r'),
	(68, 282, '64-0026\r'),
	(69, 283, '64-0027\r'),
	(70, 284, '64-0028\r'),
	(71, 285, '64-0029\r'),
	(72, 293, '64-0030\r'),
	(73, 294, '64-0031\r'),
	(74, 295, '64-0032\r'),
	(75, 297, '64-0033\r'),
	(76, 299, '64-0034\r'),
	(77, 302, '64-0035\r'),
	(78, 300, '64-0036\r'),
	(79, 303, '64-0037\r'),
	(80, 298, '64-0038\r');
/*!40000 ALTER TABLE `tmp_code` ENABLE KEYS */;

-- Dumping structure for table refund2.users
CREATE TABLE IF NOT EXISTS `users` (
  `id` int(10) unsigned NOT NULL AUTO_INCREMENT,
  `name` varchar(191) COLLATE utf8mb4_unicode_ci NOT NULL,
  `email` varchar(191) COLLATE utf8mb4_unicode_ci DEFAULT NULL,
  `username` varchar(191) COLLATE utf8mb4_unicode_ci NOT NULL,
  `password` varchar(191) COLLATE utf8mb4_unicode_ci NOT NULL,
  `type` varchar(191) COLLATE utf8mb4_unicode_ci NOT NULL,
  `office_id` int(11) NOT NULL,
  `status` int(11) DEFAULT NULL,
  `remember_token` varchar(100) COLLATE utf8mb4_unicode_ci DEFAULT NULL,
  `created_at` timestamp NULL DEFAULT NULL,
  `updated_at` timestamp NULL DEFAULT NULL,
  PRIMARY KEY (`id`),
  UNIQUE KEY `users_username_unique` (`username`)
) ENGINE=InnoDB AUTO_INCREMENT=388 DEFAULT CHARSET=utf8mb4 COLLATE=utf8mb4_unicode_ci;

-- Dumping data for table refund2.users: ~387 rows (approximately)
/*!40000 ALTER TABLE `users` DISABLE KEYS */;
REPLACE INTO `users` (`id`, `name`, `email`, `username`, `password`, `type`, `office_id`, `status`, `remember_token`, `created_at`, `updated_at`) VALUES
	(1, 'admin', NULL, 'admin', '$2y$10$TKh8H1.PfQx37YgCzwiKb.KjNyWgaHb9cbcoQgdIVFlYg7B77UdFm', 'admin', 1, 2, NULL, NULL, NULL),
	(2, 'หน่วยงานทดสอบ', 'looktaan.tc3@gmail.com', 'user1', '$2y$10$TKh8H1.PfQx37YgCzwiKb.KjNyWgaHb9cbcoQgdIVFlYg7B77UdFm', 'user', 2, 2, 'g1dZdBjJSZebImdSmaNvDllYkxlQ6cPlgLU9iA5DJ4xU1KFOtcqg6G1SZ7fG', '2020-06-22 02:19:43', '2021-03-23 09:00:29'),
	(3, 'หน่วยงานทดสอบ 3', 'lokktaan.tc3@gmail.com', 'user2', '$2y$10$TKh8H1.PfQx37YgCzwiKb.KjNyWgaHb9cbcoQgdIVFlYg7B77UdFm', 'user', 3, 2, NULL, '2020-06-22 02:19:43', '2021-03-15 03:45:31'),
	(4, 'สำนักงานปลัดสำนักนายกรัฐมนตรี\r', 'u01001@cgd.go.th', '01001', '$2y$10$yl13BEUW7s.tREOLC/ULye6.HVwUqiAdyYQ3mXaKCKjjU5nt9RvTa', 'user', 4, 2, '3yPsXDRN2QZWO7evT0mIjPu8JOmk5NZ8ZQBkXurirYGCOQPjTSxOxQkNKZyF', '2020-06-22 02:19:44', '2021-03-23 07:09:31'),
	(5, 'กรมประชาสัมพันธ์\r', NULL, '01002', '$2y$10$utWODWIVrGBo0whhp9KdD.OQoOUuk9c9VtyTf9PxWtGs/RfVBWToq', 'user', 5, 1, NULL, '2020-06-22 02:19:44', '2020-06-22 02:19:44'),
	(6, 'สำนักงานคณะกรรมการคุ้มครองผู้บริโภค\r', NULL, '01003', '$2y$10$R.INpcTFV78s.h.M7Fx3mub7bmfTyvVEFXFrNVVNTigIPPLCobGhW', 'user', 6, 1, NULL, '2020-06-22 02:19:44', '2020-06-22 02:19:44'),
	(7, 'สำนักเลขาธิการนายกรัฐมนตรี\r', NULL, '01004', '$2y$10$/BwlbUzD2AXivH.WTTrAKeuxcc86JG3CjIMG.C1To2dbcK4YNGEpS', 'user', 7, 1, NULL, '2020-06-22 02:19:44', '2020-06-22 02:19:44'),
	(8, 'สำนักเลขาธิการคณะรัฐมนตรี\r', NULL, '01005', '$2y$10$VSA8dgdPO.CqSbjNm41jIuBasr/Giz4YN1ibfBpkkqr2Gtb8ZS5y6', 'user', 8, 1, NULL, '2020-06-22 02:19:44', '2020-06-22 02:19:44'),
	(9, 'สำนักข่าวกรองแห่งชาติ\r', NULL, '01006', '$2y$10$kQsmeTC4TaVGzH1WxC6Vzuepwd/qJ7utFEdcLfepUykWLuMupq4CW', 'user', 9, 1, NULL, '2020-06-22 02:19:44', '2020-06-22 02:19:44'),
	(10, 'สำนักงบประมาณ\r', NULL, '01007', '$2y$10$NdNpLyoVeqXYQeK/VfvsFeuf01NUQo4japaCd/SURHSwgYEutkUAu', 'user', 10, 1, NULL, '2020-06-22 02:19:44', '2020-06-22 02:19:44'),
	(11, 'สำนักงานสภาความมั่นคงแห่งชาติ\r', NULL, '01008', '$2y$10$.6M34cTdNYbe7uGOK5gT5ubGKZfdpVLUBwLD4XK3SSoBHZBb2WN7y', 'user', 11, 1, NULL, '2020-06-22 02:19:44', '2020-06-22 02:19:44'),
	(12, 'สำนักงานคณะกรรมการกฤษฎีกา\r', NULL, '01009', '$2y$10$b.Wdnkqn6Yrg1NbrvLCq8..mCYhY1.tuG2rtwR8P2ncOXAOYcF2zS', 'user', 12, 1, NULL, '2020-06-22 02:19:44', '2020-06-22 02:19:44'),
	(13, 'สำนักงานคณะกรรมการข้าราชการพลเรือน\r', NULL, '01011', '$2y$10$OSEWce0bWNJhigEyo0p26OaCO5t.LxAsWAF5.lJiIY8s7AzMmtfvS', 'user', 13, 1, NULL, '2020-06-22 02:19:44', '2020-06-22 02:19:44'),
	(14, 'สำนักงานสภาพัฒนาการเศรษฐกิจเเละสังคมเเห่งชาติ\r', NULL, '01012', '$2y$10$Jp7y9wCGGauZeEjYPdRUf.2mJC6p.MdyR8trPEJRNi1Ofz11lyePi', 'user', 14, 1, NULL, '2020-06-22 02:19:44', '2020-06-22 02:19:44'),
	(15, 'กองอำนวยการรักษาความมั่นคงภายใน(กอ.รมน.)\r', NULL, '01019', '$2y$10$nqIg922D0hZfxo8nkyasseG6ITrI4jHtOevQreawk8LjuVaH8EY5K', 'user', 15, 1, NULL, '2020-06-22 02:19:44', '2020-06-22 02:19:44'),
	(16, 'สำนักงานคณะกรรมการพัฒนาระบบราชการ\r', NULL, '01021', '$2y$10$MbBiJDfiaOqRLVgaYQPU6.YfGXGsz57qr.l1ZoezDUgCQONlKomUq', 'user', 16, 1, NULL, '2020-06-22 02:19:44', '2020-06-22 02:19:44'),
	(17, 'สำนักงานคณะกรรมการส่งเสริมการลงทุน\r', NULL, '01032', '$2y$10$J5TBoYeTopMOWju/.WTp9OfzpFjkx92HClYslXDhOUnJs.PoLdcFq', 'user', 17, 1, NULL, '2020-06-22 02:19:44', '2020-06-22 02:19:44'),
	(18, 'สำนักงานทรัพยากรน้ำแห่งชาติ\r', NULL, '01035', '$2y$10$OQHXrMxyXXi4SuBHxdRZo.zYnjGC/z4uUiEkH/.coyWC8tsnllpuK', 'user', 18, 1, NULL, '2020-06-22 02:19:44', '2020-06-22 02:19:44'),
	(19, 'ศูนย์อำนวยการรักษาผลประโยชน์ของชาติทางทะเล\r', NULL, '01038', '$2y$10$z/OQYUH.hAQWMDua8vK1CO8qsGqXhgn1qP5KlgTBVVSdDhj2I/tHK', 'user', 19, 1, NULL, '2020-06-22 02:19:44', '2020-06-22 02:19:44'),
	(20, 'สำนักงานขับเคลื่อนการปฏิรูปประเทศ ยุทธศาสตร์ชาติ เเละการสร้างความสามัคคีปรองดอง\r', NULL, '01041', '$2y$10$O17xgrcmnSSp7YrMFiid5ul3Si17zI/Un5fSRVihYC2EFeEnzklym', 'user', 20, 1, NULL, '2020-06-22 02:19:45', '2020-06-22 02:19:45'),
	(21, 'สำนักงานปลัดกระทรวงกลาโหม\r', NULL, '02001', '$2y$10$GmNeySSwUz3bepDE3HTQL.gV93eFid5wLnQ4UTHvxeFYhqjmgM1tG', 'user', 21, 1, NULL, '2020-06-22 02:19:45', '2020-06-22 02:19:45'),
	(22, 'กองทัพบก\r', NULL, '02004', '$2y$10$pPahjVSciuPln.aOD9qpLOxdULjtzU6XL2VYH9V0M9fbT505pXseS', 'user', 22, 1, NULL, '2020-06-22 02:19:45', '2020-06-22 02:19:45'),
	(23, 'กองทัพเรือ\r', NULL, '02005', '$2y$10$HYpflYQtzzuEYpv68fQ7pO02OXRhHnQw4q/cJc3WKCOcx2H0EdMs6', 'user', 23, 1, NULL, '2020-06-22 02:19:45', '2020-06-22 02:19:45'),
	(24, 'กองทัพอากาศ\r', NULL, '02006', '$2y$10$PaBi1uIhDC/9LZw8kHBq8uyANIW6tjfW372JCIEPT44T8RN7ud51e', 'user', 24, 1, NULL, '2020-06-22 02:19:45', '2020-06-22 02:19:45'),
	(25, 'กองบัญชาการกองทัพไทย\r', NULL, '02008', '$2y$10$sp4BbH11RWTgcC4HiBmjj.hQ3VfU5QIFz.COJrYjmef4vFnLdM1bS', 'user', 25, 1, NULL, '2020-06-22 02:19:45', '2020-06-22 02:19:45'),
	(26, 'สำนักงานปลัดกระทรวงการคลัง\r', NULL, '03002', '$2y$10$AWcVMN1ykdMt5UWgsqgHHeHe7JX9jg3.epnJlWjLSSvNzeHU1ClNm', 'user', 26, 1, NULL, '2020-06-22 02:19:45', '2020-06-22 02:19:45'),
	(27, 'กรมธนารักษ์\r', NULL, '03003', '$2y$10$R03v9kAEY5R3XS8tc39KFOpp3bzEoNOeYgkt1R2HpdSSTBB460MgO', 'user', 27, 1, NULL, '2020-06-22 02:19:45', '2020-06-22 02:19:45'),
	(28, 'กรมบัญชีกลาง\r', NULL, '03004', '$2y$10$KqcVCH2pCno78EBjFwa/sedw5j8gkddQ1yhfz5699nWdBMakUH61u', 'user', 28, 1, NULL, '2020-06-22 02:19:45', '2020-06-22 02:19:45'),
	(29, 'กรมศุลกากร\r', NULL, '03005', '$2y$10$wOl0KPa9n25a3XZioIXAveuCRZI8xpqnyKuxugwKPARJvvdYVgI9.', 'user', 29, 1, NULL, '2020-06-22 02:19:45', '2020-06-22 02:19:45'),
	(30, 'กรมสรรพสามิต\r', NULL, '03006', '$2y$10$KZ/ovbCdhZmEvjBicQ2fDuWCu6AItI821Z668HNxOAqRZZTUiO3g.', 'user', 30, 1, NULL, '2020-06-22 02:19:45', '2020-06-22 02:19:45'),
	(31, 'กรมสรรพากร\r', NULL, '03007', '$2y$10$qGVirDre2sIZ5QfRlGl8lOGEUdE8u8w9pB2pUj65kA9JuYDT7kCAK', 'user', 31, 1, NULL, '2020-06-22 02:19:45', '2020-06-22 02:19:45'),
	(32, 'สำนักงานคณะกรรมการนโยบายรัฐวิสาหกิจ\r', NULL, '03008', '$2y$10$uzjkVO1zlGl11PzQxfmXnOjH4wAueQGrgP829wr1wiuD1lvYGjUzi', 'user', 32, 1, NULL, '2020-06-22 02:19:45', '2020-06-22 02:19:45'),
	(33, 'สำนักงานบริหารหนี้สาธารณะ\r', NULL, '03009', '$2y$10$HjQcWOD6tNMitx/T7kuRL.65lf4HOAZs3RFRCrt57L/l6RMxhOMPS', 'user', 33, 1, NULL, '2020-06-22 02:19:45', '2020-06-22 02:19:45'),
	(34, 'สำนักงานเศรษฐกิจการคลัง\r', NULL, '03011', '$2y$10$S3MXr5cY5BCMgcyaucMWSe.U4joNwbSkr7/LCATUDjufPvRjbaURq', 'user', 34, 1, NULL, '2020-06-22 02:19:45', '2020-06-22 02:19:45'),
	(35, 'สำนักงานปลัดกระทรวงการต่างประเทศ\r', NULL, '04002', '$2y$10$cxK.MtB7uuo4HaVFxGmiWOjnHi0YLBPHSkoC33JK613eGGYKslvla', 'user', 35, 1, NULL, '2020-06-22 02:19:45', '2020-06-22 02:19:45'),
	(36, 'สำนักงานปลัดกระทรวงการท่องเที่ยวและกีฬา\r', NULL, '05002', '$2y$10$/QskvbnkXcS3YWSgo7Kn5OU0QODagpCbkky9NKOQntf4u1z85cQ4W', 'user', 36, 1, NULL, '2020-06-22 02:19:46', '2020-06-22 02:19:46'),
	(37, 'กรมพลศึกษา\r', NULL, '05003', '$2y$10$veBK/hBU6Ry67y7U4kR/N.Lwi8xO3pIBpY8ehw2dx1X8lCyT3wSBq', 'user', 37, 1, NULL, '2020-06-22 02:19:46', '2020-06-22 02:19:46'),
	(38, 'กรมการท่องเที่ยว\r', NULL, '05004', '$2y$10$ZnO9SX50qzqVDKdIRcsQueN/9GXbsSZAVxLVT90rgl1HLdDOSbmJ6', 'user', 38, 1, NULL, '2020-06-22 02:19:46', '2020-06-22 02:19:46'),
	(39, 'มหาวิทยาลัยการกีฬาเเห่งชาติ\r', NULL, '05006', '$2y$10$.uzmnlvggztI3fopTb6P2e.JN4yP64Dq1SsMv/fiOApPua6RlhFKS', 'user', 39, 1, NULL, '2020-06-22 02:19:46', '2020-06-22 02:19:46'),
	(40, 'สำนักงานปลัดกระทรวงการพัฒนาสังคม และความมั่นคงของมนุษย์\r', NULL, '06002', '$2y$10$e6GO86ejeSmVFdwwvnH11eYKDgDoOK1oGiwlhY3Pt/P99lPyLUpo6', 'user', 40, 1, NULL, '2020-06-22 02:19:46', '2020-06-22 02:19:46'),
	(41, 'กรมพัฒนาสังคมและสวัสดิการ\r', NULL, '06003', '$2y$10$mRZbEnhl2BysDjbwCEbiR.2.Q1yTk8tu8U6vkq7hjzO35M2tTLtH2', 'user', 41, 1, NULL, '2020-06-22 02:19:46', '2020-06-22 02:19:46'),
	(42, 'กรมกิจการสตรีและสถาบันครอบครัว\r', NULL, '06004', '$2y$10$z4jbJATVBLImtKoaBHJTpeU9T7zQLx2AbOz34MDbXmnUNsYk9bz3i', 'user', 42, 1, NULL, '2020-06-22 02:19:46', '2020-06-22 02:19:46'),
	(43, 'กรมกิจการเด็กและเยาวชน\r', NULL, '06005', '$2y$10$WY3J/xzRaNau3usnC4yX4OW.fXYdzJhN.Z7xK4N/sFcaA8ieFbb/m', 'user', 43, 1, NULL, '2020-06-22 02:19:46', '2020-06-22 02:19:46'),
	(44, 'กรมส่งเสริมและพัฒนาคุณภาพชีวิตคนพิการ\r', NULL, '06007', '$2y$10$TpDUDkFtKDu7mTOAV/pIS.52WZuLQCx4wEVBLGTFMy1QsLUykRZp.', 'user', 44, 1, NULL, '2020-06-22 02:19:46', '2020-06-22 02:19:46'),
	(45, 'กรมกิจการผู้สูงอายุ\r', NULL, '06008', '$2y$10$p4AaJdAu6ga0GRyTYkCKpeOBI35pK2DZ6PUXan1dCXdxrLhF5f9DW', 'user', 45, 1, NULL, '2020-06-22 02:19:46', '2020-06-22 02:19:46'),
	(46, 'สำนักงานปลัดกระทรวงเกษตรและสหกรณ์\r', NULL, '07002', '$2y$10$GTAbHGnozgKPNCakiOhKW.CrI3GNC6l4o/UL.ae65RLzMIvCCCcAK', 'user', 46, 1, NULL, '2020-06-22 02:19:46', '2020-06-22 02:19:46'),
	(47, 'กรมชลประทาน\r', NULL, '07003', '$2y$10$jnLzSUePeTOSpQ01IzX0QeoqMxGZQopRttKFuL9plrSlTtF352XL.', 'user', 47, 1, NULL, '2020-06-22 02:19:46', '2020-06-22 02:19:46'),
	(48, 'กรมตรวจบัญชีสหกรณ์\r', NULL, '07004', '$2y$10$6JSVyXJ/mughpmqxYQFkoex8SMmpuvsXc5pHXSvnLGk6F78/wywZi', 'user', 48, 1, NULL, '2020-06-22 02:19:46', '2020-06-22 02:19:46'),
	(49, 'กรมประมง\r', NULL, '07005', '$2y$10$VEaqN3zMEM1I3SPtmA2cq.80EFpnw/nFv2QJ2Q.KsZ2YC/UV4hrf2', 'user', 49, 1, NULL, '2020-06-22 02:19:46', '2020-06-22 02:19:46'),
	(50, 'กรมปศุสัตว์\r', NULL, '07006', '$2y$10$YWU..nwsrJZwJ3yqXyB5U.BDvQzP1XkO1AUGPcKikn5anotUuJdIi', 'user', 50, 1, NULL, '2020-06-22 02:19:46', '2020-06-22 02:19:46'),
	(51, 'กรมพัฒนาที่ดิน\r', NULL, '07008', '$2y$10$R94lqlfft3z3WpWGctEBsut2DS2oR1pW00EE0CR7Ygu0iGse0Uj8O', 'user', 51, 1, NULL, '2020-06-22 02:19:46', '2020-06-22 02:19:46'),
	(52, 'กรมวิชาการเกษตร\r', NULL, '07009', '$2y$10$Ze.iM5pZ9SGptnNf2kTrEOJYp.gKTkGiIl4927lqPE8XQcQI8ljjW', 'user', 52, 1, NULL, '2020-06-22 02:19:47', '2020-06-22 02:19:47'),
	(53, 'กรมส่งเสริมการเกษตร\r', NULL, '07011', '$2y$10$3zZ0iaszEuNdAUoVZVX6qO03U9Q0fzL4lESTVpC0s38n9uLIlf3Dq', 'user', 53, 1, NULL, '2020-06-22 02:19:47', '2020-06-22 02:19:47'),
	(54, 'กรมส่งเสริมสหกรณ์\r', NULL, '07012', '$2y$10$CAqc6LBnPHP1Smxo./7Jh.1LZSAsDVO3EoCKnby6o/24bd6dYROzC', 'user', 54, 1, NULL, '2020-06-22 02:19:47', '2020-06-22 02:19:47'),
	(55, 'สำนักงานการปฏิรูปที่ดินเพื่อเกษตรกรรม\r', NULL, '07013', '$2y$10$.nAcTNvjb.QnoBZcyQRYY.rVTTudy3J5LuSVYPPZK8Fp8BXtpwq1q', 'user', 55, 1, NULL, '2020-06-22 02:19:47', '2020-06-22 02:19:47'),
	(56, 'สำนักงานมาตรฐานสินค้าเกษตรและอาหารแห่งชาติ\r', NULL, '07014', '$2y$10$20q8h99zXuZqNmPtMnskcu0JEW5f92MhhbPyBnyxc8apvUEzWFwcm', 'user', 56, 1, NULL, '2020-06-22 02:19:47', '2020-06-22 02:19:47'),
	(57, 'สำนักงานเศรษฐกิจการเกษตร\r', NULL, '07015', '$2y$10$uIjXwAwAmv9G29CKM.TEbuThUGQ6AA6Mn.gN86/i.JM9LOTe6zl02', 'user', 57, 1, NULL, '2020-06-22 02:19:47', '2020-06-22 02:19:47'),
	(58, 'กรมการข้าว\r', NULL, '07018', '$2y$10$7K7OUXf83.ThXHkeoBO.VemHppYWsYv/zfC/aMzIZ4gDD/AhqNd7y', 'user', 58, 1, NULL, '2020-06-22 02:19:47', '2020-06-22 02:19:47'),
	(59, 'กรมหม่อนไหม\r', NULL, '07020', '$2y$10$tJQX/rpn0y0hf7KsZs36DezrkGLnT.yvBDCmdKzUfkDEb6wTEAPh.', 'user', 59, 1, NULL, '2020-06-22 02:19:47', '2020-06-22 02:19:47'),
	(60, 'กรมฝนหลวงและการบินเกษตร\r', NULL, '07021', '$2y$10$9z3dG7R1dE3pdHkQ5SVN0.AJ/MkaayUQZiw6r3r7yN9ghYgBtHjQW', 'user', 60, 1, NULL, '2020-06-22 02:19:47', '2020-06-22 02:19:47'),
	(61, 'สำนักงานปลัดกระทรวงคมนาคม\r', NULL, '08002', '$2y$10$FOTBX9vR2609Ep.ERfJpUudxMXwigr1IFW1x/5Gm/aMI1rzUkR9C.', 'user', 61, 1, NULL, '2020-06-22 02:19:47', '2020-06-22 02:19:47'),
	(62, 'กรมเจ้าท่า\r', NULL, '08003', '$2y$10$IwDtfwBuwTc5SlsnYOgZgOYuXatRO9ACEfCscc6dijXdSGHtsThBi', 'user', 62, 1, NULL, '2020-06-22 02:19:47', '2020-06-22 02:19:47'),
	(63, 'กรมการขนส่งทางบก\r', NULL, '08004', '$2y$10$GrmatB2iPAsWCIuiJm756u6OmbU7nU9Y0C0h1cPjQtrCW67hMxuai', 'user', 63, 1, NULL, '2020-06-22 02:19:47', '2020-06-22 02:19:47'),
	(64, 'กรมทางหลวง\r', NULL, '08006', '$2y$10$S0HsK8vf49kFE5edW2Cl.eDsImvrxsdegwhka.jSB/8svQ1QwoMNK', 'user', 64, 1, NULL, '2020-06-22 02:19:47', '2020-06-22 02:19:47'),
	(65, 'กรมทางหลวงชนบท\r', NULL, '08007', '$2y$10$QBXgpVZqppDaVQvC8mptjO6E1bjxwj6BcDz4zY7aP1iPRvK7GGh5i', 'user', 65, 1, NULL, '2020-06-22 02:19:47', '2020-06-22 02:19:47'),
	(66, 'สำนักงานนโยบายและแผนการขนส่งและจราจร\r', NULL, '08008', '$2y$10$zGoQyoirEV5C.SvYybNgu.Y37jZg3cfiJjvDE9Qphy5GzZREqSqbK', 'user', 66, 1, NULL, '2020-06-22 02:19:47', '2020-06-22 02:19:47'),
	(67, 'กรมท่าอากาศยาน\r', NULL, '08009', '$2y$10$uXSrVm5F7wo4uDCNGGVPbuMe9LnpHF1ZE.ubfi2c/hiyb5OW7Ch16', 'user', 67, 1, NULL, '2020-06-22 02:19:48', '2020-06-22 02:19:48'),
	(68, 'สำนักงานการบินพลเรือน\r', NULL, '08011', '$2y$10$aTNfCOwmA6ZFd4.BPwllp.Rsi0ESWTHzx9jfpE9H//3FEel8D.JMi', 'user', 68, 1, NULL, '2020-06-22 02:19:48', '2020-06-22 02:19:48'),
	(69, 'กรมการขนส่งทางราง\r', NULL, '08012', '$2y$10$spycN3a.7bZ8vA7gkzX1I.SzEBWODK68JIfbj7ul3k1ZeybE3SqpG', 'user', 69, 1, NULL, '2020-06-22 02:19:48', '2020-06-22 02:19:48'),
	(70, 'สำนักงานปลัดกระทรวงทรัพยากรธรรมชาติและสิ่งแวดล้อม\r', NULL, '09002', '$2y$10$y/0tk/lyOkiTFVmuymHnf.Z/JrjSLmy9ysoRHm7M82x4.qlXpby9i', 'user', 70, 1, NULL, '2020-06-22 02:19:48', '2020-06-22 02:19:48'),
	(71, 'กรมควบคุมมลพิษ\r', NULL, '09003', '$2y$10$pTljSOGdmY1ndYWGEsBpKuzd70nCL5QOD49t/mNoRwCG3a1Z7k5qm', 'user', 71, 1, NULL, '2020-06-22 02:19:48', '2020-06-22 02:19:48'),
	(72, 'กรมทรัพยากรทางทะเลและชายฝั่ง\r', NULL, '09004', '$2y$10$wE0ZvZdJy4ioFOhsb0H3H.oB/WBMD1XO6btmPonZ.NDOusYClhuQK', 'user', 72, 1, NULL, '2020-06-22 02:19:48', '2020-06-22 02:19:48'),
	(73, 'กรมทรัพยากรธรณี\r', NULL, '09005', '$2y$10$N2z7pRpzW1H.iD1hSOIdFu4aTtkk8.DDJazvGehp3sXRocYFsJ.TC', 'user', 73, 1, NULL, '2020-06-22 02:19:48', '2020-06-22 02:19:48'),
	(74, 'กรมทรัพยากรน้ำ\r', NULL, '09006', '$2y$10$Fr.xYLda9LP6hyqL3xD9AukLgYCbUBjlX3qbDM.j9WlH/W8paLnqu', 'user', 74, 1, NULL, '2020-06-22 02:19:48', '2020-06-22 02:19:48'),
	(75, 'กรมทรัพยากรน้ำบาดาล\r', NULL, '09007', '$2y$10$rODIuzB0xvIlTGkoIT8uw.4aAA.6PA4F54qX/gFV8dFwdREg8J3Oe', 'user', 75, 1, NULL, '2020-06-22 02:19:48', '2020-06-22 02:19:48'),
	(76, 'กรมส่งเสริมคุณภาพสิ่งแวดล้อม\r', NULL, '09008', '$2y$10$FLdDla628ni35/h79NfG2OtzJN/rKbCaP9XlRQjsG9Cvk6WafYHzC', 'user', 76, 1, NULL, '2020-06-22 02:19:48', '2020-06-22 02:19:48'),
	(77, 'กรมอุทยานแห่งชาติ สัตว์ป่า และพันธุ์พืช\r', NULL, '09009', '$2y$10$jzI0SN5iDfhyJ3j1iG2iHOkl6Kcuo/obPRw2banwhM2Z/gJSlcsNe', 'user', 77, 1, NULL, '2020-06-22 02:19:48', '2020-06-22 02:19:48'),
	(78, 'สำนักงานนโยบายและแผนทรัพยากรธรรมชาติและสิ่งแวดล้อม\r', NULL, '09011', '$2y$10$q4Dr4CqP4jH2LB3hAxYRYeUjNoVruF3nSKSvnoYWtoRXnOXNioUpy', 'user', 78, 1, NULL, '2020-06-22 02:19:48', '2020-06-22 02:19:48'),
	(79, 'กรมป่าไม้\r', NULL, '09012', '$2y$10$Wft5y/HEd4PvIJkoeUIPLOdBEopbpLnRILCrjnKkR8Q3OCrZbnhGS', 'user', 79, 1, NULL, '2020-06-22 02:19:48', '2020-06-22 02:19:48'),
	(80, 'สำนักงานปลัดกระทรวงดิจิทัลเพื่อเศรษฐกิจและสังคม\r', NULL, '11002', '$2y$10$dmpPrP8AHplw8KSX39.E/OVxXpej0F/4Dspf9z84.MNVC0WxXp5nq', 'user', 80, 1, NULL, '2020-06-22 02:19:48', '2020-06-22 02:19:48'),
	(81, 'กรมอุตุนิยมวิทยา\r', NULL, '11004', '$2y$10$Klb.MM.vFQOad2uPSDQn0eBC1Llw2jKKGWCGL8.rX1ky/XX7lVclW', 'user', 81, 1, NULL, '2020-06-22 02:19:48', '2020-06-22 02:19:48'),
	(82, 'สำนักงานสถิติแห่งชาติ\r', NULL, '11005', '$2y$10$uV.iXvEyguAY1bZSvdMzmu4hbkW2qkWmOAKsna8ASbPh6vg/BN7kG', 'user', 82, 1, NULL, '2020-06-22 02:19:48', '2020-06-22 02:19:48'),
	(83, 'สำนักงานคณะกรรมการดิจิทัลเพื่อเศรษฐกิจและสังคมแห่งชาติ\r', NULL, '11009', '$2y$10$XRsbTJS4X/.jeVU.UbF7CeL42DqJy1kYlmQpV4sgQOJrtbKiehrXa', 'user', 83, 1, NULL, '2020-06-22 02:19:49', '2020-06-22 02:19:49'),
	(84, 'สำนักงานปลัดกระทรวงพลังงาน\r', NULL, '12002', '$2y$10$mLeqF2/ZRh0VBu3dZxjTku3fxxKFqsydDgUAWHpYbRMWVLygNjR8S', 'user', 84, 1, NULL, '2020-06-22 02:19:49', '2020-06-22 02:19:49'),
	(85, 'กรมเชื้อเพลิงธรรมชาติ\r', NULL, '12003', '$2y$10$4q3xxqBLXYNj13Bbc5g.y.h39kzdSKIZJoGdKgDTcPq8Vac3pJ2MS', 'user', 85, 1, NULL, '2020-06-22 02:19:49', '2020-06-22 02:19:49'),
	(86, 'กรมธุรกิจพลังงาน\r', NULL, '12004', '$2y$10$eBVAVwbe6vP7.CIaEGWxPOZxD3kECkOPZR6OhELZ8qvQl8uH3BS4S', 'user', 86, 1, NULL, '2020-06-22 02:19:49', '2020-06-22 02:19:49'),
	(87, 'กรมพัฒนาพลังงานทดแทนและอนุรักษ์พลังงาน\r', NULL, '12005', '$2y$10$UIygg09nkHMItj/nihKhiuReaGqneGxP.ZSWhyMq91MOwy5UNkub6', 'user', 87, 1, NULL, '2020-06-22 02:19:49', '2020-06-22 02:19:49'),
	(88, 'สำนักงานนโยบายและแผนพลังงาน\r', NULL, '12006', '$2y$10$UBlyCB9HhlgTOHZP8snXkON7eNX1xQeS53k407fpPfV/ZLEoWwHsu', 'user', 88, 1, NULL, '2020-06-22 02:19:49', '2020-06-22 02:19:49'),
	(89, 'สำนักงานปลัดกระทรวงพาณิชย์\r', NULL, '13002', '$2y$10$AKp1fyBiHEQvOgdzbBbcT.ydQKTe7fZ4hcZBRZeWBQnWR/i5RogIa', 'user', 89, 1, NULL, '2020-06-22 02:19:49', '2020-06-22 02:19:49'),
	(90, 'กรมการค้าต่างประเทศ\r', NULL, '13003', '$2y$10$OSjn4brRMfKuew4qqhmMqu.wbKURE6V6I93VRAKi1bo1tvJsuORpa', 'user', 90, 1, NULL, '2020-06-22 02:19:49', '2020-06-22 02:19:49'),
	(91, 'กรมการค้าภายใน\r', NULL, '13004', '$2y$10$LfqY8Ol7Ppkj0xu46tDyQuiDWyAc4hSE0jO8/ds48cBahnZxpPmoK', 'user', 91, 1, NULL, '2020-06-22 02:19:49', '2020-06-22 02:19:49'),
	(92, 'กรมเจรจาการค้าระหว่างประเทศ\r', NULL, '13006', '$2y$10$4rZ9pUDXVsnCNs5hthW0DOWtMDF.HYqacfUPnN.IhG2of8KqpmIgy', 'user', 92, 1, NULL, '2020-06-22 02:19:49', '2020-06-22 02:19:49'),
	(93, 'กรมทรัพย์สินทางปัญญา\r', NULL, '13007', '$2y$10$tbYW1d.2Y8y3RH/81DBaWOkhdohkdKGGHCLXb2VK0Mq09y6ZncNJ.', 'user', 93, 1, NULL, '2020-06-22 02:19:49', '2020-06-22 02:19:49'),
	(94, 'กรมพัฒนาธุรกิจการค้า\r', NULL, '13008', '$2y$10$nMKdfygVnyLzZUafvFPi2uPunWdnZVqM9s1dSW2h4EBz5L7mIQq8u', 'user', 94, 1, NULL, '2020-06-22 02:19:49', '2020-06-22 02:19:49'),
	(95, 'กรมส่งเสริมการค้าระหว่างประเทศ\r', NULL, '13009', '$2y$10$SqDUdDRg.Mr6KB2awC662u5NlRf3CBlDJZUZppZSn.ba6EgUivbrS', 'user', 95, 1, NULL, '2020-06-22 02:19:49', '2020-06-22 02:19:49'),
	(96, 'สำนักงานนโยบายและยุทธศาสตร์การค้า\r', NULL, '13013', '$2y$10$nuPesFe5nCWlM9pIXSsmH.G2LLfu/CVX1xbEHpn4ZHUKITzepIonG', 'user', 96, 1, NULL, '2020-06-22 02:19:49', '2020-06-22 02:19:49'),
	(97, 'สำนักงานปลัดกระทรวงมหาดไทย\r', NULL, '15002', '$2y$10$qXlFz8AOVQkg/NcY.Mnm8OyLTVU9eqKypOmpY/qUmo1aIdsITfyxO', 'user', 97, 1, NULL, '2020-06-22 02:19:49', '2020-06-22 02:19:49'),
	(98, 'กรมการปกครอง\r', NULL, '15003', '$2y$10$0sB9rDCmiLASPTLkOOWVwuR6JvmZkTLjl503wBsvjthqOuo3Kv4de', 'user', 98, 1, NULL, '2020-06-22 02:19:49', '2020-06-22 02:19:49'),
	(99, 'กรมการพัฒนาชุมชน\r', NULL, '15004', '$2y$10$4DxFupYGKRNp2Gis/3qZj.99HnilPW6957Mzz6dKEWtZkyRwqw2J.', 'user', 99, 1, NULL, '2020-06-22 02:19:50', '2020-06-22 02:19:50'),
	(100, 'กรมที่ดิน\r', NULL, '15005', '$2y$10$fAER2jCqy5o0SAITlh9KQem730rzYKcurro3E68fVQohBwRfBENvu', 'user', 100, 1, NULL, '2020-06-22 02:19:50', '2020-06-22 02:19:50'),
	(101, 'กรมป้องกันและบรรเทาสาธารณภัย\r', NULL, '15006', '$2y$10$ZHUvvrOEQyef.a3EBq80jOA3eha2m1rVj6UpX21uWM6tcJGQEgahy', 'user', 101, 1, NULL, '2020-06-22 02:19:50', '2020-06-22 02:19:50'),
	(102, 'กรมโยธาธิการและผังเมือง\r', NULL, '15007', '$2y$10$SQh.w3V1m6m0xvlI1gfpxuFMYt3v0FEBY/rrmZPQXFsmFknKWrKpW', 'user', 102, 1, NULL, '2020-06-22 02:19:50', '2020-06-22 02:19:50'),
	(103, 'กรมส่งเสริมการปกครองส่วนท้องถิ่น\r', NULL, '15008', '$2y$10$X65YRORPaVDqaYFVDJtIyughcnTaLv/i8YJQM6xLftMPm1AQA6XrK', 'user', 103, 1, NULL, '2020-06-22 02:19:50', '2020-06-22 02:19:50'),
	(104, 'สำนักงานปลัดกระทรวงยุติธรรม \r', NULL, '16002', '$2y$10$PPNpMlYZ1yb3OA2ktzx7DeNy6bsvKpmz.DFqZk5E7cppzTUQQRFm.', 'user', 104, 1, NULL, '2020-06-22 02:19:50', '2020-06-22 02:19:50'),
	(105, 'กรมคุมประพฤติ\r', NULL, '16003', '$2y$10$xSVegRiY2seYYsXUKEWmi.4UviAhOVDIUtcjqoED6JfKAIt2mn8Q.', 'user', 105, 1, NULL, '2020-06-22 02:19:50', '2020-06-22 02:19:50'),
	(106, 'กรมคุ้มครองสิทธิและเสรีภาพ\r', NULL, '16004', '$2y$10$phEKHCvNWDigB1.EFVQ3neS9qf8s6.1Wd9n76pSZt9B0wbam6C9Ze', 'user', 106, 1, NULL, '2020-06-22 02:19:50', '2020-06-22 02:19:50'),
	(107, 'กรมบังคับคดี\r', NULL, '16005', '$2y$10$xqZ/tltFxMYWBJuQnaIvmersdccHRVbjxbYDF34Bre83u.FBtKTVa', 'user', 107, 1, NULL, '2020-06-22 02:19:50', '2020-06-22 02:19:50'),
	(108, 'กรมพินิจและคุ้มครองเด็กและเยาวชน\r', NULL, '16006', '$2y$10$1WB60bQjPTL5.PaEXrQDpuQrhzfkbLe9PTPPumogu3ZPEwbhUuHwi', 'user', 108, 1, NULL, '2020-06-22 02:19:50', '2020-06-22 02:19:50'),
	(109, 'กรมราชทัณฑ์\r', NULL, '16007', '$2y$10$p1Shwrrt/P4zYiYlbxOC.eRRYckomBEnB5tMN19UACSvfkZpqzQJO', 'user', 109, 1, NULL, '2020-06-22 02:19:50', '2020-06-22 02:19:50'),
	(110, 'กรมสอบสวนคดีพิเศษ\r', NULL, '16008', '$2y$10$Okj2.DyqOUETTM/eTu3GCucx/k1tSXJ74Pg68DUJc7HQWzy8RgCG6', 'user', 110, 1, NULL, '2020-06-22 02:19:50', '2020-06-22 02:19:50'),
	(111, 'สำนักงานกิจการยุติธรรม\r', NULL, '16009', '$2y$10$kzZkHCniaLHUU0n6IHqkdOZzFSBnzh0L99wzSyTO3xOdWhdfIuzQa', 'user', 111, 1, NULL, '2020-06-22 02:19:50', '2020-06-22 02:19:50'),
	(112, 'สถาบันนิติวิทยาศาสตร์\r', NULL, '16010', '$2y$10$zHSlNGLIds6V2ZSLsEact.OR/Kevw3b6nMU32tfKQdXYnd13tJ.Zu', 'user', 112, 1, NULL, '2020-06-22 02:19:50', '2020-06-22 02:19:50'),
	(113, 'สำนักงานคณะกรรมการป้องกันและปราบปรามยาเสพติด\r', NULL, '16011', '$2y$10$jvX6c5b1WfeLQb5a.Q5whuYaYqh34x4j9Os8Lz20d0t0FjEcEyfXC', 'user', 113, 1, NULL, '2020-06-22 02:19:50', '2020-06-22 02:19:50'),
	(114, 'สำนักงานปลัดกระทรวงแรงงาน\r', NULL, '17002', '$2y$10$tiDCZplgVqTyOngw/uE8OuQPJoBb1LJf8G68CRXtQJvaC3wwBILc2', 'user', 114, 1, NULL, '2020-06-22 02:19:50', '2020-06-22 02:19:50'),
	(115, 'กรมการจัดหางาน\r', NULL, '17003', '$2y$10$xruV7Sp9xqM3UcdqsbHrIe/HTO3vLIU.Cf6TC2U7AnRUUq.3N4.qG', 'user', 115, 1, NULL, '2020-06-22 02:19:51', '2020-06-22 02:19:51'),
	(116, 'กรมพัฒนาฝีมือแรงงาน\r', NULL, '17004', '$2y$10$f1k0aK70zD3/0LL6j4iQ/OnHM4oIPr9JdXdOngn635wJP7cHsDXnK', 'user', 116, 1, NULL, '2020-06-22 02:19:51', '2020-06-22 02:19:51'),
	(117, 'กรมสวัสดิการและคุ้มครองแรงงาน\r', NULL, '17005', '$2y$10$drOxK7pfumnCL6gj0AkyreZac6D1FTBvK0JUbeV6HySaty3/w4nsq', 'user', 117, 1, NULL, '2020-06-22 02:19:51', '2020-06-22 02:19:51'),
	(118, 'สำนักงานประกันสังคม\r', NULL, '17006', '$2y$10$1SR6vYXKl2aqW01ncv7e0uDH2TTgMM5R62JvHLAIcIIcWh6ny.xyi', 'user', 118, 1, NULL, '2020-06-22 02:19:51', '2020-06-22 02:19:51'),
	(119, 'สำนักงานปลัดกระทรวงวัฒนธรรม\r', NULL, '18002', '$2y$10$KrqDm2Agvw7fvweD3YqitOAln1LWQlHYC.f4OERdAtOEdstnyhRuS', 'user', 119, 1, NULL, '2020-06-22 02:19:51', '2020-06-22 02:19:51'),
	(120, 'กรมการศาสนา\r', NULL, '18003', '$2y$10$DTCQbKE1hWeQeMxyj6f.3usd.Tvu1tmqZqTT8W2ndIZqW.Ye/RO..', 'user', 120, 1, NULL, '2020-06-22 02:19:51', '2020-06-22 02:19:51'),
	(121, 'กรมศิลปากร\r', NULL, '18004', '$2y$10$DtShMKCG8v.EbSGzCTPYZO0RWfHMVjnNMM2q8BWZ7qepwpS9tsjny', 'user', 121, 1, NULL, '2020-06-22 02:19:51', '2020-06-22 02:19:51'),
	(122, 'กรมส่งเสริมวัฒนธรรม\r', NULL, '18005', '$2y$10$I9NrX5t/Zv2DcJZPkKWgturuGiPQNANq728hxgpx3cIbWoB2Hbg32', 'user', 122, 1, NULL, '2020-06-22 02:19:51', '2020-06-22 02:19:51'),
	(123, 'สำนักงานศิลปวัฒนธรรมร่วมสมัย\r', NULL, '18006', '$2y$10$LibNfzCiVgx42MaojvCVbeWl6eXpPOxcTX.UOsz6yNfU1M.lV6LAe', 'user', 123, 1, NULL, '2020-06-22 02:19:51', '2020-06-22 02:19:51'),
	(124, 'สถาบันบัณฑิตพัฒนศิลป์\r', NULL, '18008', '$2y$10$O0aRRmIvjkzqrA43254SzON7KD2vDTSc2444zvbZ3JjNA6ygysgCq', 'user', 124, 1, NULL, '2020-06-22 02:19:51', '2020-06-22 02:19:51'),
	(125, 'สำนักงานปลัดกระทรวงศึกษาธิการ\r', NULL, '20002', '$2y$10$BYMN/J/VSS1uIZcexc8Sc.u6V3qh6tDv0Z4BSJLpN6ZvLhmoSmGMO', 'user', 125, 1, NULL, '2020-06-22 02:19:51', '2020-06-22 02:19:51'),
	(126, 'สำนักงานเลขาธิการสภาการศึกษา\r', NULL, '20003', '$2y$10$d4OVHKLDu9CfZq5x5nHFxeClnqoutWgovxTMxICvEqCoPVmlYC96.', 'user', 126, 1, NULL, '2020-06-22 02:19:51', '2020-06-22 02:19:51'),
	(127, 'สำนักงานคณะกรรมการการศึกษาขั้นพื้นฐาน \r', NULL, '20004', '$2y$10$ofFU9TixVHhWhsBlCYOKION9OWCkIXh.9FXQZO5pSyS33feD1L.5S', 'user', 127, 1, NULL, '2020-06-22 02:19:51', '2020-06-22 02:19:51'),
	(128, 'สำนักงานคณะกรรมการการอาชีวศึกษา\r', NULL, '20006', '$2y$10$klQ6GgSacEbuDh5SF/RK1.mMg2TFrEpjf0ePv2bnbGg0R4A2cP9au', 'user', 128, 1, NULL, '2020-06-22 02:19:51', '2020-06-22 02:19:51'),
	(129, 'สำนักงานปลัดกระทรวงสาธารณสุข\r', NULL, '21002', '$2y$10$8RRqVX4Rqk/ICfJIsMYwTetZPOlgL7ArIAWoBFGm6DsK5bTyHiy5m', 'user', 129, 1, NULL, '2020-06-22 02:19:51', '2020-06-22 02:19:51'),
	(130, 'กรมการแพทย์\r', NULL, '21003', '$2y$10$6cklfdG8k/NEOG6KLYGZSeqZpSZDfD5cCtatzbs4OBydrhcTAp2gG', 'user', 130, 1, NULL, '2020-06-22 02:19:51', '2020-06-22 02:19:51'),
	(131, 'กรมควบคุมโรค\r', NULL, '21004', '$2y$10$ueWAW/Nam4Nn/XLgxfFbCuwafbHpNUG25orUcngmMWUDWyFzndgE2', 'user', 131, 1, NULL, '2020-06-22 02:19:52', '2020-06-22 02:19:52'),
	(132, 'กรมการเเพทย์เเผนไทยเเละการเเพทย์ทางเลือก\r', NULL, '21005', '$2y$10$dVYVjT5K3TatRaZerxqEeO4FMNuKsjW0voFFB8//Kg3iQU.pMyZcW', 'user', 132, 1, NULL, '2020-06-22 02:19:52', '2020-06-22 02:19:52'),
	(133, 'กรมวิทยาศาสตร์การแพทย์\r', NULL, '21006', '$2y$10$ifGaIrte0BgdfpXUq.aplu23d09cEAyNqxbyLF7QhtaP.sTz.TX52', 'user', 133, 1, NULL, '2020-06-22 02:19:52', '2020-06-22 02:19:52'),
	(134, 'กรมสนับสนุนบริการสุขภาพ\r', NULL, '21007', '$2y$10$B45Kp4aWjQLLzTUat6mELekpdP1fLoKVL5f.hlS3iMlsDukQPwutm', 'user', 134, 1, NULL, '2020-06-22 02:19:52', '2020-06-22 02:19:52'),
	(135, 'กรมสุขภาพจิต\r', NULL, '21008', '$2y$10$iWavkqTWfbbz8QGjMeJw9.eVDNqvk93C.PQMQY3cz0EA0bOuAbING', 'user', 135, 1, NULL, '2020-06-22 02:19:52', '2020-06-22 02:19:52'),
	(136, 'กรมอนามัย\r', NULL, '21009', '$2y$10$/wzKsPS2rBXbQJmtgC/pWOV5nDQF4YpqmzlUf8rOWeJwihNHTE8KO', 'user', 136, 1, NULL, '2020-06-22 02:19:52', '2020-06-22 02:19:52'),
	(137, 'สำนักงานคณะกรรมการอาหารและยา\r', NULL, '21010', '$2y$10$ld1KrCRvZkpe431d5RBK2.g2TTpJHYmRjsOatmXR2.pJZpKXJEkme', 'user', 137, 1, NULL, '2020-06-22 02:19:52', '2020-06-22 02:19:52'),
	(138, 'สถาบันพระบรมราชชนก\r', NULL, '21017', '$2y$10$693CygsA7rwhZwjgMlPVXORKCATEkFM.EfB4w6EnioCFDf/9ObUqi', 'user', 138, 1, NULL, '2020-06-22 02:19:52', '2020-06-22 02:19:52'),
	(139, 'สำนักงานปลัดกระทรวงอุตสาหกรรม\r', NULL, '22002', '$2y$10$99UWFsl4BlP0wuU0D3X67.v72YMFtp0zVxDy4Ua/TZ8r5woYAxN8m', 'user', 139, 1, NULL, '2020-06-22 02:19:52', '2020-06-22 02:19:52'),
	(140, 'กรมโรงงานอุตสาหกรรม\r', NULL, '22003', '$2y$10$YuNBeGluZJyCvd7Bqc3A6.iE2dzmxj5jKYFUZXk2CEhIyNsVvVFkC', 'user', 140, 1, NULL, '2020-06-22 02:19:52', '2020-06-22 02:19:52'),
	(141, 'กรมส่งเสริมอุตสาหกรรม\r', NULL, '22004', '$2y$10$5dZ0cHYLv5gqjMuPJY4GtePaBn1QbE2jg1xmLqWdAHr25xYvvQDya', 'user', 141, 1, NULL, '2020-06-22 02:19:52', '2020-06-22 02:19:52'),
	(142, 'กรมอุตสาหกรรมพื้นฐานและการเหมืองแร่\r', NULL, '22005', '$2y$10$FJp21Yoi5ftp1s9oF7Dgg.eLTHgzG.SiDpZov5dZw69dOg1xdnMwS', 'user', 142, 1, NULL, '2020-06-22 02:19:52', '2020-06-22 02:19:52'),
	(143, 'สำนักงานคณะกรรมการอ้อยและน้ำตาลทราย\r', NULL, '22006', '$2y$10$M0p13x/cxRuNWh2zd4emduDOxQEpnsNRx3xNSctNLj8mVWtKPlie.', 'user', 143, 1, NULL, '2020-06-22 02:19:52', '2020-06-22 02:19:52'),
	(144, 'สำนักงานมาตรฐานผลิตภัณฑ์อุตสาหกรรม\r', NULL, '22007', '$2y$10$ifEKlYHDtsciiKoYfHzCN.iaOfU9reoYfAV9l1fDUShARVhxESe0y', 'user', 144, 1, NULL, '2020-06-22 02:19:52', '2020-06-22 02:19:52'),
	(145, 'สำนักงานเศรษฐกิจอุตสาหกรรม\r', NULL, '22008', '$2y$10$AiSqPf9IWFx0FBLSFGKUJeTlsajyrbbVk3LtDUZlTJU9m/CL5W/mu', 'user', 145, 1, NULL, '2020-06-22 02:19:52', '2020-06-22 02:19:52'),
	(146, 'สำนักงานปลัดกระทรวงการอุดมศึกษา วิทยาศาสตร์ วิจัยและนวัตกรรม\r', NULL, '23002', '$2y$10$nKHB31qdXa9h1j2QzljyluB9xrwVBm0.E/DcEyL6I/fMAYk0H/Tui', 'user', 146, 1, NULL, '2020-06-22 02:19:53', '2020-06-22 02:19:53'),
	(147, 'กรมวิทยาศาสตร์บริการ\r', NULL, '23003', '$2y$10$/GRaKhbfC3EOeFky25ieDeWgRu.mNO7pvR1q.5DyvAUsf/ZtxJHIq', 'user', 147, 1, NULL, '2020-06-22 02:19:53', '2020-06-22 02:19:53'),
	(148, 'สำนักงานคณะกรรมการวิจัยแห่งชาติ\r', NULL, '23004', '$2y$10$IWRdJHXaWyaBS/qMMdGgF.PP4AlVav.KimcnoL8MTRgMfzDiWgN3S', 'user', 148, 1, NULL, '2020-06-22 02:19:53', '2020-06-22 02:19:53'),
	(149, 'สำนักงานปรมาณูเพื่อสันติ\r', NULL, '23005', '$2y$10$CiDcpEFu772u0VvyaOIpe.UmVAY4GaMFY2AQYkmsgIgOjEX4a1Hei', 'user', 149, 1, NULL, '2020-06-22 02:19:53', '2020-06-22 02:19:53'),
	(150, 'มหาวิทยาลัยรามคำแหง\r', NULL, '23006', '$2y$10$yEm/6wgww1o2MDfKC3KHy.oJ4X7pcUlB0ntWaXwcUw.lV13Vw4FOG', 'user', 150, 1, NULL, '2020-06-22 02:19:53', '2020-06-22 02:19:53'),
	(151, 'มหาวิทยาลัยสุโขทัยธรรมาธิราช\r', NULL, '23007', '$2y$10$TbMC2/y6IGV66fCyu7d.l.YyuJaO2L5khnWZOH9c.kx/Fw.vhtPAS', 'user', 151, 1, NULL, '2020-06-22 02:19:53', '2020-06-22 02:19:53'),
	(152, 'มหาวิทยาลัยนเรศวร\r', NULL, '23008', '$2y$10$pJ76AZYDxidh1bpk3xXtPeqMAQmhgnVe8j1PUiLrwCSTaDKk5kFRC', 'user', 152, 1, NULL, '2020-06-22 02:19:53', '2020-06-22 02:19:53'),
	(153, 'มหาวิทยาลัยอุบลราชธานี\r', NULL, '23009', '$2y$10$rlVrUfnaWX9nuCroH8qtD.GurGDoRUpypOapsbcdkRJIDkx7oBu.q', 'user', 153, 1, NULL, '2020-06-22 02:19:53', '2020-06-22 02:19:53'),
	(154, 'มหาวิทยาลัยมหาสารคาม\r', NULL, '23010', '$2y$10$q2tElNBnOv4B/kZEK9yvnevCkbe/3S0m8dejVJ66fEf3ItjLfa9I2', 'user', 154, 1, NULL, '2020-06-22 02:19:53', '2020-06-22 02:19:53'),
	(155, 'มหาวิทยาลัยกาฬสินธุ์\r', NULL, '23011', '$2y$10$obABgV78ayZ4STshR.31S.NdcKtdEPjr6Vd6a2E.dRt9y2gBuxLvm', 'user', 155, 1, NULL, '2020-06-22 02:19:53', '2020-06-22 02:19:53'),
	(156, 'สถาบันเทคโนโลยีปทุมวัน\r', NULL, '23012', '$2y$10$DI6XG46fXmVoBnJiXliT2.0TKyGcn8VYrr.OSPrNCx/tbBsDsaBkS', 'user', 156, 1, NULL, '2020-06-22 02:19:53', '2020-06-22 02:19:53'),
	(157, 'มหาวิทยาลัยนราธิวาสราชนครินทร์\r', NULL, '23013', '$2y$10$WX4UFqn6LjiNSuPhkkfKjuEhlIcR4cTHEtZN4.i/o2n1BRlD1jnvG', 'user', 157, 1, NULL, '2020-06-22 02:19:53', '2020-06-22 02:19:53'),
	(158, 'มหาวิทยาลัยนครพนม\r', NULL, '23014', '$2y$10$qXeXsEW4iUT7VOlhupBse.HCa58NNvuUxFoNpcMZfPZ5yOL8oBJBi', 'user', 158, 1, NULL, '2020-06-22 02:19:53', '2020-06-22 02:19:53'),
	(159, 'สถาบันวิทยาลัยชุมชน\r', NULL, '23015', '$2y$10$D8zC9qzG/4DGQGuG4JfiPuVjO27V2lS548a.LeQrzgN8mkLn42IDa', 'user', 159, 1, NULL, '2020-06-22 02:19:53', '2020-06-22 02:19:53'),
	(160, 'ม.ราชภัฏเชียงราย\r', NULL, '23016', '$2y$10$KHVEojVKH5G2p3XycrVrq.GXiKVgkg4.DOe.gHH1EbTMYIWNXPKAa', 'user', 160, 1, NULL, '2020-06-22 02:19:53', '2020-06-22 02:19:53'),
	(161, 'ม.ราชภัฏเชียงใหม่\r', NULL, '23017', '$2y$10$U2NgyvnWZV9XsS2otl7krejlVSnieK1AMRJaeTECnVMG.Y6gCw1Xm', 'user', 161, 1, NULL, '2020-06-22 02:19:53', '2020-06-22 02:19:53'),
	(162, 'ม.ราชภัฏลำปาง\r', NULL, '23018', '$2y$10$.ktsFuh0KV6VpcLl8xKfmOTgfvOqxadQkEBPdz1UTZ29zUsWQsk0K', 'user', 162, 1, NULL, '2020-06-22 02:19:54', '2020-06-22 02:19:54'),
	(163, 'มหาวิทยาลัยราชภัฏอุตรดิตถ์\r', NULL, '23019', '$2y$10$SL08Ew0Cmvc7D2DpTglUsOR.Nsa6lz9.0MG8tJIwEj9qcojUSe.Q.', 'user', 163, 1, NULL, '2020-06-22 02:19:54', '2020-06-22 02:19:54'),
	(164, 'ม.ราชภัฏกำแพงเพชร\r', NULL, '23020', '$2y$10$EOzYDWPmu2rxRX1WjIDpeeu2nsdzpIkn8DrjWTCpc3Yx5dEfOoETa', 'user', 164, 1, NULL, '2020-06-22 02:19:54', '2020-06-22 02:19:54'),
	(165, 'ม.ราชภัฏนครสวรรค์\r', NULL, '23021', '$2y$10$OmleJF3WJKpVetwJ0s.Keu2EiNAOnS5KmKWEn2qPE0.xWyMxVVI0W', 'user', 165, 1, NULL, '2020-06-22 02:19:54', '2020-06-22 02:19:54'),
	(166, 'ม.ราชภัฏพิบูลสงคราม\r', NULL, '23022', '$2y$10$CuY9jl24dDhCeVeYJ6FBAOvvht5dqVo4XlH3goZSPQgf7WHbbOw/2', 'user', 166, 1, NULL, '2020-06-22 02:19:54', '2020-06-22 02:19:54'),
	(167, 'มหาวิทยาลัยราชภัฏเพชรบูรณ์\r', NULL, '23023', '$2y$10$7GUtg8hvm2JGl35VAqxh2e3ARbqg03shYdVoNtqWya9g/lbWrdrgu', 'user', 167, 1, NULL, '2020-06-22 02:19:54', '2020-06-22 02:19:54'),
	(168, 'ม.ราชภัฏมหาสารคาม\r', NULL, '23024', '$2y$10$x7nrkfF/PWWpPQ3uJbIqmux3UboMnL2D37Ve8s1Dc/EyQxOMHOUWe', 'user', 168, 1, NULL, '2020-06-22 02:19:54', '2020-06-22 02:19:54'),
	(169, 'ม.ราชภัฏเลย\r', NULL, '23025', '$2y$10$50u/clfJdZ5d8F9nkJrt5eVPls0Socb.ofmi16uBCZp/.HYbD7lWW', 'user', 169, 1, NULL, '2020-06-22 02:19:54', '2020-06-22 02:19:54'),
	(170, 'ม.ราชภัฏสกลนคร\r', NULL, '23026', '$2y$10$flg.GrDWuNUZLrlU0xO5rerczQaf3EkoHAByrZNSSMHSZDCt89phm', 'user', 170, 1, NULL, '2020-06-22 02:19:54', '2020-06-22 02:19:54'),
	(171, 'ม.ราชภัฏอุดรธานี\r', NULL, '23027', '$2y$10$DSv3s0FpBK1P35B.taV.le5G//ic0.bVP53H.85rxifREpOvRqTVy', 'user', 171, 1, NULL, '2020-06-22 02:19:54', '2020-06-22 02:19:54'),
	(172, 'ม.ราชภัฏนครราชสีมา\r', NULL, '23028', '$2y$10$INZ5qm1eOuzGvBZZ414SsOfkUGQ5A5BOZjkQpTBsK7V.7N2hmw192', 'user', 172, 1, NULL, '2020-06-22 02:19:54', '2020-06-22 02:19:54'),
	(173, 'ม.ราชภัฏบุรีรัมย์\r', NULL, '23029', '$2y$10$Qb48tMzR84Cn3GP.3Ujf1uGt8dfMtouoy7eTNUAA2g6ymDCowX75S', 'user', 173, 1, NULL, '2020-06-22 02:19:54', '2020-06-22 02:19:54'),
	(174, 'ม.ราชภัฏสุรินทร์\r', NULL, '23030', '$2y$10$cjOoX3oiON0rL5r44/34Y.d19ru242OMZ.N4ZiQuiXzpWQ2DN6BTy', 'user', 174, 1, NULL, '2020-06-22 02:19:54', '2020-06-22 02:19:54'),
	(175, 'ม.ราชภัฏอุบลราชธานี\r', NULL, '23031', '$2y$10$9aqq7XIIP0rQVgJEBVCvxOBHEdommOgDwzClsUtSymnA4iDmsknha', 'user', 175, 1, NULL, '2020-06-22 02:19:54', '2020-06-22 02:19:54'),
	(176, 'มหาวิทยาลัยราชภัฏราชนครินทร์\r', NULL, '23032', '$2y$10$uU4/qjPUlAM3f3UwNZwq.uVAZIF5pbH3.t20fbodIAmUjv31.mLcm', 'user', 176, 1, NULL, '2020-06-22 02:19:54', '2020-06-22 02:19:54'),
	(177, 'ม.ราชภัฏเทพสตรี\r', NULL, '23033', '$2y$10$ly9SI3MjruZOaz3U2b6H0.xQf5bwd3nSxtEZUBvwf/9Q2gNz..tc.', 'user', 177, 1, NULL, '2020-06-22 02:19:54', '2020-06-22 02:19:54'),
	(178, 'มหาวิทยาลัยราชภัฏพระนครศรีอยุธยา\r', NULL, '23034', '$2y$10$0.80Mj57zSqboJqL8uG/quArPkIwDQ3Tx1OSXsOhs8vzeIt/SngM2', 'user', 178, 1, NULL, '2020-06-22 02:19:55', '2020-06-22 02:19:55'),
	(179, 'ม.ราชภัฏวไลยอลงกรณ์\r', NULL, '23035', '$2y$10$RMTkIG/Km4c36wbRcNqwue0nc3wVFHkEe0Zhlz9sK5E5yb7jhOCJq', 'user', 179, 1, NULL, '2020-06-22 02:19:55', '2020-06-22 02:19:55'),
	(180, 'ม.ราชภัฏรำไพพรรณี\r', NULL, '23036', '$2y$10$TExvWW76DryVl4Y.bpZnp.BthxzndhuL74524nUmWA8/9TIbyZud6', 'user', 180, 1, NULL, '2020-06-22 02:19:55', '2020-06-22 02:19:55'),
	(181, 'ม.ราชภัฏกาญจนบุรี\r', NULL, '23037', '$2y$10$hEfuLLN51bdJAfTvE8J3VuKIIqb2uv0TzDgXYgdqSYbx3j/Oz6K0q', 'user', 181, 1, NULL, '2020-06-22 02:19:55', '2020-06-22 02:19:55'),
	(182, 'ม.ราชภัฏนครปฐม\r', NULL, '23038', '$2y$10$mTlMC4T16DcbHGKf98qHM.gHx0E2G7HJqo1FvrLBHScHNXezi72gG', 'user', 182, 1, NULL, '2020-06-22 02:19:55', '2020-06-22 02:19:55'),
	(183, 'ม.ราชภัฏเพชรบุรี\r', NULL, '23039', '$2y$10$NA9qSXISNASMDzHfAGqkv.w377MaYUvgF.Vzl3hLLY/UyrspCge2e', 'user', 183, 1, NULL, '2020-06-22 02:19:55', '2020-06-22 02:19:55'),
	(184, 'มหาวิทยาลัยราชภัฏหมู่บ้านจอมบึง\r', NULL, '23040', '$2y$10$23hSOkLaifrsSKf2skX7.eWRXJnH30MY5iBQZk0J9l8gomjhKxxl.', 'user', 184, 1, NULL, '2020-06-22 02:19:55', '2020-06-22 02:19:55'),
	(185, 'มหาวิทยาลัยราชภัฏนครศรีธรรมราช\r', NULL, '23041', '$2y$10$J2JTlS0QzAMKr1bFWgMn7OvR.LDAfff/Cz31oswMezHNzlSfZpK/S', 'user', 185, 1, NULL, '2020-06-22 02:19:55', '2020-06-22 02:19:55'),
	(186, 'ม.ราชภัฏภูเก็ต\r', NULL, '23042', '$2y$10$fcW4pai2leBkTJFPjrsBSu2oUmeWEHIQpB1UJfg/FNxW21QpAbDRW', 'user', 186, 1, NULL, '2020-06-22 02:19:55', '2020-06-22 02:19:55'),
	(187, 'ม.ราชภัฏยะลา\r', NULL, '23043', '$2y$10$hM57l.Lpa0N7n0.pBsmXQ.d6BAhwCymRkO/YTtBSWL9H8yX0Jkk4O', 'user', 187, 1, NULL, '2020-06-22 02:19:55', '2020-06-22 02:19:55'),
	(188, 'ม.ราชภัฏสงขลา\r', NULL, '23044', '$2y$10$IwKB6fr160M6f7vPeRboPOXIGDuagayHhPQBtdMPpKUmSNNvINtpK', 'user', 188, 1, NULL, '2020-06-22 02:19:55', '2020-06-22 02:19:55'),
	(189, 'ม.ราชภัฏสุราษฎร์ธานี\r', NULL, '23045', '$2y$10$eunHZEspaTRuJhyrI7MbrOMDsfvMbrjCBcfcHc0KTkpMi9gr.UyZ.', 'user', 189, 1, NULL, '2020-06-22 02:19:55', '2020-06-22 02:19:55'),
	(190, 'ม.ราชภัฏจันทรเกษม\r', NULL, '23046', '$2y$10$OnJZyQf/M8LMrthkUidl9uaQK4e2Pa7gIxZd8sykQDMSTZdOaDbLO', 'user', 190, 1, NULL, '2020-06-22 02:19:55', '2020-06-22 02:19:55'),
	(191, 'ม.ราชภัฏธนบุรี\r', NULL, '23047', '$2y$10$6BMZrTKDUEyLH5tRChZk.OOpt2ZIRFolT8vwdIQsT6PB7LvqvivNm', 'user', 191, 1, NULL, '2020-06-22 02:19:55', '2020-06-22 02:19:55'),
	(192, 'มหาวิทยาลัยราชภัฏบ้านสมเด็จเจ้าพระยา\r', NULL, '23048', '$2y$10$DX5eWS3b9xo859Y7N7oeXOA5eCgCAwojPHeRMAOxblaVlBfTC29P.', 'user', 192, 1, NULL, '2020-06-22 02:19:55', '2020-06-22 02:19:55'),
	(193, 'ม.ราชภัฏพระนคร\r', NULL, '23049', '$2y$10$pbEuSAFX3.S0pP83BKbhL.lQZ1apnp4cUXuoLzLUKA8u8k31cDdlu', 'user', 193, 1, NULL, '2020-06-22 02:19:55', '2020-06-22 02:19:55'),
	(194, 'ม.ราชภัฏสวนสุนันทา\r', NULL, '23050', '$2y$10$fp61aXOy9GL4Onur8aBqtewuY4nC7DYss8deS3csDSWTnMyiZwYf2', 'user', 194, 1, NULL, '2020-06-22 02:19:56', '2020-06-22 02:19:56'),
	(195, 'ม.ราชภัฏชัยภูมิ\r', NULL, '23051', '$2y$10$jmqMXuylhScEeEQ.XLI9Ner5fdZDU/eNqTPj/UlxozV/Uydt82Sui', 'user', 195, 1, NULL, '2020-06-22 02:19:56', '2020-06-22 02:19:56'),
	(196, 'ม.ราชภัฏร้อยเอ็ด\r', NULL, '23052', '$2y$10$ZXo1sS/2mIYim7SN9DxA8eJ8EMj2sn5MbGP2Xrc6TYC7ICo13Xj/y', 'user', 196, 1, NULL, '2020-06-22 02:19:56', '2020-06-22 02:19:56'),
	(197, 'ม.ราชภัฏศรีสะเกษ\r', NULL, '23053', '$2y$10$OYPEHil2ifPkRgQVWjYQZ.aCCTsDUYmRWfLk1Kube5VCttx9048iO', 'user', 197, 1, NULL, '2020-06-22 02:19:56', '2020-06-22 02:19:56'),
	(198, 'มหาวิทยาลัยเทคโนโลยีราชมงคลธัญบุรี\r', NULL, '23054', '$2y$10$PzJe02JQPMdWrTV30oj01OKySKpd6BTkY73fOJXXL1YB6HSACKOaK', 'user', 198, 1, NULL, '2020-06-22 02:19:56', '2020-06-22 02:19:56'),
	(199, 'มหาวิทยาลัยเทคโนโลยีราชมงคลกรุงเทพ\r', NULL, '23055', '$2y$10$GbulQULtiUq3r53ef5NY6e9K5irBczitLYLJA4fLse3FzBs0K.w2y', 'user', 199, 1, NULL, '2020-06-22 02:19:56', '2020-06-22 02:19:56'),
	(200, 'มหาวิทยาลัยเทคโนโลยีราชมงคลตะวันออก\r', NULL, '23056', '$2y$10$zOHLZ3ll9cBZ60LwFttFcuy.57lwcixqH7tM1AW7M7gKa2MRK2wk.', 'user', 200, 1, NULL, '2020-06-22 02:19:56', '2020-06-22 02:19:56'),
	(201, 'มหาวิทยาลัยเทคโนโลยีราชมงคลพระนคร\r', NULL, '23057', '$2y$10$GtSfH0QfqlClZnRrEtTE0OcnjycJ9TGoiq3.S.dGB.MT3jshZTF.G', 'user', 201, 1, NULL, '2020-06-22 02:19:56', '2020-06-22 02:19:56'),
	(202, 'มหาวิทยาลัยเทคโนโลยีราชมงคลรัตนโกสินทร์\r', NULL, '23058', '$2y$10$Kn/B4b2tH3Q2UBmEZzT69.0f.r/nYm5wd5TcEmchwF4qF8uAG9L1O', 'user', 202, 1, NULL, '2020-06-22 02:19:56', '2020-06-22 02:19:56'),
	(203, 'มหาวิทยาลัยเทคโนโลยีราชมงคลล้านนา\r', NULL, '23059', '$2y$10$py2t1lGMPh0Sd3U/ESvo..S1eM3fBr92F9CJMH/maYjIcqgV1Bsn2', 'user', 203, 1, NULL, '2020-06-22 02:19:56', '2020-06-22 02:19:56'),
	(204, 'มหาวิทยาลัยเทคโนโลยีราชมงคลศรีวิชัย\r', NULL, '23060', '$2y$10$4T8DOEeGmdJLsTlSrKLod.D9hCCe.Dfx30TJoTnEXALww5QiBA0nm', 'user', 204, 1, NULL, '2020-06-22 02:19:56', '2020-06-22 02:19:56'),
	(205, 'มหาวิทยาลัยเทคโนโลยีราชมงคลสุวรรณภูมิ\r', NULL, '23061', '$2y$10$hB2iqSaeVWCIcT4GArlAW.7EYtbfmvPZyCxSv2XVDw/jdqM0EePBq', 'user', 205, 1, NULL, '2020-06-22 02:19:56', '2020-06-22 02:19:56'),
	(206, 'มหาวิทยาลัยเทคโนโลยีราชมงคลอีสาน \r', NULL, '23062', '$2y$10$DusbFs7n2hLIVWIvgSCxYOMCiytTobY27wjV4YKX6BmtXnC4p05Ea', 'user', 206, 1, NULL, '2020-06-22 02:19:56', '2020-06-22 02:19:56'),
	(207, 'สำนักงานพระพุทธศาสนาแห่งชาติ\r', NULL, '25003', '$2y$10$CGozNMzbmphR51vkNkcK6OBUNP9TmiE1dNUpPajkjxp2WyDgPksX2', 'user', 207, 1, NULL, '2020-06-22 02:19:56', '2020-06-22 02:19:56'),
	(208, 'สำนักงานคณะกรรมการพิเศษเพื่อประสานงานโครงการอันเนื่องมาจากพระราชดำริ\r', NULL, '25004', '$2y$10$UjDj4dp0rccB0sJtSotfEuoByKotTqNaypCyASiYTCJuv/7b8PZfu', 'user', 208, 1, NULL, '2020-06-22 02:19:56', '2020-06-22 02:19:56'),
	(209, 'สำนักงานราชบัณฑิตยสภา\r', NULL, '25006', '$2y$10$jB86efyQux05vlYGSsZHgeCIYDCvsMCdVd5ygcfJj2zpG98jiVLpK', 'user', 209, 1, NULL, '2020-06-22 02:19:57', '2020-06-22 02:19:57'),
	(210, 'สำนักงานตำรวจแห่งชาติ\r', NULL, '25007', '$2y$10$MZh34jPC3yWTHJ.W4p/lFesBGH0RzR4/gbl7Sxny6gQK9YxpITW/K', 'user', 210, 1, NULL, '2020-06-22 02:19:57', '2020-06-22 02:19:57'),
	(211, 'สำนักงานป้องกันและปราบปรามการฟอกเงิน\r', NULL, '25008', '$2y$10$GfqwXU.j0aU8INXf/jNmFOSQwseH1W/UNeRH686IyDpeNPI/b1w5S', 'user', 211, 1, NULL, '2020-06-22 02:19:57', '2020-06-22 02:19:57'),
	(212, 'ศูนย์อำนวยการบริหารจังหวัดชายแดนภาคใต้\r', NULL, '25016', '$2y$10$TUrdSJ8hVky3sn7fKGRpreiJDzz9bS9/mTIBunzkBE46LN/xUoAX2', 'user', 212, 1, NULL, '2020-06-22 02:19:57', '2020-06-22 02:19:57'),
	(213, 'สำนักงานคณะกรรมการป้องกันและปราบปรามการทุจริตในภาครัฐ\r', NULL, '25017', '$2y$10$Iuj6GBoyJkVh2NSkdYqY8OHHN9hI3RKLr9SUs0pcPC67HdLEEd0bG', 'user', 213, 1, NULL, '2020-06-22 02:19:57', '2020-06-22 02:19:57'),
	(214, 'สำนักงานเลขาธิการวุฒิสภา\r', NULL, '27001', '$2y$10$XG.QfaQSGejnHu/l7iBKPO2skFnwaDdUciPO8gtxAY3kxLpHDNtVq', 'user', 214, 1, NULL, '2020-06-22 02:19:57', '2020-06-22 02:19:57'),
	(215, 'สำนักงานเลขาธิการสภาผู้แทนราษฎร\r', NULL, '27002', '$2y$10$2cl3N7/DeE7rANWAJgU/be9Pd.98TmYCOO8zVaqohOy906epkxopm', 'user', 215, 1, NULL, '2020-06-22 02:19:57', '2020-06-22 02:19:57'),
	(216, 'สถาบันพระปกเกล้า\r', NULL, '27003', '$2y$10$bLeN8KM1EHRR0yhyiOQEkOigYYXLIwRjkKPMuP8Yqlf3dMbmCMXJy', 'user', 216, 1, NULL, '2020-06-22 02:19:57', '2020-06-22 02:19:57'),
	(217, 'สำนักงานศาลรัฐธรรมนูญ\r', NULL, '28001', '$2y$10$byJpty5rj11HoInKtNK9iuIqOZTyVFvKEIawTDnZJnOMMYE6YCrOi', 'user', 217, 1, NULL, '2020-06-22 02:19:57', '2020-06-22 02:19:57'),
	(218, 'สำนักงานศาลยุติธรรม\r', NULL, '28002', '$2y$10$7gaoO9dO56lOgEGTR//xvOLPL/9j7lBLuZBeIPw.2z1sHLFyh/gC2', 'user', 218, 1, NULL, '2020-06-22 02:19:57', '2020-06-22 02:19:57'),
	(219, 'สำนักงานศาลปกครอง\r', NULL, '28003', '$2y$10$9xujT2BmS5V5EZNjgYL8uuYEebQkVU9cw0iprRHVpwjNG0MEFlnq6', 'user', 219, 1, NULL, '2020-06-22 02:19:57', '2020-06-22 02:19:57'),
	(220, 'สำนักงานคณะกรรมการการเลือกตั้ง\r', NULL, '29001', '$2y$10$r4vP2yv6uTLS8P7hoarmjuuHTcD9xNGJltOylJcdce39kSkbDPSRW', 'user', 220, 1, NULL, '2020-06-22 02:19:57', '2020-06-22 02:19:57'),
	(221, 'สำนักงานผู้ตรวจการแผ่นดิน\r', NULL, '29002', '$2y$10$400nc2Hd9UKNNU9VW.QN/O02zOZyCka4mNZfL85fw1ZVwmY7lnXRe', 'user', 221, 1, NULL, '2020-06-22 02:19:57', '2020-06-22 02:19:57'),
	(222, 'สำนักงานคณะกรรมการป้องกันและปราบปรามการทุจริตแห่งชาติ\r', NULL, '29003', '$2y$10$QNUHg5N0MIBG7WxOyCwICuShjE9oBNW641iKm0YWooNtmnOBVRN92', 'user', 222, 1, NULL, '2020-06-22 02:19:57', '2020-06-22 02:19:57'),
	(223, 'สำนักงานการตรวจเงินแผ่นดิน\r', NULL, '29004', '$2y$10$dTsU/LlnPz72rqcaYhMEPeyrH87aoP7Q4uSgDJKpaI0JKneHURuDW', 'user', 223, 1, NULL, '2020-06-22 02:19:57', '2020-06-22 02:19:57'),
	(224, 'สำนักงานคณะกรรมการสิทธิมนุษยชนแห่งชาติ\r', NULL, '29005', '$2y$10$uFxuFx0Z4uIwjMMqvlTRruW/h4zFnvFTXJ/sAYiy82qKuP.VJ4eqe', 'user', 224, 1, NULL, '2020-06-22 02:19:57', '2020-06-22 02:19:57'),
	(225, 'สำนักงานอัยการสูงสุด\r', NULL, '29006', '$2y$10$ILkdJ2s6KfMfapvAnTLYxuJujmIkmyvcmf649TOYfg50EfjjYbYyS', 'user', 225, 1, NULL, '2020-06-22 02:19:58', '2020-06-22 02:19:58'),
	(226, 'สำนักงานคณะกรรมการกิจการกระจายเสียง กิจการโทรทัศน์และกิจการโทรคมนาคมแห่งชาติ\r', NULL, '29009', '$2y$10$pAxxapISulHe/rf3YpsCQelArzOHIGjHmUFnsUPIqAADmAZQi.sKq', 'user', 226, 1, NULL, '2020-06-22 02:19:58', '2020-06-22 02:19:58'),
	(227, 'องค์การตลาดเพื่อเกษตรกร\r', NULL, '50101', '$2y$10$RjkdMKCvnt98bO2EOqiTf.LukC74ym56SBoNdAfsgNuGRS92oaPEG', 'user', 227, 1, NULL, '2020-06-22 02:19:58', '2020-06-22 02:19:58'),
	(228, 'องค์การสวนยาง\r', NULL, '50102', '$2y$10$ErwW5pjIetHiBOkVaW52x.XhtLUjxO66aXSQXkNn3owWi4mm8ib6q', 'user', 228, 1, NULL, '2020-06-22 02:19:58', '2020-06-22 02:19:58'),
	(229, 'องค์การสะพานปลา\r', NULL, '50103', '$2y$10$YFVe9pguzcn5tzWC0tVeEOUYb9I88WJWgVLqRkcfQOONlZ2qptO4a', 'user', 229, 1, NULL, '2020-06-22 02:19:58', '2020-06-22 02:19:58'),
	(230, 'องค์การส่งเสริมกิจการโคนม\r', NULL, '50104', '$2y$10$/sKDgjK952Wd0vnN/4e/NOciM7HFPcR60Aav4PmFlPdGqnnv/ob5a', 'user', 230, 1, NULL, '2020-06-22 02:19:58', '2020-06-22 02:19:58'),
	(231, 'องค์การอุตสาหกรรมป่าไม้\r', NULL, '50105', '$2y$10$qEOhPgXlM1ZcF1Kll7ZYr./lRSOdz3T3Hgwo9iM.kyKNp68bpIkfO', 'user', 231, 1, NULL, '2020-06-22 02:19:58', '2020-06-22 02:19:58'),
	(232, 'การยางแห่งประเทศไทย\r', NULL, '50110', '$2y$10$VzkXf80PO5TSob4mOME56u08TyuBNgYBWA8bDCQZKDSmsavr6xjBq', 'user', 232, 1, NULL, '2020-06-22 02:19:58', '2020-06-22 02:19:58'),
	(233, 'การนิคมอุตสาหกรรมแห่งประเทศไทย\r', NULL, '50201', '$2y$10$vAEzyXJibGbhqCSwWp3zku6wBFqFZoolwzZ.2c5JfpFcWzWzYbqRu', 'user', 233, 1, NULL, '2020-06-22 02:19:58', '2020-06-22 02:19:58'),
	(234, 'องค์การเภสัชกรรม\r', NULL, '50204', '$2y$10$/Cmb2.K3oe3jMzXjfClGkOa0PyrYQ7sy278hSM3A/Myg6Z0CZWK6m', 'user', 234, 1, NULL, '2020-06-22 02:19:58', '2020-06-22 02:19:58'),
	(235, 'องค์การสุรา\r', NULL, '50205', '$2y$10$aX7ffhuhWe/YOlAfbBjZxerNg21ac09LuwppbF3sPsYiBrJ9HU7S2', 'user', 235, 1, NULL, '2020-06-22 02:19:58', '2020-06-22 02:19:58'),
	(236, 'โรงงานไพ่\r', NULL, '50206', '$2y$10$Mxz3k7DEdcqtEGIjJWg3huPzCl1Ukcj1B0G9J1GirlQWJH.cIAdXm', 'user', 236, 1, NULL, '2020-06-22 02:19:58', '2020-06-22 02:19:58'),
	(237, 'การยาสูบแห่งประเทศไทย\r', NULL, '50207', '$2y$10$EWOgT9lUlTGwmrMyP/iqOOAo2PKnX3UfQwKarG2gl5NGeABURWwG.', 'user', 237, 1, NULL, '2020-06-22 02:19:58', '2020-06-22 02:19:58'),
	(238, 'โรงพิมพ์ตำรวจ\r', NULL, '50208', '$2y$10$3hpx6RCUKJ/OJTV1zO2uuO77OeafTV.7h4knEd6ZItW/qGye/ZKi2', 'user', 238, 1, NULL, '2020-06-22 02:19:58', '2020-06-22 02:19:58'),
	(239, 'การทางพิเศษแห่งประเทศไทย\r', NULL, '50301', '$2y$10$zyQ1gnbLVImNRuZeia93sOl3YXUWsn0zZoCfkDLjVRTBuF5N5Nwj2', 'user', 239, 1, NULL, '2020-06-22 02:19:58', '2020-06-22 02:19:58'),
	(240, 'องค์การขนส่งมวลชนกรุงเทพ\r', NULL, '50302', '$2y$10$/BPr1WOTf84.thLcsvRqdOrL0biiqZbNAYK2KmqhXx4Ma6Nj29aou', 'user', 240, 1, NULL, '2020-06-22 02:19:58', '2020-06-22 02:19:58'),
	(241, 'การท่าเรือแห่งประเทศไทย\r', NULL, '50304', '$2y$10$Jd7rRYsd3GdlBAmOl2zQMuPwTXI7a0sIzMku4xroBSYaP82Ds4W0a', 'user', 241, 1, NULL, '2020-06-22 02:19:59', '2020-06-22 02:19:59'),
	(242, 'บมจ. ท่าอากาศยานไทย\r', NULL, '50306', '$2y$10$cARZ05a0Eka6hLU499hCzuDoUxyCG52Qg3VL5UESyD0MIlWEceSNq', 'user', 242, 1, NULL, '2020-06-22 02:19:59', '2020-06-22 02:19:59'),
	(243, 'บมจ. การบินไทย\r', NULL, '50307', '$2y$10$oUS5JX55mZ9QNAfc2yd7ZuDIQlmMIcAyP.o8yN8NDPPp0UuSBYpce', 'user', 243, 1, NULL, '2020-06-22 02:19:59', '2020-06-22 02:19:59'),
	(244, 'บริษัท ท่าอากาศยานสากลกรุงเทพแห่งใหม่ จำกัด\r', NULL, '50309', '$2y$10$EmiZOZEBITSgkGvKaNio7.DcxSffP1EclmFw7fmTVzWogB7dDV9oK', 'user', 244, 1, NULL, '2020-06-22 02:19:59', '2020-06-22 02:19:59'),
	(245, 'บริษัท วิทยุการบินแห่งประเทศไทย จำกัด\r', NULL, '50310', '$2y$10$tha0LPSESafZCamQJ5OtOe53xxg.FualzjIoG6uLbArk5/c7bGFnC', 'user', 245, 1, NULL, '2020-06-22 02:19:59', '2020-06-22 02:19:59'),
	(246, 'สถาบันการบินพลเรือน\r', NULL, '50311', '$2y$10$5CEJ9hmwieebgdrpgD6/He3FmZNGX4kQHBqriYhTZc0urm7ndRlMK', 'user', 246, 1, NULL, '2020-06-22 02:19:59', '2020-06-22 02:19:59'),
	(247, 'การรถไฟแห่งประเทศไทย\r', NULL, '50312', '$2y$10$noGnmpOIN9KtP.SNaycC3.NLMZoBOUH0Xf24ZNOyaIRhAFfJP7O3y', 'user', 247, 1, NULL, '2020-06-22 02:19:59', '2020-06-22 02:19:59'),
	(248, 'การรถไฟฟ้าขนส่งมวลชนแห่งประเทศไทย\r', NULL, '50313', '$2y$10$nUNPUhwG7DUHoVPgChOfk.F.Oh5zp5Hop9o8.4j4X1CcET5xSVrQW', 'user', 248, 1, NULL, '2020-06-22 02:19:59', '2020-06-22 02:19:59'),
	(249, 'บริษัท ขนส่ง จำกัด\r', NULL, '50314', '$2y$10$CRa7lqsge4EiZA4gjOG9H.ZJtROI.Cejx909XMFDxlxH5CDZOd406', 'user', 249, 1, NULL, '2020-06-22 02:19:59', '2020-06-22 02:19:59'),
	(250, 'บริษัท อู่กรุงเทพ จำกัด\r', NULL, '50315', '$2y$10$F1be8FgEhjYMd9MeDyGVzOXGEaDSfObinpXuGjVf.bSX43Mtjllpi', 'user', 250, 1, NULL, '2020-06-22 02:19:59', '2020-06-22 02:19:59'),
	(251, 'บริษัท กสท โทรคมนาคม จำกัด (มหาชน)\r', NULL, '50316', '$2y$10$FVdWVwbYxJ8mOhL482kGcO0Lr8LVwC4KHFMt.muQZ2OjTapszG3P.', 'user', 251, 1, NULL, '2020-06-22 02:19:59', '2020-06-22 02:19:59'),
	(252, 'บริษัท ทีโอที จำกัด (มหาชน)\r', NULL, '50317', '$2y$10$a0uZoGPhIc4VWa3fwUAaWOFmncIpmWfjOGcO3phTAR9bV.yAOwbSK', 'user', 252, 1, NULL, '2020-06-22 02:19:59', '2020-06-22 02:19:59'),
	(253, 'บริษัท อสมท จำกัด (มหาชน)\r', NULL, '50318', '$2y$10$76QSPJ4GxlUpM4ytdhCGW.Lz2QI8G5LaiqoEz8G66VzE4RLVKQGFC', 'user', 253, 1, NULL, '2020-06-22 02:19:59', '2020-06-22 02:19:59'),
	(254, 'บริษัท ไปรษณีย์ไทย จำกัด\r', NULL, '50319', '$2y$10$Id2NbYhdpDwBi16VTMv8KeS0LLYYEoq82md5WXLvEFZRPvccl.Ape', 'user', 254, 1, NULL, '2020-06-22 02:19:59', '2020-06-22 02:19:59'),
	(255, 'องค์การตลาด\r', NULL, '50401', '$2y$10$lzCVO3pFR1zbdTzd/QUgJOgykj5BgN37PQKG6LFGLjva3MpRr9pSm', 'user', 255, 1, NULL, '2020-06-22 02:19:59', '2020-06-22 02:19:59'),
	(256, 'องค์การคลังสินค้า\r', NULL, '50402', '$2y$10$4bbACHGSKs8T89HAw.jhBeQPwgnKDOFiSun3AloHMA0sLOd7gOEQ.', 'user', 256, 1, NULL, '2020-06-22 02:19:59', '2020-06-22 02:19:59'),
	(257, 'สำนักงานสลากกินแบ่งรัฐบาล\r', NULL, '50403', '$2y$10$ANFFVEB3ES2dgDc8hFyJ6O3l1U2V1KQ5MNo8sSlC5xeT.ONQdyzhG', 'user', 257, 1, NULL, '2020-06-22 02:20:00', '2020-06-22 02:20:00'),
	(258, 'การท่องเที่ยวแห่งประเทศไทย\r', NULL, '50404', '$2y$10$fy6WtWc2P8o0m39xk8h9kO5bML190OpaqHDd0oXYuHh80GHUcLvxi', 'user', 258, 1, NULL, '2020-06-22 02:20:00', '2020-06-22 02:20:00'),
	(259, 'บริษัท สหโรงแรมไทยและการท่องเที่ยว จำกัด\r', NULL, '50405', '$2y$10$AYxVtneovnrAT.v/yBCsD.DbnOzZXpXLkjoUH/g..bhNnx7YWczdG', 'user', 259, 1, NULL, '2020-06-22 02:20:00', '2020-06-22 02:20:00'),
	(260, 'สถาบันวิจัยวิทยาศาสตร์และเทคโนโลยีแห่งประเทศไทย\r', NULL, '50501', '$2y$10$b3l/aPQnJXHKBIFZugV2cO4jfZEallgEL5XrDGFBzdbaRFR3bXw8e', 'user', 260, 1, NULL, '2020-06-22 02:20:00', '2020-06-22 02:20:00'),
	(261, 'องค์การพิพิธภัณฑ์วิทยาศาสตร์แห่งชาติ\r', NULL, '50502', '$2y$10$LM8wWmWouHALqNqEBIJXtOVITNG30cnJpSfRC0SWx9ojCdS5HaYbO', 'user', 261, 1, NULL, '2020-06-22 02:20:00', '2020-06-22 02:20:00'),
	(262, 'องค์การสวนพฤกษศาสตร์\r', NULL, '50503', '$2y$10$MyhM.mjgWCkIQbi0NheyWO0n.miiSsz6tULug4qUoT7fTOi54zktm', 'user', 262, 1, NULL, '2020-06-22 02:20:00', '2020-06-22 02:20:00'),
	(263, 'การไฟฟ้าฝ่ายผลิตแห่งประเทศไทย\r', NULL, '50504', '$2y$10$qeoqZ1ucWo/SfuQfoyjBHOsTYoJKWIoPu1jIf2IWt/RDHesXx0Ii6', 'user', 263, 1, NULL, '2020-06-22 02:20:00', '2020-06-22 02:20:00'),
	(264, 'การไฟฟ้านครหลวง\r', NULL, '50505', '$2y$10$.Dnawfce3PiUF1Qf/hD0Vu.bg/nBkn6HQGavbwNaJub7yLefXp0km', 'user', 264, 1, NULL, '2020-06-22 02:20:00', '2020-06-22 02:20:00'),
	(265, 'การไฟฟ้าส่วนภูมิภาค\r', NULL, '50506', '$2y$10$8zKjJ86dWpHVZNPI343vDeAvordrWJ5V.tcEKPRr4jB4gVBzGjkle', 'user', 265, 1, NULL, '2020-06-22 02:20:00', '2020-06-22 02:20:00'),
	(266, 'บริษัท ปตท. จำกัด (มหาชน)\r', NULL, '50507', '$2y$10$PRcCZaY0Ni6riFQQ8ll8Iu3EbT39IxLMMB2wjMw8XnwI4czI6uX5m', 'user', 266, 1, NULL, '2020-06-22 02:20:00', '2020-06-22 02:20:00'),
	(267, 'องค์การจัดการน้ำเสีย\r', NULL, '50510', '$2y$10$9lAWYj4IRvfZ/AlG632JO.WAEeLId8m2nnx0C.qwobaKGJXgAd23W', 'user', 267, 1, NULL, '2020-06-22 02:20:00', '2020-06-22 02:20:00'),
	(268, 'การประปานครหลวง\r', NULL, '50601', '$2y$10$IT1u5ptQ9BZiRmzUghLSc.n1lEGFsCrqZT5qqDMGi/F.O8.RUmibW', 'user', 268, 1, NULL, '2020-06-22 02:20:00', '2020-06-22 02:20:00'),
	(269, 'การประปาส่วนภูมิภาค\r', NULL, '50602', '$2y$10$Q9finAZkPKr2LxKPS0P6xuouwDvNdu7r/H7Yt2dSOrdK4sV7v0IbC', 'user', 269, 1, NULL, '2020-06-22 02:20:00', '2020-06-22 02:20:00'),
	(270, 'การเคหะแห่งชาติ\r', NULL, '50603', '$2y$10$hGcishJ6JTKWw9Hx44muAetKIz7eGhwfUxNUje7p/ewiCctwq6GBO', 'user', 270, 1, NULL, '2020-06-22 02:20:00', '2020-06-22 02:20:00'),
	(271, 'การกีฬาแห่งประเทศไทย\r', NULL, '50604', '$2y$10$3LKfmglUBrOcbTGuBMvS3uMLt3.yb6BVV2Xl7Rz2kUlFL0uXKvir.', 'user', 271, 1, NULL, '2020-06-22 02:20:00', '2020-06-22 02:20:00'),
	(272, 'องค์การสวนสัตว์\r', NULL, '50605', '$2y$10$449jV0SRf/bMDH0RwsNW6.XutB4swYBaxEOJvZ184edu6Jxkjv3Ym', 'user', 272, 1, NULL, '2020-06-22 02:20:01', '2020-06-22 02:20:01'),
	(273, 'สำนักงานธนานุเคราะห์\r', NULL, '50606', '$2y$10$G/74qnxq/Yjqg/.JQXxME.ujCuAyZJly7VoDvKS/xsF1MoGH60llu', 'user', 273, 1, NULL, '2020-06-22 02:20:01', '2020-06-22 02:20:01'),
	(274, 'ธนาคารแห่งประเทศไทย\r', NULL, '50701', '$2y$10$kSkUiqcYMoUiOL5BEasYBui8MGKyMFg8DvP0Uf.KIlQxipkxgkdey', 'user', 274, 1, NULL, '2020-06-22 02:20:01', '2020-06-22 02:20:01'),
	(275, 'บมจ.ธนาคารกรุงไทย\r', NULL, '50702', '$2y$10$rkHgpeqc2qPuWaqzu7AKx.NdNOCg3keSzGrgB7/WJfSES30i5Wsxu', 'user', 275, 1, NULL, '2020-06-22 02:20:01', '2020-06-22 02:20:01'),
	(276, 'ธนาคารเพื่อการเกษตรและสหกรณ์การเกษตร\r', NULL, '50703', '$2y$10$KinsEQL8GjaHsVsKdV8r7ey0WIz2/dt0ZjE5v1/w6eJJ9JzD7BqF6', 'user', 276, 1, NULL, '2020-06-22 02:20:01', '2020-06-22 02:20:01'),
	(277, 'ธนาคารออมสิน\r', NULL, '50704', '$2y$10$SInsoaMbGY82xFIhs2hJKOqRWMgNrOPAKRutA/IPGYU6WMg5LHHSu', 'user', 277, 1, NULL, '2020-06-22 02:20:01', '2020-06-22 02:20:01'),
	(278, 'ธนาคารอาคารสงเคราะห์\r', NULL, '50705', '$2y$10$5D6JFa2aYG58O2eW21e3S.SsC4KeEKiEFNP/L9gLDLwYJWAGWRGla', 'user', 278, 1, NULL, '2020-06-22 02:20:01', '2020-06-22 02:20:01'),
	(279, 'ธนาคารเพื่อการส่งออกและนำเข้าแห่งประเทศไทย\r', NULL, '50706', '$2y$10$TSZHKCzVC.uVqnNHKD2rJeGkzwXjWCbA2lHxnTtUa1N2ogmoP0rLq', 'user', 279, 1, NULL, '2020-06-22 02:20:01', '2020-06-22 02:20:01'),
	(280, 'ธนาคารพัฒนาวิสาหกิจขนาดกลางและขนาดย่อมแห่งประเทศไทย\r', NULL, '50708', '$2y$10$zoAWu2U/lpV1kfkU7YtNDekwXkZVR8HBaNXkEFmnhWYtLXj5PTKEm', 'user', 280, 1, NULL, '2020-06-22 02:20:01', '2020-06-22 02:20:01'),
	(281, 'ธนาคารอิสลามแห่งประเทศไทย\r', NULL, '50709', '$2y$10$J2c8XX0K2n19EH66bL1zV.8SbHkggkuXzlB0kvszwnQ/kfhmHdw7G', 'user', 281, 1, NULL, '2020-06-22 02:20:01', '2020-06-22 02:20:01'),
	(282, 'บริษัทตลาดรองสินเชื่อที่อยู่อาศัย\r', NULL, '50710', '$2y$10$jAdZw8G5bKlaqW3kUysA4Od8uTiOVCfeRe3/vfBoXUkx8/jfydQqS', 'user', 282, 1, NULL, '2020-06-22 02:20:01', '2020-06-22 02:20:01'),
	(283, 'บริษัทบริหารสินทรัพย์ ธนาคารอิสลามแห่งประเทศไทย จำกัด\r', NULL, '50713', '$2y$10$PXhrofCM6BzKKVzBYe5uG.XhZvJ.l2DpjrBsUEgSwHrD1ldzPw0lK', 'user', 283, 1, NULL, '2020-06-22 02:20:01', '2020-06-22 02:20:01'),
	(284, 'กลุ่มจังหวัดภาคกลางตอนบน 1\r', NULL, '70010', '$2y$10$cG7C5HVwaSbX3E.VWq6S0un1Wxifqz.TDekf8jQzkwQ13JqI/bS2G', 'user', 284, 1, NULL, '2020-06-22 02:20:01', '2020-06-22 02:20:01'),
	(285, 'งบจังหวัดนนทบุรี\r', NULL, '70011', '$2y$10$ie3QxbUbp6n0ck9CsTThgu3Fg/fB1ur5upLsbiSPDq.flqVazuree', 'user', 285, 1, NULL, '2020-06-22 02:20:01', '2020-06-22 02:20:01'),
	(286, 'งบจังหวัดปทุมธานี\r', NULL, '70012', '$2y$10$TrZYYpVQ2PcRwhsLvlV1cOReadqq48alEZb12NG6z5crv/Zca1.ya', 'user', 286, 1, NULL, '2020-06-22 02:20:01', '2020-06-22 02:20:01'),
	(287, 'งบจังหวัดพระนครศรีอยุธยา\r', NULL, '70013', '$2y$10$uuwI3k0qHOdUAnC0ql7qU.vYyJ/UH4H.zPcZbIl.uOcFAyJ8U2Qd.', 'user', 287, 1, NULL, '2020-06-22 02:20:01', '2020-06-22 02:20:01'),
	(288, 'งบจังหวัดสระบุรี\r', NULL, '70014', '$2y$10$aWK/JTCDF.GKCvr734PBh.vRvEWeDhqmwulajfzILh9ZMhUBPv9Qm', 'user', 288, 1, NULL, '2020-06-22 02:20:02', '2020-06-22 02:20:02'),
	(289, 'กลุ่มจังหวัดภาคกลางตอนบน 2\r', NULL, '70020', '$2y$10$whhEfF/fURauB4NSEi7uKOwj904IsyEJzGleLalH6gaZueZ6AVTn2', 'user', 289, 1, NULL, '2020-06-22 02:20:02', '2020-06-22 02:20:02'),
	(290, 'งบจังหวัดชัยนาท\r', NULL, '70021', '$2y$10$XLnLnCHW38KGzrl7KAwOgujO9IF78iDMw6R9QdY0gzHCQcaCNe73y', 'user', 290, 1, NULL, '2020-06-22 02:20:02', '2020-06-22 02:20:02'),
	(291, 'งบจังหวัดลพบุรี\r', NULL, '70022', '$2y$10$aclruwk0J2K.6.RqPALmxuuv7YHrSUCgLySO15EMm/xXs3WUTlCzm', 'user', 291, 1, NULL, '2020-06-22 02:20:02', '2020-06-22 02:20:02'),
	(292, 'งบจังหวัดสิงห์บุรี\r', NULL, '70023', '$2y$10$fJ.d.vr1yVL0MMRvs4m1r.KbHgWTPuId5/y1UmFVbrZ3bgTZKJ6eO', 'user', 292, 1, NULL, '2020-06-22 02:20:02', '2020-06-22 02:20:02'),
	(293, 'งบจังหวัดอ่างทอง\r', NULL, '70024', '$2y$10$OBK5Ul22NtNQeDXGvv3a4.nFAk0CTkAtFVbBAsiBbQpsH7qKabWyO', 'user', 293, 1, NULL, '2020-06-22 02:20:02', '2020-06-22 02:20:02'),
	(294, 'กลุ่มจังหวัดภาคกลางตอนกลาง\r', NULL, '70030', '$2y$10$3sMTw6kv7bC.h58YuKb5EOBMAU2EY344Qr.sK/E09E/N0fDSIJ8se', 'user', 294, 1, NULL, '2020-06-22 02:20:02', '2020-06-22 02:20:02'),
	(295, 'งบจังหวัดฉะเชิงเทรา\r', NULL, '70031', '$2y$10$KBB9/0wsyXcKzMEw.00JHO6815178eIoDGroyRnVIzjft7L7o0FM.', 'user', 295, 1, NULL, '2020-06-22 02:20:02', '2020-06-22 02:20:02'),
	(296, 'งบจังหวัดปราจีนบุรี\r', NULL, '70032', '$2y$10$cihYb7yQO8r48L1vijlAOO7coBGT12WKuqVLoXgEHxaDMtOr8JXOO', 'user', 296, 1, NULL, '2020-06-22 02:20:02', '2020-06-22 02:20:02'),
	(297, 'งบจังหวัดสระแก้ว\r', NULL, '70033', '$2y$10$8bo2A3amfegypVLWSuGS3.OYkJYQqfjQsPVzVoezSdFAd2piLVj8m', 'user', 297, 1, NULL, '2020-06-22 02:20:02', '2020-06-22 02:20:02'),
	(298, 'งบจังหวัดนครนายก\r', NULL, '70034', '$2y$10$NtT1NiiGsMfSkEAa/F99Wur7HIX3o8yHi8NU5pqW/O0r//cpHPsJO', 'user', 298, 1, NULL, '2020-06-22 02:20:02', '2020-06-22 02:20:02'),
	(299, 'งบจังหวัดสมุทรปราการ\r', NULL, '70035', '$2y$10$jFhKtDij6dulCvbqy20UNuT9nSj/b5HVl/0RHthrdybsu6tsy0KWC', 'user', 299, 1, NULL, '2020-06-22 02:20:02', '2020-06-22 02:20:02'),
	(300, 'กลุ่มจังหวัดภาคกลางตอนล่าง 1\r', NULL, '70040', '$2y$10$TyxGkUW7Z0RrWrpNLxbhHeJYFnISv3.dm2/k9wsCtJEFmai0CpR0S', 'user', 300, 1, NULL, '2020-06-22 02:20:02', '2020-06-22 02:20:02'),
	(301, 'งบจังหวัดกาญจนบุรี\r', NULL, '70041', '$2y$10$g.JacCVzqM4z6ubffm.8wO7oIkqhUAulIkEV3/RmSrjAM16jvUxe.', 'user', 301, 1, NULL, '2020-06-22 02:20:02', '2020-06-22 02:20:02'),
	(302, 'งบจังหวัดนครปฐม\r', NULL, '70042', '$2y$10$XFarq55xRdj.G65o.yxSuesdz5Xv7nPsmeFZigAU3NJoP9KjYeCe.', 'user', 302, 1, NULL, '2020-06-22 02:20:02', '2020-06-22 02:20:02'),
	(303, 'งบจังหวัดราชบุรี\r', NULL, '70043', '$2y$10$uR1BzKEM7U9PzrSHZqZ8FOw9kNd0gYB48qTZBIjMDObhuq/L1kKom', 'user', 303, 1, NULL, '2020-06-22 02:20:02', '2020-06-22 02:20:02'),
	(304, 'งบจังหวัดสุพรรณบุรี\r', NULL, '70044', '$2y$10$KiTN4NKd8DCgsFoAd9y6COHXCp4CazDMHKPJoHWR5UWoJZZLbd9W2', 'user', 304, 1, NULL, '2020-06-22 02:20:03', '2020-06-22 02:20:03'),
	(305, 'กลุ่มจังหวัดภาคกลางตอนล่าง 2\r', NULL, '70050', '$2y$10$cf1Ojhgc2534ArKrfym7AOg2Mlm8J6vJk4vdxqxmESn4zhLqw4ATy', 'user', 305, 1, NULL, '2020-06-22 02:20:03', '2020-06-22 02:20:03'),
	(306, 'งบจังหวัดประจวบคีรีขันธ์\r', NULL, '70051', '$2y$10$RwpG2pT5QnKYCXz/03sVjOsTCI2vKGRpAVY276hTxNUKDvQMtRL22', 'user', 306, 1, NULL, '2020-06-22 02:20:03', '2020-06-22 02:20:03'),
	(307, 'งบจังหวัดเพชรบุรี\r', NULL, '70052', '$2y$10$d/XMQ/U.JxolkavBP/pUOeVfky0c8BSoMgCk46C0sBzKXUd9n9oje', 'user', 307, 1, NULL, '2020-06-22 02:20:03', '2020-06-22 02:20:03'),
	(308, 'งบจังหวัดสมุทรสาคร\r', NULL, '70053', '$2y$10$P9LlO.uIkW9ZShI.ViZCGelb..6CrAclx3HuS6/zOpQW5iapry3Sm', 'user', 308, 1, NULL, '2020-06-22 02:20:03', '2020-06-22 02:20:03'),
	(309, 'งบจังหวัดสมุทรสงคราม\r', NULL, '70054', '$2y$10$LPeIpG0NW1FdiCgn.jfYS.hHudUnGGZG.1b8IAu6olsAo1jbZD79q', 'user', 309, 1, NULL, '2020-06-22 02:20:03', '2020-06-22 02:20:03'),
	(310, 'กลุ่มจังหวัดภาคใต้ฝั่งอ่าวไทย\r', NULL, '70060', '$2y$10$TxqKzINz.etI09KfS9EOuudO1rwK0ws3XLBVk4wVarqYA.HpGPLJe', 'user', 310, 1, NULL, '2020-06-22 02:20:03', '2020-06-22 02:20:03'),
	(311, 'งบจังหวัดชุมพร\r', NULL, '70061', '$2y$10$LFU.kYbY4inh9/96407gxOxoxN9JW4nmzunsK7p/bu0gmyzvLhmAi', 'user', 311, 1, NULL, '2020-06-22 02:20:03', '2020-06-22 02:20:03'),
	(312, 'งบจังหวัดสุราษฎร์ธานี\r', NULL, '70062', '$2y$10$9ugj7QZPYeTpMEm4pf7piOvkiTyggC1osZ9KWv/cjrT/6koxE2SHe', 'user', 312, 1, NULL, '2020-06-22 02:20:03', '2020-06-22 02:20:03'),
	(313, 'งบจังหวัดนครศรีธรรมราช\r', NULL, '70063', '$2y$10$q.re0PCLl6v4dV5J51iLg.UX/YAwlq0zRI82C07truCfPaSQQfCtm', 'user', 313, 1, NULL, '2020-06-22 02:20:03', '2020-06-22 02:20:03'),
	(314, 'งบจังหวัดพัทลุง\r', NULL, '70064', '$2y$10$WC66qd.G0BWq.nukuCDO.OIAFuDjc6v3DCzbda8mVzyhJeDXQROh.', 'user', 314, 1, NULL, '2020-06-22 02:20:03', '2020-06-22 02:20:03'),
	(315, 'กลุ่มจังหวัดภาคใต้ฝั่งอันดามัน\r', NULL, '70070', '$2y$10$EcdmowTM0L0PEF0UFlArueWBN5cN5oVccT3DMv.xl7clprCfz8Zga', 'user', 315, 1, NULL, '2020-06-22 02:20:03', '2020-06-22 02:20:03'),
	(316, 'งบจังหวัดระนอง\r', NULL, '70071', '$2y$10$Qrevd72pLMExraX/sU.S9eeXnGNEUNFnH8qxPBnqlB0ceOYuWDyHi', 'user', 316, 1, NULL, '2020-06-22 02:20:03', '2020-06-22 02:20:03'),
	(317, 'งบจังหวัดพังงา\r', NULL, '70072', '$2y$10$RaHy7HZ8NENV/.00nmLZSesI7USkcNHLcPbQ9SQ2zY8smpXZny21y', 'user', 317, 1, NULL, '2020-06-22 02:20:03', '2020-06-22 02:20:03'),
	(318, 'งบจังหวัดภูเก็ต\r', NULL, '70073', '$2y$10$4yjmmsiBnVjHWNB38lQfC.oSjVv9Q2I6CmmBixIG9Ew8BV2VN4Ad2', 'user', 318, 1, NULL, '2020-06-22 02:20:03', '2020-06-22 02:20:03'),
	(319, 'งบจังหวัดกระบี่\r', NULL, '70074', '$2y$10$tuPE5thaEP9gKoR6UknVCuCmgSc6XlGClXrASimSWvVvEwGFR2pqC', 'user', 319, 1, NULL, '2020-06-22 02:20:03', '2020-06-22 02:20:03'),
	(320, 'งบจังหวัดตรัง\r', NULL, '70075', '$2y$10$zm.uwIDixSa605vk7zzh7.i6ZFIDSXOpkNpa/9ZaZj2aOMgFmVPTm', 'user', 320, 1, NULL, '2020-06-22 02:20:04', '2020-06-22 02:20:04'),
	(321, 'กลุ่มจังหวัดภาคใต้ชายแดน\r', NULL, '70080', '$2y$10$XKtjkvz5dTZmsK6mCG3cpO5OCnIAqK8QCvXmzdRTshENYuU3bqJzi', 'user', 321, 1, NULL, '2020-06-22 02:20:04', '2020-06-22 02:20:04'),
	(322, 'งบจังหวัดสงขลา\r', NULL, '70081', '$2y$10$iUL60QUdQMr2KwLKOV04Tu0Ka35SuHPBmMVJGejx/TLJ8ehO/dTrK', 'user', 322, 1, NULL, '2020-06-22 02:20:04', '2020-06-22 02:20:04'),
	(323, 'งบจังหวัดสตูล\r', NULL, '70082', '$2y$10$i1N7M7FI099RbRa9nIyy1OhUKavjUgL8JRXI3OMAGPNwkQlUOz04m', 'user', 323, 1, NULL, '2020-06-22 02:20:04', '2020-06-22 02:20:04'),
	(324, 'งบจังหวัดปัตตานี\r', NULL, '70083', '$2y$10$Quzmby6ofYmezty..T4GiOyETjK1P.Yx0TtOemlg319l3BOI5m47y', 'user', 324, 1, NULL, '2020-06-22 02:20:04', '2020-06-22 02:20:04'),
	(325, 'งบจังหวัดยะลา\r', NULL, '70084', '$2y$10$UObokF03Ax4w9RXjLTJZZ.Yuss802BxjGrmnUIEUP8gLy8zgEhe5S', 'user', 325, 1, NULL, '2020-06-22 02:20:04', '2020-06-22 02:20:04'),
	(326, 'งบจังหวัดนราธิวาส\r', NULL, '70085', '$2y$10$W98xKZPAVUGRd7UfbfL4KeMxAf5TpJ8EX5GuOMej6L7BYvf9z7KEm', 'user', 326, 1, NULL, '2020-06-22 02:20:04', '2020-06-22 02:20:04'),
	(327, 'กลุ่มจังหวัดภาคตะวันออก\r', NULL, '70090', '$2y$10$QkKGWhMFr2rp8nsfQGw5S.XjpB4Y.L5RrCCWKblLIcKCkLgGIEHzO', 'user', 327, 1, NULL, '2020-06-22 02:20:04', '2020-06-22 02:20:04'),
	(328, 'งบจังหวัดจันทบุรี\r', NULL, '70091', '$2y$10$Lyd43Q4i7nOkxX7falDQC.DMCtTi1hRlMuMx9bUa80xGuJyV1VsNG', 'user', 328, 1, NULL, '2020-06-22 02:20:04', '2020-06-22 02:20:04'),
	(329, 'งบจังหวัดชลบุรี\r', NULL, '70092', '$2y$10$DoGvCvKphsWtHxmfupgJUOkht1xGsfZw8qcjkQl63tEONm2c2j8fS', 'user', 329, 1, NULL, '2020-06-22 02:20:04', '2020-06-22 02:20:04'),
	(330, 'งบจังหวัดระยอง\r', NULL, '70093', '$2y$10$BIuEQjmPsEO3bhRIKauC6umqVoTBtB2Uy.3j/2XFskWp.Qtf3NEdi', 'user', 330, 1, NULL, '2020-06-22 02:20:04', '2020-06-22 02:20:04'),
	(331, 'งบจังหวัดตราด\r', NULL, '70094', '$2y$10$EGfROerMphgDSHMVCfE15uXIPY9VJ1rshYlxWkoO1PpGbnQUCU7UC', 'user', 331, 1, NULL, '2020-06-22 02:20:04', '2020-06-22 02:20:04'),
	(332, 'กลุ่มจังหวัดภาคตะวันออกเฉียงเหนือตอนบน 1\r', NULL, '70100', '$2y$10$esCp0bC81pfEGHzUhYhZTeiNe0XRdYYAhSTAfBPUlghYjS1IXlYtS', 'user', 332, 1, NULL, '2020-06-22 02:20:04', '2020-06-22 02:20:04'),
	(333, 'งบจังหวัดหนองคาย\r', NULL, '70101', '$2y$10$nNnSy1ujen85/CLmb.KF/OOP1hhawFtaNCRHsfFhRZeilgPaLgq/2', 'user', 333, 1, NULL, '2020-06-22 02:20:04', '2020-06-22 02:20:04'),
	(334, 'งบจังหวัดเลย\r', NULL, '70102', '$2y$10$DWiOMr0V7w/GeG9NNQljceg1FJwfUTe.IEPGenAdwO1sa2bZngPBi', 'user', 334, 1, NULL, '2020-06-22 02:20:04', '2020-06-22 02:20:04'),
	(335, 'งบจังหวัดอุดรธานี\r', NULL, '70103', '$2y$10$UTrPjNWvftVGSPghzCTLHOwqjmY.sdOqYhZctbo413nS0UWzgbnG6', 'user', 335, 1, NULL, '2020-06-22 02:20:04', '2020-06-22 02:20:04'),
	(336, 'งบจังหวัดหนองบัวลำภู\r', NULL, '70104', '$2y$10$2mdVgcMx5577IBv4ZpdO/e4ExlvW2do9Kmzf1keipqwQlvKEZVnP2', 'user', 336, 1, NULL, '2020-06-22 02:20:05', '2020-06-22 02:20:05'),
	(337, 'งบจังหวัดบึงกาฬ\r', NULL, '70105', '$2y$10$mZUn5/1xbpFXInGuP7vq2.uJ2w7TgZ1eAyR9C6TUoZYnxetkDCEda', 'user', 337, 1, NULL, '2020-06-22 02:20:05', '2020-06-22 02:20:05'),
	(338, 'กลุ่มจังหวัดภาคตะวันออกเฉียงเหนือตอนบน 2\r', NULL, '70110', '$2y$10$0MX0zXt2BouevqOsxqu08e0J3imB1VoXJycdIwTNwFxAnJC.Sd69a', 'user', 338, 1, NULL, '2020-06-22 02:20:05', '2020-06-22 02:20:05'),
	(339, 'งบจังหวัดนครพนม\r', NULL, '70111', '$2y$10$hG3ZHcAqYAHAccSXwIg41O0MI.uPmu7ToURu4yNCRO.5E0XCbeUfO', 'user', 339, 1, NULL, '2020-06-22 02:20:05', '2020-06-22 02:20:05'),
	(340, 'งบจังหวัดมุกดาหาร\r', NULL, '70112', '$2y$10$bP8l8fdyMzYALvGtEUR5gO6QItnGO6rnrVhT9GRt2HK6.dD0gy7Em', 'user', 340, 1, NULL, '2020-06-22 02:20:05', '2020-06-22 02:20:05'),
	(341, 'งบจังหวัดสกลนคร\r', NULL, '70113', '$2y$10$wuCF45/KOkzAyhLlF5paYOsqmKmjyaA3xbA2E2OSaPMz3iMx8Do5.', 'user', 341, 1, NULL, '2020-06-22 02:20:05', '2020-06-22 02:20:05'),
	(342, 'กลุ่มจังหวัดภาคตะวันออกเฉียงเหนือตอนกลาง\r', NULL, '70120', '$2y$10$dEMNzI7x10vYZe9lLF9oG.ACh.VsPAzI0d0JZOO7oIC/v8TRCjKrC', 'user', 342, 1, NULL, '2020-06-22 02:20:05', '2020-06-22 02:20:05'),
	(343, 'งบจังหวัดร้อยเอ็ด\r', NULL, '70121', '$2y$10$nC9Pn3KDX0TzvYac7Zkll.LHgsBhSfy9Xq6dh7kVVoYelGxtOWm5u', 'user', 343, 1, NULL, '2020-06-22 02:20:05', '2020-06-22 02:20:05'),
	(344, 'งบจังหวัดขอนแก่น\r', NULL, '70122', '$2y$10$4JgPiL2c9fn6mbl..9UtneWu70zXGhNmGOnK/I02R6EYryytUpLFq', 'user', 344, 1, NULL, '2020-06-22 02:20:05', '2020-06-22 02:20:05'),
	(345, 'งบจังหวัดมหาสารคาม\r', NULL, '70123', '$2y$10$AT2tVE8XmcCtRr/bBVPTxOajBYVdqZbEpDoTDjUxK60z3jXiaESBK', 'user', 345, 1, NULL, '2020-06-22 02:20:05', '2020-06-22 02:20:05'),
	(346, 'งบจังหวัดกาฬสินธู์\r', NULL, '70124', '$2y$10$okwMAP02ei89iiCvz3i9LeMnhcL7i6QHtqJAQKlh/e43Yo0p1pwnq', 'user', 346, 1, NULL, '2020-06-22 02:20:05', '2020-06-22 02:20:05'),
	(347, 'กลุ่มจังหวัดภาค ตอ.เหนือตอนล่าง 2\r', NULL, '70130', '$2y$10$BQ80TFvVr4QUfNaUPkViCuW82exczDrPIGYNuIx/5.UbeFh5wZhlK', 'user', 347, 1, NULL, '2020-06-22 02:20:05', '2020-06-22 02:20:05'),
	(348, 'งบจังหวัดอำนาจเจริญ\r', NULL, '70131', '$2y$10$VDK9VQPNPiWL/nrGiNR5O.jELdxnZcGDQNDMUWrrsoRjijxZ58CTu', 'user', 348, 1, NULL, '2020-06-22 02:20:05', '2020-06-22 02:20:05'),
	(349, 'งบจังหวัดศรีสะเกษ\r', NULL, '70132', '$2y$10$i/9x29mREvGOjY2ShDsTX.dFil4.mQSIqodsnNXHh75V8mZ5.Xq/6', 'user', 349, 1, NULL, '2020-06-22 02:20:05', '2020-06-22 02:20:05'),
	(350, 'งบจังหวัดยโสธร\r', NULL, '70133', '$2y$10$nNIgMWmkyZojxeuRQ5vrEuLDANsTZdoAPmkWUNQM6NwqB9B7i4xeu', 'user', 350, 1, NULL, '2020-06-22 02:20:05', '2020-06-22 02:20:05'),
	(351, 'งบจังหวัดอุบลราชธานี\r', NULL, '70134', '$2y$10$G4DKV3..FN1.SZVEGb2DQuCy30duhh3QYGUZe/DvTwo2qZ/DGwuKu', 'user', 351, 1, NULL, '2020-06-22 02:20:05', '2020-06-22 02:20:05'),
	(352, 'กลุ่มจังหวัดภาค ตอ.เหนือตอนล่าง 1\r', NULL, '70140', '$2y$10$9/2D4JO8hS0RZNHE0Km5N.ccrbSNexYlVjDxEMiXd72QJvaxXYe2m', 'user', 352, 1, NULL, '2020-06-22 02:20:06', '2020-06-22 02:20:06'),
	(353, 'งบจังหวัดสุรินทร์\r', NULL, '70141', '$2y$10$5W0Fv2kjRUjl/m/.ZHrdgeIiTsorVvH6JP5myP3.mD7dwBXQqr1QC', 'user', 353, 1, NULL, '2020-06-22 02:20:06', '2020-06-22 02:20:06'),
	(354, 'งบจังหวัดนครราชสีมา\r', NULL, '70142', '$2y$10$4ycfVeGgPZzWdjNvWIwF6e/uebS4Vn7Gwu7IXYRojxG.okxPXBw7y', 'user', 354, 1, NULL, '2020-06-22 02:20:06', '2020-06-22 02:20:06'),
	(355, 'งบจังหวัดบุรีรัมย์\r', NULL, '70143', '$2y$10$R.ROu/.ke4CHpLtUIfSvJ.aUeE2K4v0983n1jQ4NLEOhlrXUOvx0O', 'user', 355, 1, NULL, '2020-06-22 02:20:06', '2020-06-22 02:20:06'),
	(356, 'งบจังหวัดชัยภูมิ\r', NULL, '70144', '$2y$10$knUZZvFsgC/rpNyVo.SndOEMwwjQLosHotqchPnV1N.Fe9zyM2Hre', 'user', 356, 1, NULL, '2020-06-22 02:20:06', '2020-06-22 02:20:06'),
	(357, 'กลุ่มจังหวัดภาคเหนือตอนบน 1\r', NULL, '70150', '$2y$10$5HexCUwnqDqOXW3lvkrY8Ozw1g6YqbeVswgIky3YnqsErf8o904TS', 'user', 357, 1, NULL, '2020-06-22 02:20:06', '2020-06-22 02:20:06'),
	(358, 'งบจังหวัดเชียงใหม่\r', NULL, '70151', '$2y$10$o3s0ikoopfuyH1mjGKnR8e/NHAfg83esQ9PByw7rZJd4sfVU2ZIxi', 'user', 358, 1, NULL, '2020-06-22 02:20:06', '2020-06-22 02:20:06'),
	(359, 'งบจังหวัดแม่ฮ่องสอน\r', NULL, '70152', '$2y$10$d67CqoYKIKtaaFrejoT3o..J40PyvOItHvGy06WwxiGxaalThFcxu', 'user', 359, 1, NULL, '2020-06-22 02:20:06', '2020-06-22 02:20:06'),
	(360, 'งบจังหวัดลำปาง\r', NULL, '70153', '$2y$10$apYS5mZ0UFb8cSapzK.3N.Ut2rXGmBT3PFRJZ8KxNmuoZq.cFyj92', 'user', 360, 1, NULL, '2020-06-22 02:20:06', '2020-06-22 02:20:06'),
	(361, 'งบจังหวัดลำพูน\r', NULL, '70154', '$2y$10$ByKROZz4qiI0Q5zmjuIRGOd/BuNX4AXtmmYwzY/HI/HFPLv0KhrKe', 'user', 361, 1, NULL, '2020-06-22 02:20:06', '2020-06-22 02:20:06'),
	(362, 'กลุ่มจังหวัดภาคเหนือตอนบน 2\r', NULL, '70160', '$2y$10$E4d2mYJ33DJwdLoWFTQkcehFQXt4DlvYmWx5DCT5SP4aLcxF0k.PG', 'user', 362, 1, NULL, '2020-06-22 02:20:06', '2020-06-22 02:20:06'),
	(363, 'งบจังหวัดน่าน\r', NULL, '70161', '$2y$10$caRMkqj58hbW..z8R8.6heAN8tzwOzp9dPxp9.9fVsXFrbjlw8.fK', 'user', 363, 1, NULL, '2020-06-22 02:20:06', '2020-06-22 02:20:06'),
	(364, 'งบจังหวัดพะเยา\r', NULL, '70162', '$2y$10$B1SpKJi2u8BiCmMfIfLtBemIXudgmf0AeTa2vVAuU74ymrzzIS.vq', 'user', 364, 1, NULL, '2020-06-22 02:20:06', '2020-06-22 02:20:06'),
	(365, 'งบจังหวัดเชียงราย\r', NULL, '70163', '$2y$10$79Ya8IsR7BYx7RkxhyzMUOJ.l7YL9GHQglp4TRIVAdSeothpL1S96', 'user', 365, 1, NULL, '2020-06-22 02:20:06', '2020-06-22 02:20:06'),
	(366, 'งบจังหวัดแพร่\r', NULL, '70164', '$2y$10$MNe026rtw7E81peil3zGj.Aj9pDo.JvJ7/EX3AJ7irXugdCw31NpO', 'user', 366, 1, NULL, '2020-06-22 02:20:06', '2020-06-22 02:20:06'),
	(367, 'กลุ่มจังหวัดภาคเหนือตอนล่าง 1\r', NULL, '70170', '$2y$10$gnW0ceOKZ2jGDwBSI8F9V.5hfstnaFh1vDUmsGCiaQGrJukl3mA/u', 'user', 367, 1, NULL, '2020-06-22 02:20:06', '2020-06-22 02:20:06'),
	(368, 'งบจังหวัดตาก\r', NULL, '70171', '$2y$10$T1smP3rWtNVQoHkJ7aWCUeByKONz/bWRqpi.7YJKiF2G6jrxcaeqG', 'user', 368, 1, NULL, '2020-06-22 02:20:07', '2020-06-22 02:20:07'),
	(369, 'งบจังหวัดพิษณุโลก\r', NULL, '70172', '$2y$10$ooPUpJpifsbLSgBLtMlwX.3Z04/cur51haforCPmzgwBP.aHjOpsW', 'user', 369, 1, NULL, '2020-06-22 02:20:07', '2020-06-22 02:20:07'),
	(370, 'งบจังหวัดสุโขทัย\r', NULL, '70173', '$2y$10$2l.JyY8sp9no8G0fhcCfreVPsF7fy216YuTk5e8jq/HqRfNGJfzVW', 'user', 370, 1, NULL, '2020-06-22 02:20:07', '2020-06-22 02:20:07'),
	(371, 'งบจังหวัดเพชรบูรณ์\r', NULL, '70174', '$2y$10$F.ajOLhjzdEQxdkzPe.ShOtVF.z.XbIpMl0ZdF4sNInpMdnxryCN2', 'user', 371, 1, NULL, '2020-06-22 02:20:07', '2020-06-22 02:20:07'),
	(372, 'งบจังหวัดอุตรดิตถ์\r', NULL, '70175', '$2y$10$1hn5asWMcN0PcTSYD8SZkejtM0QCovl2bH2nP8P2Ua6uypyYspSyW', 'user', 372, 1, NULL, '2020-06-22 02:20:07', '2020-06-22 02:20:07'),
	(373, 'กลุ่มจังหวัดภาคเหนือตอนล่าง 2\r', NULL, '70180', '$2y$10$y71ejcE/mdSIuI7W/IAQK.GB8rKgp5NR2q1ZIF9vsw1bist3zDF7m', 'user', 373, 1, NULL, '2020-06-22 02:20:07', '2020-06-22 02:20:07'),
	(374, 'งบจังหวัดกำแพงเพชร\r', NULL, '70181', '$2y$10$TroTPmyIfSKZ01Yj4i2cCelk40iYSjWFqtM6DKdPmFt5GUckiZdlW', 'user', 374, 1, NULL, '2020-06-22 02:20:07', '2020-06-22 02:20:07'),
	(375, 'งบจังหวัดพิจิตร\r', NULL, '70182', '$2y$10$U/6SnlgBGlnnUiiiOKhKBuLBHfkhaPXKx1NlubFeRekldkOsYrI9.', 'user', 375, 1, NULL, '2020-06-22 02:20:07', '2020-06-22 02:20:07'),
	(376, 'งบจังหวัดนครสวรรค์\r', NULL, '70183', '$2y$10$20QGCKwgH9cFX1NK6G.pY.LfLVyUm.uZeHUWMb.EUwe7hleytIOKC', 'user', 376, 1, NULL, '2020-06-22 02:20:07', '2020-06-22 02:20:07'),
	(377, 'งบจังหวัดอุทัยธานี\r', NULL, '70184', '$2y$10$XlD1hoIKdHtaq/Sjw.3UbOfEANSRYgy6xlxB04avUXOjoT79WwoNa', 'user', 377, 1, NULL, '2020-06-22 02:20:07', '2020-06-22 02:20:07'),
	(378, 'กลุ่มจังหวัดภาคกลางปริมณฑล\r', NULL, '70190', '$2y$10$/qQlrootpgNGHXYFE8wO/.eRhhk.fnY67p0FJBUjYdSIsPaLTxz0a', 'user', 378, 1, NULL, '2020-06-22 02:20:07', '2020-06-22 02:20:07'),
	(379, 'กลุ่มจังหวัดภาคกลางตอนบน\r', NULL, '70200', '$2y$10$GJ/xjI2gFw65M6Nm8tBVguI0GJnggquRQtlSILFmXNRa7mWBynSLq', 'user', 379, 1, NULL, '2020-06-22 02:20:07', '2020-06-22 02:20:07'),
	(380, 'กลุ่มจังหวัดภาคกลางตอนล่าง 1\r', NULL, '70210', '$2y$10$gpsa8Hfn1s8LgXFu2gh9/.jqp6VUL1UXnRzVLXroe8tNM0Lci2lku', 'user', 380, 1, NULL, '2020-06-22 02:20:07', '2020-06-22 02:20:07'),
	(381, 'กลุ่มจังหวัดภาคใต้ฝั่งอ่าวไทย\r', NULL, '70220', '$2y$10$9rqxF2G859851fNYbrod5uFZZFY8IS6CIOoC56YJNfROigku8isOa', 'user', 381, 1, NULL, '2020-06-22 02:20:07', '2020-06-22 02:20:07'),
	(382, 'กลุ่มจังหวัดภาคใต้ฝั่งอันดามัน\r', NULL, '70230', '$2y$10$nmYtQuXrCFJhF1deKJhLnuYPEGDJ.2CemWjS9obsvqHcWNBqPP6Ze', 'user', 382, 1, NULL, '2020-06-22 02:20:07', '2020-06-22 02:20:07'),
	(383, 'กลุ่มจังหวัดภาคใต้ชายแดน\r', NULL, '70240', '$2y$10$nESIubz2bu8wpBX3NscrZeutJVpX5Fd7sLe083RDp.DeQvjrwlMXK', 'user', 383, 1, NULL, '2020-06-22 02:20:08', '2020-06-22 02:20:08'),
	(384, 'กลุ่มจังหวัดภาคตะวันออก 1\r', NULL, '70250', '$2y$10$kxrUCCs5nq0h/0XpPOfOVesQoEuJ9JI5IO/AG5Vr1vtmkWPwuQiW2', 'user', 384, 1, NULL, '2020-06-22 02:20:08', '2020-06-22 02:20:08'),
	(385, 'กลุ่มจังหวัดภาคตะวันออก 2\r', NULL, '70260', '$2y$10$ttHC6KD78g9bM/7JwxjvvOT9NPLhMaihhAUOiVu.iLKgUbPjYLfIa', 'user', 385, 1, NULL, '2020-06-22 02:20:08', '2020-06-22 02:20:08'),
	(386, 'กรุงเทพมหานคร\r', NULL, '75002', '$2y$10$5G/H9se5d20//n8k3QWPEOMfUKnlLWqS2soWZRDPJlp9hkgeWvp2y', 'user', 386, 1, NULL, '2020-06-22 02:20:08', '2020-06-22 02:20:08'),
	(387, 'เมืองพัทยา\r', NULL, '75003', '$2y$10$J4UP7y3xBDh45CJxJDHdjOxoIFQEzGhhl41ga8rE76335g/tStX8a', 'user', 387, 1, NULL, '2020-06-22 02:20:08', '2020-06-22 02:20:08');
/*!40000 ALTER TABLE `users` ENABLE KEYS */;

/*!40101 SET SQL_MODE=IFNULL(@OLD_SQL_MODE, '') */;
/*!40014 SET FOREIGN_KEY_CHECKS=IF(@OLD_FOREIGN_KEY_CHECKS IS NULL, 1, @OLD_FOREIGN_KEY_CHECKS) */;
/*!40101 SET CHARACTER_SET_CLIENT=@OLD_CHARACTER_SET_CLIENT */;
