-- --------------------------------------------------------
-- Host:                         10.100.90.17
-- Server version:               10.4.12-MariaDB-1:10.4.12+maria~bionic - mariadb.org binary distribution
-- Server OS:                    debian-linux-gnu
-- HeidiSQL Version:             10.2.0.5599
-- --------------------------------------------------------

/*!40101 SET @OLD_CHARACTER_SET_CLIENT=@@CHARACTER_SET_CLIENT */;
/*!40101 SET NAMES utf8 */;
/*!50503 SET NAMES utf8mb4 */;
/*!40014 SET @OLD_FOREIGN_KEY_CHECKS=@@FOREIGN_KEY_CHECKS, FOREIGN_KEY_CHECKS=0 */;
/*!40101 SET @OLD_SQL_MODE=@@SQL_MODE, SQL_MODE='NO_AUTO_VALUE_ON_ZERO' */;


-- Dumping database structure for refund2
CREATE DATABASE IF NOT EXISTS `refund2` /*!40100 DEFAULT CHARACTER SET utf8 */;
USE `refund2`;

-- Dumping structure for table refund2.10_form_rules
CREATE TABLE IF NOT EXISTS `10_form_rules` (
  `id` int(10) unsigned NOT NULL AUTO_INCREMENT,
  `form_id` int(10) unsigned NOT NULL,
  `order` int(11) NOT NULL,
  `name` varchar(300) COLLATE utf8mb4_unicode_ci NOT NULL,
  `sub_of` int(11) NOT NULL,
  `rule_type` int(11) NOT NULL,
  `result_type` int(11) DEFAULT NULL,
  `condition` varchar(191) COLLATE utf8mb4_unicode_ci DEFAULT NULL,
  `description` varchar(300) COLLATE utf8mb4_unicode_ci DEFAULT NULL,
  `condition_type` int(11) DEFAULT NULL,
  `status` tinyint(4) NOT NULL,
  `created_at` timestamp NULL DEFAULT NULL,
  `updated_at` timestamp NULL DEFAULT NULL,
  PRIMARY KEY (`id`),
  KEY `10_form_rules_form_id_index` (`form_id`),
  CONSTRAINT `10_form_rules_form_id_foreign` FOREIGN KEY (`form_id`) REFERENCES `9_forms` (`id`) ON DELETE CASCADE
) ENGINE=InnoDB AUTO_INCREMENT=187 DEFAULT CHARSET=utf8mb4 COLLATE=utf8mb4_unicode_ci;

-- Dumping data for table refund2.10_form_rules: ~110 rows (approximately)
/*!40000 ALTER TABLE `10_form_rules` DISABLE KEYS */;
INSERT INTO `10_form_rules` (`id`, `form_id`, `order`, `name`, `sub_of`, `rule_type`, `result_type`, `condition`, `description`, `condition_type`, `status`, `created_at`, `updated_at`) VALUES
	(39, 31, 1, 'เป็นการให้ความช่วยเหลือผู้ประกอบการก่อสร้างเท่านั้น', 0, 1, 0, NULL, 'งานก่อสร้าง หมายถึง งานก่อสร้างตามหลักทั่วไปที่มีกฎหมาย ระเบียบ มติคณะรัฐมนตรี  หรือหนังสือเวียนที่เกี่ยวข้องอ้างอิงได้', 0, 0, '2020-01-06 04:25:18', '2020-03-12 07:07:31'),
	(40, 31, 2, 'อยู่ในพื้นที่ภาคใต้ 12 จังหวัด ได้แก่ พัทลุง นราธิวาส ยะลา สงขลา ปัตตานี ตรัง สุราษฎร์ธานี นครศรีธรรมราช ชุมพร ระนอง กระบี่ และประจวบคีรีขันธ์', 0, 1, 0, NULL, NULL, 0, 0, '2020-01-06 04:30:16', '2020-01-06 04:30:16'),
	(41, 31, 3, 'สัญญาที่จะได้รับความช่วยเหลือ', 0, 1, 1, NULL, NULL, 0, 0, '2020-01-06 05:14:01', '2020-01-06 05:18:58'),
	(42, 31, 1, 'เป็นสัญญาจ้างก่อสร้างที่ได้ลงนามกับทางราชการ ก่อนวันที่ 1 ธ.ค. 59', 41, 2, 0, NULL, NULL, 0, 0, '2020-01-06 05:14:31', '2020-06-10 04:30:20'),
	(43, 31, 2, 'เป็นสัญญาจ้างก่อสร้างที่ได้ลงนามกับทางราชการ ระหว่างวันที่ 1 ธ.ค. 59 - 12 ก.พ. 60', 41, 2, 0, NULL, NULL, 0, 0, '2020-01-06 05:16:23', '2020-06-10 04:30:29'),
	(44, 31, 4, 'เป็นสัญญาตามหลักเกณฑ์ข้อ 3.1 หรือ 3.2 ที่', 0, 1, 1, NULL, NULL, 0, 0, '2020-01-06 05:22:45', '2020-06-10 04:30:44'),
	(45, 31, 1, 'ณ วันที่ 1 ธ.ค. 59 - 12 ก.พ. 60 สัญญายังมีนิติสัมพันธ์อยู่ และยังไม่ส่งมอบงานงวดสุดท้ายในช่วงเวลาดังกล่าว', 44, 2, 0, NULL, NULL, 0, 0, '2020-01-06 05:23:07', '2020-06-10 04:31:56'),
	(46, 31, 2, 'ณ วันที่ 1 ธ.ค. 59 - 12 ก.พ. 60 สัญญายังมีนิติสัมพันธ์อยู่ แต่ได้มีการส่งมอบงานงวดสุดท้ายในช่วงเวลาดังกล่าว', 44, 2, 0, NULL, NULL, 0, 0, '2020-01-06 05:24:05', '2020-06-10 04:32:16'),
	(47, 31, 6, 'การขยายเวลา งดหรือลดค่าปรับ ตามมาตรการนี้', 0, 1, 1, NULL, NULL, 0, 0, '2020-01-06 05:42:32', '2020-06-10 04:37:02'),
	(48, 31, 1, 'กรณีไม่เคยขยายเวลา งดหรือลดค่าปรับด้วยเหตุดังกล่าวตามระเบียบพัสดุฯ ขยายเวลา งดหรือลดค่าปรับได้ 120 วัน', 47, 2, 0, NULL, 'ไม่เคย', 0, 0, '2020-01-06 05:43:19', '2020-06-10 04:37:27'),
	(49, 31, 2, 'กรณีเคยขยายเวลา งดหรือลดค่าปรับด้วยเหตุดังกล่าวตามระเบียบพัสดุฯ แล้ว ขยายเวลา งดหรือลดค่าปรับเพิ่มได้อีกรวมไม่เกิน 120 วัน', 47, 2, 0, NULL, 'เคย', 0, 0, '2020-01-06 05:44:32', '2020-06-10 04:37:59'),
	(50, 31, 7, 'ผู้ประกอบการต้องยื่นคำขอต่อหน่วยงานภายใน 60 วัน นับถัดจากวันที่คณะรัฐมนตรีมีมติ', 0, 1, 0, NULL, NULL, 0, 0, '2020-01-06 05:48:35', '2020-04-07 07:38:57'),
	(51, 32, 1, 'เป็นการให้ความช่วยเหลือผู้ประกอบการก่อสร้างเท่านั้น', 0, 1, 0, NULL, NULL, 0, 0, '2020-01-06 07:34:54', '2020-01-06 07:34:54'),
	(52, 32, 2, 'เป็นสัญญาจ้างก่อสร้างที่ลงนามระหว่างวันที่ 23 เม.ย. 56 - 25 พ.ย. 56', 0, 1, 0, NULL, NULL, 0, 0, '2020-01-06 07:35:52', '2020-05-19 07:06:23'),
	(53, 32, 3, 'เป็นสัญญาตามหลักเกณฑ์ข้อ 2 ที่', 0, 1, 1, NULL, NULL, 0, 0, '2020-01-06 07:37:40', '2020-05-19 07:10:48'),
	(54, 32, 1, 'สัญญายังมีนิติสัมพันธ์อยู่ ณ วันที่คณะรัฐมนตรีมีมติให้ความช่วยเหลือในครั้งนี้ ซึ่งยังไม่ได้ส่งมอบงานงวดสุดท้าย', 53, 2, 0, NULL, NULL, 0, 0, '2020-01-06 07:58:50', '2020-05-19 07:16:20'),
	(55, 32, 2, 'ส่งมอบงานงวดสุดท้ายแล้ว ก่อนวันที่คณะรัฐมนตรีมีมติให้ความช่วยเหลือในครั้งนี้ (ส่งมอบงานงวดสุดท้ายก่อนวันที่ 6 ก.ย. 59)', 53, 2, 0, NULL, NULL, 0, 0, '2020-01-06 08:00:28', '2020-05-19 07:20:20'),
	(56, 32, 4, 'อนุมัติงดหรือลดค่าปรับได้ไม่เกิน จำนวน 150 วัน', 0, 1, 0, NULL, NULL, 0, 0, '2020-01-06 08:01:42', '2020-06-04 07:11:03'),
	(57, 32, 5, 'การยื่นคำร้องขอรับความช่วยเหลือ', 0, 1, 1, NULL, NULL, 0, 0, '2020-01-06 08:03:12', '2020-05-19 07:26:28'),
	(58, 32, 1, 'อยู่ในหลักเกณฑ์/เงื่อนไข ตามข้อ 3.1 โดยยื่นคำร้องขอพร้อมกับการส่งมอบงานงวดสุดท้าย', 57, 2, 0, NULL, NULL, 0, 0, '2020-01-06 08:04:29', '2020-05-19 07:27:36'),
	(59, 32, 2, 'อยู่ในหลักเกณฑ์/เงื่อนไข ตามข้อ 3.2 โดยต้องยื่นคำร้องขอต่อหน่วยงานภายใน 60 วัน นับถัดจากวันที่คณะรัฐมนตรีมีมติให้ความช่วยเหลือ', 57, 2, 0, NULL, NULL, 0, 0, '2020-01-06 08:06:40', '2020-05-19 07:31:44'),
	(60, 33, 1, 'เป็นการให้ความช่วยเหลือผู้ประกอบการก่อสร้างเท่านั้น', 0, 1, 0, NULL, NULL, 0, 0, '2020-01-08 03:12:48', '2020-05-15 07:34:21'),
	(61, 33, 2, 'อยู่ในพื้นที่ภาคใต้ 1 จังหวัด ได้แก่ สตูล', 0, 1, 0, NULL, NULL, 0, 0, '2020-01-08 03:14:11', '2020-01-08 03:14:11'),
	(62, 33, 3, 'สัญญาที่จะได้รับความช่วยเหลือ', 0, 1, 1, NULL, NULL, 0, 0, '2020-01-08 03:16:20', '2020-01-08 03:31:28'),
	(63, 33, 1, 'เป็นสัญญาจ้างก่อสร้างที่ได้ลงนามกับทางราชการ ก่อนวันที่ 1 ธ.ค. 59', 62, 2, 0, NULL, NULL, 0, 0, '2020-01-08 03:29:52', '2020-06-10 04:46:19'),
	(64, 33, 2, 'เป็นสัญญาจ้างก่อสร้างที่ได้ลงนามกับทางราชการ ระหว่างวันที่ 1 ธ.ค. 59 - 12 ก.พ. 60', 62, 2, 0, NULL, NULL, 0, 0, '2020-01-08 03:30:49', '2020-06-10 04:46:28'),
	(65, 33, 4, 'เป็นสัญญาตามหลักเกณฑ์ข้อ 3.1 หรือ 3.2 ที่', 0, 1, 1, NULL, NULL, 0, 0, '2020-01-08 03:32:34', '2020-06-10 04:46:44'),
	(66, 33, 1, 'ณ วันที่ 1 ธ.ค. 59 - 12 ก.พ. 60 สัญญายังมีนิติสัมพันธ์อยู่ และยังไม่ส่งมอบงานงวดสุดท้ายในช่วงเวลาดังกล่าว', 65, 2, 0, NULL, NULL, 0, 0, '2020-01-08 03:32:54', '2020-06-10 04:47:05'),
	(67, 33, 2, 'ณ วันที่ 1 ธ.ค. 59 - 12 ก.พ. 60 สัญญายังมีนิติสัมพันธ์อยู่ แต่ได้มีการส่งมอบงานงวดสุดท้ายในช่วงเวลาดังกล่าว', 65, 2, 0, NULL, NULL, 0, 0, '2020-01-08 03:37:39', '2020-06-10 04:47:17'),
	(68, 33, 6, 'การขยายเวลา งดหรือลดค่าปรับ ตามมาตรการนี้', 0, 1, 1, NULL, NULL, 0, 0, '2020-01-08 06:09:52', '2020-05-15 08:09:43'),
	(69, 33, 7, 'ผู้ประกอบการต้องยื่นคำขอต่อหน่วยงานภายใน 60 วัน นับแต่วันที่คณะรัฐมนตรีมีมติ', 0, 1, 0, NULL, NULL, 0, 0, '2020-01-08 06:12:03', '2020-05-15 08:01:18'),
	(70, 34, 1, 'เป็นไปตาม พรบ. ระเบียบ ข้อบังคับ หรือข้อบัญญัติ ว่าด้วยการพัสดุของหน่วยงานนั้น ๆ', 0, 1, 0, NULL, NULL, 0, 0, '2020-03-03 07:05:42', '2020-03-03 07:19:38'),
	(71, 34, 2, 'การงดหรือลดค่าปรับ หรือขยายเวลา ตามกรณี', 0, 1, 1, NULL, NULL, 0, 0, '2020-03-03 07:06:47', '2020-06-10 03:41:36'),
	(72, 34, 1, '(1) เหตุเกิดจากความผิดหรือความบกพร่องของส่วนราชการ (ผู้ว่าจ้าง/หน่วยงาน)', 71, 2, 0, NULL, NULL, 0, 0, '2020-03-03 07:07:36', '2020-06-10 02:29:59'),
	(73, 34, 2, '(2) เหตุสุดวิสัย', 71, 2, 0, NULL, NULL, 0, 0, '2020-03-03 07:08:56', '2020-03-03 07:12:16'),
	(74, 34, 3, '(3) เหตุเกิดจากพฤติการณ์อันหนึ่งอันใดที่คู่สัญญาไม่ต้องรับผิดตามกฎหมาย', 71, 2, 0, NULL, NULL, 0, 0, '2020-03-03 07:12:47', '2020-03-03 07:12:47'),
	(75, 31, 5, 'ผู้รับจ้างต้องรับผิดชอบค่าปรับเองในช่วงก่อนหน้า 1 ธ.ค. 59 แต่จะได้รับการลดหรืองดค่าปรับเฉพาะในช่วงระยะเวลาที่ได้รับความช่วยเหลือตามมาตรการนี้เท่านั้น', 0, 1, 1, NULL, NULL, 0, 0, '2020-03-12 08:01:28', '2020-05-14 06:55:58'),
	(95, 31, 1, 'ไม่มีค่าปรับที่ต้องรับผิดชอบเองในช่วงก่อนหน้า 1 ธ.ค. 59', 75, 2, 0, NULL, NULL, 0, 0, '2020-05-13 03:02:57', '2020-05-14 06:05:30'),
	(96, 37, 1, 'เป็นการให้ความช่วยเหลือผู้ประกอบการก่อสร้างเท่านั้น', 0, 1, 0, NULL, NULL, 0, 0, '2020-05-13 08:24:16', '2020-05-13 08:24:16'),
	(97, 37, 2, 'อยู่ในพื้นที่ภาคใต้ 2 จังหวัด ได้แก่ พังงา ภูเก็ต', 0, 1, 0, NULL, NULL, 0, 0, '2020-05-13 08:25:35', '2020-05-13 08:25:35'),
	(99, 37, 3, 'สัญญาที่จะได้รับความช่วยเหลือ', 0, 1, 1, NULL, NULL, 0, 0, '2020-05-13 08:28:50', '2020-05-13 08:35:00'),
	(100, 37, 1, 'เป็นสัญญาจ้างก่อสร้างที่ได้ลงนามกับทางราชการ ก่อนวันที่ 1 ธ.ค. 59', 99, 2, 0, NULL, NULL, 0, 0, '2020-05-13 08:30:00', '2020-06-10 04:40:27'),
	(101, 37, 2, 'เป็นสัญญาจ้างก่อสร้างที่ได้ลงนามกับทางราชการ ระหว่างวันที่ 1 ธ.ค. 59 - 12 ก.พ. 60', 99, 2, 0, NULL, NULL, 0, 0, '2020-05-13 08:31:10', '2020-06-10 04:40:33'),
	(102, 37, 4, 'เป็นสัญญาตามหลักเกณฑ์ข้อ 3.1 หรือ 3.2 ที่', 0, 1, 1, NULL, NULL, 0, 0, '2020-05-13 08:32:32', '2020-06-10 04:40:49'),
	(103, 37, 1, 'ณ วันที่ 1 ธ.ค. 59 - 12 ก.พ. 60 สัญญายังมีนิติสัมพันธ์อยู่ และยังไม่ส่งมอบงานงวดสุดท้ายในช่วงเวลาดังกล่าว', 102, 2, 0, NULL, NULL, 0, 0, '2020-05-13 08:33:05', '2020-06-10 04:41:15'),
	(104, 37, 2, 'ณ วันที่ 1 ธ.ค. 59 - 12 ก.พ. 60 สัญญายังมีนิติสัมพันธ์อยู่ แต่ได้มีการส่งมอบงานงวดสุดท้ายในช่วงเวลาดังกล่าว', 102, 2, 0, NULL, NULL, 0, 0, '2020-05-13 08:34:18', '2020-06-10 04:41:30'),
	(105, 37, 5, 'ผู้รับจ้างต้องรับผิดชอบค่าปรับเองในช่วงก่อนหน้าวันที่ 1 ธ.ค. 59 แต่จะได้รับการลดหรืองดค่าปรับเฉพาะในช่วงระยะเวลาที่ได้รับความช่วยเหลือตามมาตรการนี้เท่านั้น', 0, 1, 1, NULL, NULL, 0, 0, '2020-05-14 02:46:28', '2020-05-15 08:12:20'),
	(106, 37, 1, 'ไม่มีค่าปรับที่ต้องรับผิดชอบเองในช่วงก่อนหน้าวันที่ 1 ธ.ค. 59', 105, 2, 0, NULL, NULL, 0, 0, '2020-05-14 02:48:16', '2020-05-15 08:11:53'),
	(107, 37, 2, 'ผู้รับจ้างต้องรับผิดชอบค่าปรับเอง', 105, 2, 0, NULL, NULL, 0, 0, '2020-05-14 02:48:54', '2020-05-14 02:48:54'),
	(108, 37, 6, 'การขยายเวลา งดหรือลดค่าปรับ ตามมาตรการนี้', 0, 1, 1, NULL, NULL, 0, 0, '2020-05-14 02:52:12', '2020-05-15 07:33:29'),
	(109, 37, 1, 'กรณีไม่เคยขยายเวลา งดหรือลดค่าปรับด้วยเหตุดังกล่าวตามระเบียบพัสดุฯ ขยายเวลา งดหรือลดค่าปรับได้ 70 วัน', 108, 2, 0, NULL, NULL, 0, 0, '2020-05-14 02:53:23', '2020-06-10 04:41:54'),
	(110, 37, 2, 'กรณีเคยขยายเวลา งดหรือลดค่าปรับด้วยเหตุดังกล่าวตามระเบียบพัสดุฯ แล้ว ขยายเวลา งดหรือลดค่าปรับเพิ่มได้อีกรวมไม่เกิน 70 วัน', 108, 2, 0, NULL, NULL, 0, 0, '2020-05-14 02:55:05', '2020-06-10 04:42:11'),
	(111, 37, 7, 'ผู้ประกอบการต้องยื่นคำขอต่อหน่วยงานภายใน 60 วัน นับถัดจากวันที่คณะรัฐมนตรีมีมติ', 0, 1, 0, NULL, NULL, 0, 0, '2020-05-14 02:57:17', '2020-05-14 02:57:17'),
	(112, 31, 2, 'ผู้รับจ้างต้องรับผิดชอบค่าปรับเอง', 75, 2, 0, NULL, NULL, 0, 0, '2020-05-14 06:06:02', '2020-05-14 06:06:02'),
	(113, 38, 1, 'เป็นการให้ความช่วยเหลือผู้ประกอบการก่อสร้างเท่านั้น', 0, 1, 0, NULL, NULL, 0, 0, '2020-05-14 06:45:55', '2020-05-14 06:45:55'),
	(114, 38, 2, 'สัญญาที่จะได้รับความช่วยเหลือ', 0, 1, 1, NULL, NULL, 0, 0, '2020-05-14 06:47:11', '2020-05-15 07:06:53'),
	(115, 38, 1, 'เป็นสัญญาจ้างที่ได้ลงนามไว้กับหน่วยงาน ก่อนวันที่ 1 ม.ค. 56', 114, 2, 0, NULL, NULL, 0, 0, '2020-05-14 06:47:48', '2020-06-10 03:24:59'),
	(116, 38, 2, 'เป็นสัญญาจ้างที่ได้ลงนามไว้กับหน่วยงาน ระหว่างวันที่ 1 ม.ค. 56 - 22 เม.ย. 56', 114, 2, 0, NULL, NULL, 0, 0, '2020-05-15 06:38:56', '2020-06-10 03:25:21'),
	(117, 38, 3, 'เป็นสัญญาตามหลักเกณฑ์ข้อ 2.1 หรือ 2.2 ที่', 0, 1, 1, NULL, NULL, 0, 0, '2020-05-15 07:01:17', '2020-06-10 03:27:38'),
	(118, 38, 1, 'ณ วันที่ 1 ม.ค. 56 - 22 เม.ย. 56 สัญญายังมีนิติสัมพันธ์อยู่ และยังไม่ส่งมอบงานงวดสุดท้ายในช่วงเวลาดังกล่าว', 117, 2, 0, NULL, NULL, 0, 0, '2020-05-15 07:02:49', '2020-06-10 03:27:05'),
	(119, 38, 2, 'ณ วันที่ 1 ม.ค. 56 - 22 เม.ย. 56 สัญญายังมีนิติสัมพันธ์อยู่ แต่ได้มีการส่งมอบงานงวดสุดท้ายในช่วงเวลาดังกล่าว', 117, 2, 0, NULL, NULL, 0, 0, '2020-05-15 07:05:31', '2020-06-10 03:27:15'),
	(120, 38, 4, 'ผู้รับจ้างต้องรับผิดชอบค่าปรับเองในช่วงก่อนหน้าวันที่ 1 ม.ค. 56 แต่จะได้รับการลดหรืองดค่าปรับเฉพาะในช่วงระยะเวลาที่ได้รับความช่วยเหลือตามมาตรการนี้เท่านั้น', 0, 1, 1, NULL, NULL, 0, 0, '2020-05-15 07:07:28', '2020-05-15 08:16:34'),
	(121, 38, 1, 'ไม่มีค่าปรับที่ต้องรับผิดชอบเองในช่วงก่อนหน้าวันที่ 1 ม.ค. 56', 120, 2, 0, NULL, NULL, 0, 0, '2020-05-15 07:08:18', '2020-05-15 08:16:43'),
	(122, 38, 2, 'ผู้รับจ้างต้องรับผิดชอบค่าปรับเอง', 120, 2, 0, NULL, NULL, 0, 0, '2020-05-15 07:09:02', '2020-05-15 07:09:02'),
	(123, 38, 5, 'การขยายเวลา งดหรือลดค่าปรับ ตามมาตรการนี้', 0, 1, 1, NULL, NULL, 0, 0, '2020-05-15 07:11:58', '2020-05-15 07:19:24'),
	(124, 38, 1, 'อายุสัญญาจ้างเกิน 150 วัน ขยายเวลา งดหรือลดค่าปรับได้อีก 150 วัน', 123, 2, 0, NULL, NULL, 0, 0, '2020-05-15 07:13:32', '2020-05-15 08:30:40'),
	(125, 38, 2, 'อายุสัญญาจ้างน้อยกว่า 150 วัน ขยายเวลา งดหรือลดค่าปรับได้เท่ากับอายุสัญญาเดิม', 123, 2, 0, NULL, NULL, 0, 0, '2020-05-15 07:17:52', '2020-05-15 07:17:52'),
	(126, 38, 6, 'ผู้ประกอบการต้องยื่นคำขอต่อหน่วยงานภายใน 60 วัน นับถัดจากวันที่คณะรัฐมนตรีมีมติ', 0, 1, 0, NULL, NULL, 0, 0, '2020-05-15 07:20:35', '2020-05-15 07:20:35'),
	(127, 33, 5, 'ผู้รับจ้างต้องรับผิดชอบค่าปรับเองในช่วงก่อนหน้าวันที่ 1 ธ.ค. 59 แต่จะได้รับการลดหรืองดค่าปรับเฉพาะในช่วงระยะเวลาที่ได้รับความช่วยเหลือตามมาตรการนี้เท่านั้น', 0, 1, 1, NULL, NULL, 0, 0, '2020-05-15 08:00:59', '2020-05-15 08:15:13'),
	(128, 33, 1, 'ไม่มีค่าปรับที่ต้องรับผิดชอบเองในช่วงก่อนหน้าวันที่ 1 ธ.ค. 59', 127, 2, 0, NULL, NULL, 0, 0, '2020-05-15 08:01:58', '2020-05-15 08:11:29'),
	(129, 33, 2, 'ผู้รับจ้างต้องรับผิดชอบค่าปรับเอง', 127, 2, 0, NULL, NULL, 0, 0, '2020-05-15 08:02:30', '2020-05-15 08:02:30'),
	(130, 33, 1, 'กรณีไม่เคยขยายเวลา งดหรือลดค่าปรับด้วยเหตุดังกล่าวตามระเบียบพัสดุฯ ขยายเวลา งดหรือลดค่าปรับได้ 70 วัน', 68, 2, 0, NULL, NULL, 0, 0, '2020-05-15 08:05:10', '2020-06-10 04:48:00'),
	(131, 33, 2, 'กรณีเคยขยายเวลา งดหรือลดค่าปรับด้วยเหตุดังกล่าวตามระเบียบพัสดุฯ แล้ว ขยายเวลา งดหรือลดค่าปรับเพิ่มได้อีกรวมไม่เกิน 70 วัน', 68, 2, 0, NULL, NULL, 0, 0, '2020-05-15 08:07:19', '2020-06-10 04:48:08'),
	(132, 39, 1, 'เป็นการให้ความช่วยเหลือผู้ประกอบการก่อสร้างเท่านั้น', 0, 1, 0, NULL, NULL, 0, 0, '2020-05-19 07:59:59', '2020-05-19 07:59:59'),
	(133, 39, 2, 'เคยได้รับความช่วยเหลือตามมติคณะรัฐมนตรีเมื่อวันที่ 25 พฤศจิกายน 2556 (ว 208) มาแล้ว', 0, 1, 0, NULL, NULL, 0, 0, '2020-05-19 08:03:20', '2020-05-19 08:04:57'),
	(134, 39, 3, 'แต่ไม่อยู่ในหลักเกณฑ์และเงื่อนไขที่จะได้รับความช่วยเหลือตามมติคณะรัฐมนตรีเมื่อวันที่ 18 พฤศจิกายน 2557 (ว 141)', 0, 1, 0, NULL, NULL, 0, 0, '2020-05-19 08:05:05', '2020-05-19 08:05:12'),
	(135, 39, 4, 'เป็นสัญญาที่', 0, 1, 1, NULL, NULL, 0, 0, '2020-05-19 08:10:35', '2020-05-19 08:13:44'),
	(136, 39, 1, 'สัญญายังมีนิติสัมพันธ์อยู่ ณ วันที่คณะรัฐมนตรีมีมติให้ความช่วยเหลือในครั้งนี้ และยังไม่ได้ส่งมอบงานงวดสุดท้าย', 135, 2, 0, NULL, NULL, 0, 0, '2020-05-19 08:10:54', '2020-06-08 08:23:15'),
	(137, 39, 2, 'ส่งมอบงานงวดสุดท้ายแล้ว ก่อนวันที่คณะรัฐมนตรีมีมติให้ความช่วยเหลือในครั้งนี้ (ส่งมอบงานงวดสุดท้ายก่อนวันที่ 6 ก.ย. 59)', 135, 2, 0, NULL, NULL, 0, 0, '2020-05-19 08:12:58', '2020-05-19 08:12:58'),
	(138, 39, 5, 'อนุมัติงดหรือลดค่าปรับได้ จำนวน 150 วัน', 0, 1, 0, NULL, NULL, 0, 0, '2020-05-19 08:14:34', '2020-05-19 08:14:34'),
	(139, 39, 6, 'การยื่นคำร้องขอรับความช่วยเหลือ', 0, 1, 1, NULL, NULL, 0, 0, '2020-05-19 08:16:39', '2020-05-19 08:20:11'),
	(140, 39, 1, 'อยู่ในหลักเกณฑ์/เงื่อนไข ตามข้อ 4.1 โดยยื่นคำร้องขอพร้อมกับการส่งมอบงานงวดสุดท้าย', 139, 2, 0, NULL, NULL, 0, 0, '2020-05-19 08:17:21', '2020-05-19 08:17:21'),
	(141, 39, 2, 'อยู่ในหลักเกณฑ์/เงื่อนไข ตามข้อ 4.2 โดยต้องยื่นคำร้องขอต่อหน่วยงานภายใน 60 วัน นับถัดจากวันที่คณะรัฐมนตรีมีมติให้ความช่วยเหลือ', 139, 2, 0, NULL, NULL, 0, 0, '2020-05-19 08:19:23', '2020-05-19 08:19:23'),
	(142, 40, 1, 'เป็นการให้ความช่วยเหลือผู้ประกอบการก่อสร้างและผู้ประกอบการอื่นทั่วประเทศ', 0, 1, 1, NULL, NULL, 0, 0, '2020-05-25 07:04:22', '2020-05-25 07:06:34'),
	(143, 40, 1, 'เป็นสัญญาจ้างก่อสร้าง หรือสัญญาจ้างประเภทอื่นที่มิใช่สัญญาจ้างก่อสร้าง', 142, 2, 0, NULL, NULL, 0, 0, '2020-05-25 07:04:40', '2020-05-25 07:04:40'),
	(144, 40, 2, 'เป็นสัญญาซื้อขาย', 142, 2, 0, NULL, NULL, 0, 0, '2020-05-25 07:06:11', '2020-05-25 07:06:11'),
	(145, 40, 2, 'ได้รับผลกระทบจากเหตุอุทกภัยที่เกิดขึ้นระหว่างวันที่ 25 ก.ค. 54 – 16 ม.ค. 55', 0, 1, 0, NULL, NULL, 0, 0, '2020-05-25 07:08:19', '2020-05-25 07:08:19'),
	(146, 40, 3, 'สัญญาที่จะได้รับความช่วยเหลือ', 0, 1, 1, NULL, NULL, 0, 0, '2020-05-25 07:11:21', '2020-05-25 07:20:17'),
	(147, 40, 1, 'เป็นคู่สัญญาที่ได้ลงนามทำสัญญา ก่อนวันที่ 25 ก.ค. 54', 146, 2, 0, NULL, NULL, 0, 0, '2020-05-25 07:17:13', '2020-06-10 02:45:48'),
	(148, 40, 2, 'เป็นคู่สัญญาที่ได้ลงนามทำสัญญา ระหว่างวันที่ 25 ก.ค. 54 - 16 ม.ค. 55', 146, 2, 0, NULL, NULL, 0, 0, '2020-05-25 07:19:05', '2020-06-10 02:45:55'),
	(149, 40, 4, 'เป็นสัญญาตามหลักเกณฑ์ข้อ 3.1 หรือ 3.2 ที่', 0, 1, 1, NULL, NULL, 0, 0, '2020-05-25 07:22:15', '2020-06-10 02:48:59'),
	(150, 40, 1, 'ณ วันที่ 25 ก.ค. 54 - 16 ม.ค. 55 สัญญายังมีนิติสัมพันธ์อยู่ และยังไม่ส่งมอบงานหรือส่งมอบของงวดสุดท้ายในช่วงเวลาดังกล่าว', 149, 2, 0, NULL, NULL, 0, 0, '2020-05-25 07:23:45', '2020-06-10 02:56:52'),
	(151, 40, 2, 'ณ วันที่ 25 ก.ค. 54 - 16 ม.ค. 55 สัญญายังมีนิติสัมพันธ์อยู่ แต่ได้มีการส่งมอบงานหรือส่งมอบของงวดสุดท้ายในช่วงเวลาดังกล่าว', 149, 2, 0, NULL, NULL, 0, 0, '2020-05-25 07:25:28', '2020-06-10 02:56:43'),
	(152, 40, 5, 'ผู้รับจ้างต้องรับผิดชอบค่าปรับเองในช่วงก่อนหน้า 25 ก.ค. 54 แต่จะได้รับการลดหรืองดค่าปรับเฉพาะในช่วงระยะเวลาที่ได้รับความช่วยเหลือตามมาตรการนี้เท่านั้น', 0, 1, 1, NULL, NULL, 0, 0, '2020-05-25 07:31:05', '2020-05-25 07:34:43'),
	(153, 40, 1, 'ไม่มีค่าปรับที่ต้องรับผิดชอบเองในช่วงก่อนหน้า 25 ก.ค. 54', 152, 2, 0, NULL, NULL, 0, 0, '2020-05-25 07:32:31', '2020-05-25 07:32:31'),
	(154, 40, 2, 'ผู้รับจ้างต้องรับผิดชอบค่าปรับเอง', 152, 2, 0, NULL, NULL, 0, 0, '2020-05-25 07:33:14', '2020-05-25 07:33:14'),
	(155, 40, 6, 'การขยายเวลา งดหรือลดค่าปรับ ตามมาตรการนี้', 0, 1, 1, NULL, NULL, 0, 0, '2020-05-25 07:35:29', '2020-05-25 07:39:41'),
	(156, 40, 1, 'เป็นสัญญาจ้างก่อสร้าง หรือสัญญาจ้างประเภทอื่นที่มิใช่สัญญาจ้างก่อสร้าง และไม่เคยขยายเวลา งดหรือลดค่าปรับด้วยเหตุดังกล่าวให้ตามระเบียบพัสดุฯ ขยายเวลา งดหรือลดค่าปรับได้ 180 วัน', 155, 2, 0, NULL, NULL, 0, 0, '2020-05-25 07:36:16', '2020-05-25 07:58:08'),
	(157, 40, 2, 'เป็นสัญญาจ้างก่อสร้าง หรือสัญญาจ้างประเภทอื่นที่มิใช่สัญญาจ้างก่อสร้าง แต่เคยขยายเวลา งดหรือลดค่าปรับด้วยเหตุดังกล่าวให้ตามระเบียบพัสดุฯ แล้ว ขยายเวลา งดหรือลดค่าปรับเพิ่มได้อีกแต่รวมแล้วต้องไม่เกิน 180 วัน', 155, 2, 0, NULL, NULL, 0, 0, '2020-05-25 07:38:37', '2020-05-25 07:57:59'),
	(158, 40, 3, 'เป็นสัญญาซื้อขาย และไม่เคยขยายเวลา งดหรือลดค่าปรับด้วยเหตุดังกล่าวให้ตามระเบียบพัสดุฯ ขยายเวลา งดหรือลดค่าปรับได้ 120 วัน', 155, 2, 0, NULL, NULL, 0, 0, '2020-05-25 07:59:13', '2020-05-25 07:59:13'),
	(159, 40, 4, 'เป็นสัญญาซื้อขาย แต่เคยขยายเวลา งดหรือลดค่าปรับด้วยเหตุดังกล่าวให้ตามระเบียบพัสดุฯ แล้ว ขยายเวลา งดหรือลดค่าปรับเพิ่มได้อีกแต่รวมแล้วต้องไม่เกิน 120 วัน', 155, 2, 0, NULL, NULL, 0, 0, '2020-05-25 08:00:51', '2020-05-25 08:00:51'),
	(160, 40, 7, 'ผู้ประกอบการต้องยื่นคำขอต่อหน่วยงานภายใน 60 วัน นับถัดจากวันที่คณะรัฐมนตรีมีมติ', 0, 1, 0, NULL, NULL, 0, 0, '2020-05-25 08:02:52', '2020-05-25 08:02:52'),
	(161, 41, 1, 'เป็นการให้ความช่วยเหลือผู้ประกอบการก่อสร้างเท่านั้น', 0, 1, 0, NULL, NULL, 0, 0, '2020-05-26 05:57:31', '2020-05-26 05:57:31'),
	(162, 41, 2, 'ได้รับผลกระทบจากเหตุอุทกภัยที่เกิดขึ้นระหว่างวันที่ 23 มี.ค. 54 - 18 เม.ย. 54', 0, 1, 0, NULL, NULL, 0, 0, '2020-05-26 06:00:01', '2020-05-26 06:00:47'),
	(163, 41, 3, 'อยู่ในพื้นที่ภาคใต้ 10 จังหวัด ได้แก่ สุราษฎร์ธานี นครศรีธรรมราช พัทลุง ตรัง สงขลา กระบี่ ชุมพร พังงา นราธิวาส และสตูล', 0, 1, 0, NULL, NULL, 0, 0, '2020-05-26 06:03:00', '2020-05-26 06:03:00'),
	(164, 41, 4, 'สัญญาที่จะได้รับความช่วยเหลือ', 0, 1, 1, NULL, NULL, 0, 0, '2020-05-26 06:04:04', '2020-05-26 06:07:54'),
	(165, 41, 1, 'เป็นคู่สัญญาที่ได้ลงนามทำสัญญา ก่อนวันที่ 23 มี.ค. 54', 164, 2, 0, NULL, NULL, 0, 0, '2020-05-26 06:04:58', '2020-06-10 03:12:04'),
	(166, 41, 2, 'เป็นคู่สัญญาที่ได้ลงนามทำสัญญา ระหว่างวันที่ 23 มี.ค. 54 - 18 เม.ย. 54', 164, 2, 0, NULL, NULL, 0, 0, '2020-05-26 06:06:52', '2020-06-10 03:12:10'),
	(167, 41, 5, 'เป็นสัญญาตามหลักเกณฑ์ข้อ 4.1 หรือ 4.2 ที่', 0, 1, 1, NULL, NULL, 0, 0, '2020-05-26 06:08:55', '2020-06-10 03:12:59'),
	(168, 41, 1, 'ณ วันที่ 23 มี.ค. 54 - 18 เม.ย. 54 สัญญายังมีนิติสัมพันธ์อยู่ และยังไม่ส่งมอบงานงวดสุดท้ายในช่วงเวลาดังกล่าว', 167, 2, 0, NULL, NULL, 0, 0, '2020-05-26 06:09:53', '2020-06-10 03:13:26'),
	(169, 41, 2, 'ณ วันที่ 23 มี.ค. 54 - 18 เม.ย. 54 สัญญายังมีนิติสัมพันธ์อยู่ แต่ได้มีการส่งมอบงานงวดสุดท้ายในช่วงเวลาดังกล่าว', 167, 2, 0, NULL, NULL, 0, 0, '2020-05-26 06:12:12', '2020-06-10 03:13:48'),
	(170, 41, 6, 'ผู้รับจ้างต้องรับผิดชอบค่าปรับเองในช่วงก่อนหน้า 23 มี.ค. 54 แต่จะได้รับการลดหรืองดค่าปรับเฉพาะในช่วงระยะเวลาที่ได้รับความช่วยเหลือตามมาตรการนี้เท่านั้น', 0, 1, 1, NULL, NULL, 0, 0, '2020-05-26 06:20:31', '2020-05-26 06:23:26'),
	(171, 41, 1, 'ไม่มีค่าปรับที่ต้องรับผิดชอบเองในช่วงก่อนหน้า 23 มี.ค. 54', 170, 2, 0, NULL, NULL, 0, 0, '2020-05-26 06:20:58', '2020-05-26 06:20:58'),
	(172, 41, 2, 'ผู้รับจ้างต้องรับผิดชอบค่าปรับเอง', 170, 2, 0, NULL, NULL, 0, 0, '2020-05-26 06:21:55', '2020-05-26 06:21:55'),
	(173, 41, 7, 'การขยายเวลา งดหรือลดค่าปรับ ตามมาตรการนี้', 0, 1, 1, NULL, NULL, 0, 0, '2020-05-26 06:24:50', '2020-05-26 06:28:02'),
	(174, 41, 1, 'กรณีไม่เคยขยายเวลาด้วยเหตุดังกล่าวตามระเบียบพัสดุฯ ขยายเวลา งดหรือลดค่าปรับได้ 180 วัน', 173, 2, 0, NULL, NULL, 0, 0, '2020-05-26 06:25:04', '2020-05-26 06:25:04'),
	(175, 41, 2, 'กรณีเคยขยายเวลาด้วยเหตุดังกล่าวตามระเบียบพัสดุฯ แล้ว ขยายเวลา งด/ลดค่าปรับ เพิ่มได้อีกรวมไม่เกิน 180 วัน', 173, 2, 0, NULL, NULL, 0, 0, '2020-05-26 06:26:35', '2020-05-26 06:26:35'),
	(176, 41, 8, 'ผู้ประกอบการต้องยื่นคำขอต่อหน่วยงานภายใน 60 วัน นับถัดจากวันที่คณะรัฐมนตรีมีมติ', 0, 1, 0, NULL, NULL, 0, 0, '2020-05-26 06:30:27', '2020-05-26 06:30:27'),
	(177, 42, 1, 'เป็นสัญญาจ้างก่อสร้างที่ได้รับความช่วยเหลือตามมติคณะรัฐมนตรีเมื่อวันที่ 25 พฤศจิกายน 2556 (ว 208) มาแล้ว', 0, 1, 0, NULL, NULL, 0, 0, '2020-06-04 06:58:24', '2020-06-04 06:58:24'),
	(178, 42, 2, 'เป็นสัญญาจ้างก่อสร้างที่ได้มีการส่งมอบงานงวดสุดท้ายภายในระยะเวลาไม่เกิน 150 วัน นับถัดจากระยะเวลาที่ได้รับความช่วยเหลือตามมติคณะรัฐมนตรีเมื่อวันที่ 25 พฤศจิกายน 2556 (ว 208)', 0, 1, 0, NULL, NULL, 0, 0, '2020-06-04 07:01:22', '2020-06-04 07:16:55'),
	(179, 42, 3, 'อนุมัติงดหรือลดค่าปรับได้ไม่เกิน จำนวน 150 วัน', 0, 1, 0, NULL, NULL, 0, 0, '2020-06-04 07:11:12', '2020-06-04 07:11:12'),
	(180, 42, 4, 'ผู้ประกอบการต้องยื่นคำขอต่อหน่วยงานภายใน 60 วัน นับถัดจากวันที่คณะรัฐมนตรีมีมติ', 0, 1, 0, NULL, NULL, 0, 0, '2020-06-04 07:26:16', '2020-06-04 07:26:16'),
	(181, 43, 1, 'เป็นคู่สัญญาที่ได้รับผลกระทบจากเหตุการณ์ความไม่สงบทางการเมืองที่เกิดขึ้นในช่วงระยะเวลาตั้งแต่เดือนพฤศจิกายน 2556 ถึงเดือนพฤษภาคม 2557', 0, 1, 0, NULL, NULL, 0, 0, '2020-06-05 04:03:49', '2020-06-05 04:03:49'),
	(182, 43, 2, 'เป็นคู่สัญญาที่ได้ปฏิบัติตามสัญญาหรือข้อตกลงที่ให้กับทางราชการเป็นไปอย่างปกติตลอดมาและไม่มีพฤติการณ์ที่จะทิ้งงาน', 0, 1, 0, NULL, NULL, 0, 0, '2020-06-05 04:08:35', '2020-06-05 04:08:35'),
	(183, 43, 3, 'พิจารณางดหรือลดค่าปรับ หรือขยายเวลาได้ตามจำนวนวันที่มีเหตุเกิดขึ้นจริง', 0, 1, 0, NULL, NULL, 0, 0, '2020-06-05 04:13:25', '2020-06-10 04:59:20'),
	(184, 43, 4, 'การยื่นคำขอรับความช่วยเหลือ', 0, 1, 1, NULL, NULL, 0, 0, '2020-06-05 04:16:05', '2020-06-05 04:26:33'),
	(185, 43, 1, 'ยื่นคำขอตามหนังสือคณะกรรมการว่าด้วยการพัสดุ ด่วนที่สุด ที่ กค (กวพ) 0421.3/ว 168 ลว. 7 พ.ค. 58', 184, 2, 0, NULL, NULL, 0, 0, '2020-06-05 04:18:53', '2020-06-05 04:18:53'),
	(186, 43, 2, 'ยื่นคำขอตามหนังสือคณะกรรมการว่าด้วยการพัสดุ ด่วนที่สุด ที่ กค (กวพ) 0421.3/ว 291 ลว. 20 ส.ค. 58', 184, 2, 0, NULL, NULL, 0, 0, '2020-06-05 04:22:11', '2020-06-05 04:22:11');
/*!40000 ALTER TABLE `10_form_rules` ENABLE KEYS */;

-- Dumping structure for table refund2.112_considers
CREATE TABLE IF NOT EXISTS `112_considers` (
  `id` int(10) unsigned NOT NULL AUTO_INCREMENT,
  `form_rule_id` int(10) unsigned NOT NULL,
  `order` int(11) NOT NULL,
  `name` varchar(250) COLLATE utf8mb4_unicode_ci NOT NULL,
  `description` text COLLATE utf8mb4_unicode_ci DEFAULT NULL,
  `type` int(11) NOT NULL,
  `oper` varchar(191) COLLATE utf8mb4_unicode_ci DEFAULT NULL,
  `var1` varchar(191) COLLATE utf8mb4_unicode_ci DEFAULT NULL,
  `var2` varchar(191) COLLATE utf8mb4_unicode_ci DEFAULT NULL,
  `created_at` timestamp NULL DEFAULT NULL,
  `updated_at` timestamp NULL DEFAULT NULL,
  PRIMARY KEY (`id`),
  KEY `112_considers_form_rule_id_index` (`form_rule_id`),
  CONSTRAINT `112_considers_form_rule_id_foreign` FOREIGN KEY (`form_rule_id`) REFERENCES `10_form_rules` (`id`) ON DELETE CASCADE
) ENGINE=InnoDB AUTO_INCREMENT=274 DEFAULT CHARSET=utf8mb4 COLLATE=utf8mb4_unicode_ci;

-- Dumping data for table refund2.112_considers: ~208 rows (approximately)
/*!40000 ALTER TABLE `112_considers` DISABLE KEYS */;
INSERT INTO `112_considers` (`id`, `form_rule_id`, `order`, `name`, `description`, `type`, `oper`, `var1`, `var2`, `created_at`, `updated_at`) VALUES
	(32, 39, 0, 'เป็นสัญญาจ้างก่อสร้าง', 'งานก่อสร้าง หมายถึง งานก่อสร้างตามหลักทั่วไปที่มีกฎหมาย ระเบียบ มติคณะรัฐมนตรี  หรือหนังสือเวียนที่เกี่ยวข้องอ้างอิงได้ และยังให้หมายรวมถึงงานที่มีลักษณะของงาน ตามหนังสือ สำนักนายกรัฐมนตรี ที่ นร (กวพ) 1204/ว 1939 ลงวันที่ 24 กุมภาพันธ์ 2537 เรื่อง งานก่อสร้าง ตามระเบียบสำนักนายกรัฐมนตรีว่าด้วยการพัสดุ พ.ศ. 2535 โดย คณะกรรมการว่าด้วยการพัสดุ (กวพ.) ซ้อมความเข้าใจว่า “งานก่อสร้าง” หมายความรวมถึง (1) งานเคลื่อนย้ายอาคาร (2) งานดัดแปลง งานต่อเติม งานรื้อถอน และงานซ่อมแซม ซึ่งส่วนราชการมีความจำเป็นจะต้องมีการควบคุมดูแลการปฏิบัติงาน ของผู้รับจ้างตลอดเวลาดำเนินการตามความเหมาะสมด้วย', 1, '0', NULL, NULL, '2020-01-06 04:26:44', '2020-06-10 04:29:27'),
	(33, 40, 0, 'เป็นสัญญาจ้างก่อสร้างที่ดำเนินการอยู่ในพื้นที่ภาคใต้ 12 จังหวัด ข้างต้น', NULL, 1, '0', NULL, NULL, '2020-01-06 04:30:32', '2020-05-15 07:40:14'),
	(34, 42, 0, 'ลงนามในสัญญาวันที่', NULL, 3, '2', '2016-12-01', NULL, '2020-01-06 05:16:03', '2020-05-25 07:31:25'),
	(35, 43, 0, 'ลงนามในสัญญาวันที่', NULL, 3, '3', '2016-12-01', '2017-02-12', '2020-01-06 05:17:14', '2020-05-25 07:31:37'),
	(37, 46, 0, 'อยู่ในหลักเกณฑ์/เงื่อนไข ตามข้อ 4.2', NULL, 1, '0', NULL, NULL, '2020-01-06 05:24:12', '2020-05-14 06:09:08'),
	(39, 45, 0, 'อยู่ในหลักเกณฑ์/เงื่อนไข ตามข้อ 4.1', NULL, 1, '0', NULL, NULL, '2020-01-06 05:28:49', '2020-05-14 06:08:29'),
	(40, 48, 0, 'ขยายเวลา งดหรือลดค่าปรับให้ จำนวน', NULL, 3, '1', '120', NULL, '2020-01-06 05:43:49', '2020-05-19 07:36:32'),
	(41, 49, 0, 'ขยายเวลา งดหรือลดค่าปรับให้ตามระเบียบพัสดุฯ แล้ว จำนวน', NULL, 5, '0', 'วัน', NULL, '2020-01-06 05:45:13', '2020-05-15 07:29:56'),
	(42, 50, 0, 'ยื่นคำขอภายในวันที่ 9 ต.ค. 60', NULL, 1, '0', NULL, NULL, '2020-01-06 05:50:07', '2020-06-10 04:38:19'),
	(43, 51, 0, 'เป็นสัญญาจ้างก่อสร้าง', 'งานก่อสร้าง หมายถึง งานก่อสร้างตามหลักทั่วไปที่มีกฎหมาย ระเบียบ มติคณะรัฐมนตรี  หรือหนังสือเวียนที่เกี่ยวข้องอ้างอิงได้ และยังให้หมายรวมถึงงานที่มีลักษณะของงาน ตามหนังสือ สำนักนายกรัฐมนตรี ที่ นร (กวพ) 1204/ว 1939 ลงวันที่ 24 กุมภาพันธ์ 2537 เรื่อง งานก่อสร้าง ตามระเบียบสำนักนายกรัฐมนตรีว่าด้วยการพัสดุ พ.ศ. 2535 โดย คณะกรรมการว่าด้วยการพัสดุ (กวพ.) ซ้อมความเข้าใจว่า “งานก่อสร้าง” หมายความรวมถึง (1) งานเคลื่อนย้ายอาคาร (2) งานดัดแปลง งานต่อเติม งานรื้อถอน และงานซ่อมแซม ซึ่งส่วนราชการมีความจำเป็นจะต้องมีการควบคุมดูแลการปฏิบัติงาน ของผู้รับจ้างตลอดเวลาดำเนินการตามความเหมาะสมด้วย', 1, '0', NULL, NULL, '2020-01-06 07:35:12', '2020-06-10 04:26:06'),
	(46, 54, 0, 'อยู่ในหลักเกณฑ์/เงื่อนไข ตามข้อ 3.1', NULL, 1, '0', NULL, NULL, '2020-01-06 07:59:12', '2020-05-19 07:16:56'),
	(47, 55, 0, 'อยู่ในหลักเกณฑ์/เงื่อนไข ข้อ 3.2', NULL, 1, '0', NULL, NULL, '2020-01-06 08:00:58', '2020-05-19 07:20:34'),
	(48, 56, 0, 'งดหรือลดค่าปรับให้ จำนวน', NULL, 3, '1', '150', NULL, '2020-01-06 08:02:26', '2020-05-19 07:35:14'),
	(49, 58, 0, 'ยื่นคำร้องขอพร้อมส่งมอบงานงวดสุดท้าย', NULL, 1, '0', NULL, NULL, '2020-01-06 08:04:50', '2020-06-10 04:27:49'),
	(50, 59, 0, 'ยื่นคำร้องขอภายในวันที่ 7 พ.ย. 59', NULL, 1, '0', NULL, NULL, '2020-01-06 08:07:39', '2020-06-10 04:28:11'),
	(51, 60, 0, 'เป็นสัญญาจ้างก่อสร้าง', 'งานก่อสร้าง หมายถึง งานก่อสร้างตามหลักทั่วไปที่มีกฎหมาย ระเบียบ มติคณะรัฐมนตรี  หรือหนังสือเวียนที่เกี่ยวข้องอ้างอิงได้ และยังให้หมายรวมถึงงานที่มีลักษณะของงาน ตามหนังสือ สำนักนายกรัฐมนตรี ที่ นร (กวพ) 1204/ว 1939 ลงวันที่ 24 กุมภาพันธ์ 2537 เรื่อง งานก่อสร้าง ตามระเบียบสำนักนายกรัฐมนตรีว่าด้วยการพัสดุ พ.ศ. 2535 โดย คณะกรรมการว่าด้วยการพัสดุ (กวพ.) ซ้อมความเข้าใจว่า “งานก่อสร้าง” หมายความรวมถึง (1) งานเคลื่อนย้ายอาคาร (2) งานดัดแปลง งานต่อเติม งานรื้อถอน และงานซ่อมแซม ซึ่งส่วนราชการมีความจำเป็นจะต้องมีการควบคุมดูแลการปฏิบัติงาน ของผู้รับจ้างตลอดเวลาดำเนินการตามความเหมาะสมด้วย', 1, '0', NULL, NULL, '2020-01-08 03:13:48', '2020-06-10 04:46:09'),
	(52, 61, 0, 'เป็นสัญญาจ้างก่อสร้างที่ดำเนินการอยู่ในจังหวัดสตูล', NULL, 1, '0', NULL, NULL, '2020-01-08 03:15:54', '2020-01-08 03:15:54'),
	(53, 63, 0, 'ลงนามก่อน 1 ธ.ค. 59', NULL, 3, '2', '2016-11-30', NULL, '2020-01-08 03:30:30', '2020-05-15 07:42:24'),
	(54, 64, 0, 'ลงนามระหว่าง 1 ธ.ค. 59 - 12 ก.พ. 60', NULL, 3, '3', '2016-12-01', '2017-02-12', '2020-01-08 03:31:17', '2020-05-15 07:43:36'),
	(55, 66, 0, 'อยู่ในหลักเกณฑ์/เงื่อนไข ตามข้อ 4.1', NULL, 1, '0', NULL, NULL, '2020-01-08 03:33:49', '2020-05-15 07:44:45'),
	(56, 67, 0, 'อยู่ในหลักเกณฑ์/เงื่อน ตามข้อ 4.2', NULL, 1, '0', NULL, NULL, '2020-01-08 03:38:47', '2020-05-15 07:46:31'),
	(58, 69, 0, 'ยื่นคำขอภายในวันที่ 24 มิ.ย. 62', NULL, 1, '0', NULL, NULL, '2020-01-08 06:13:04', '2020-06-10 04:48:36'),
	(59, 70, 0, 'เป็นไปตามหลักเกณฑ์ของ พรบ. ระเบียบ ข้อบังคับ หรือข้อบัญญัติใด', NULL, 2, '0', NULL, NULL, '2020-03-03 07:06:18', '2020-05-19 07:51:35'),
	(60, 72, 0, 'อนุมัติให้ตาม (1)', NULL, 1, '0', NULL, NULL, '2020-03-03 07:08:23', '2020-03-03 07:08:23'),
	(61, 73, 0, 'อนุมัติให้ตาม (2)', NULL, 1, '0', NULL, NULL, '2020-03-03 07:10:11', '2020-03-03 07:10:11'),
	(63, 73, 0, 'กรณี', 'โปรดระบุปัญหาอุปสรรคที่เกิดขึ้น', 2, '0', NULL, NULL, '2020-03-03 07:11:06', '2020-06-15 08:09:02'),
	(64, 74, 0, 'อนุมัติให้ตาม (3)', NULL, 1, '0', NULL, NULL, '2020-03-03 07:13:00', '2020-03-03 07:13:00'),
	(65, 74, 0, 'กรณี', 'โปรดระบุปัญหาอุปสรรคที่เกิดขึ้น', 2, '0', NULL, NULL, '2020-03-03 07:13:14', '2020-06-15 08:08:44'),
	(66, 74, 0, 'วันที่เหตุปัญหาอุปสรรคสิ้นสุด และวันที่หนังสือผู้รับจ้างแจ้งเหตุสิ้นสุด', 'กรณี (2) เหตุสุดวิสัย หรือ (3) เหตุเกิดจากพฤติการณ์อันหนึ่งอันใดที่คู่สัญญาไม่ต้องรับผิดตามกฎหมาย \nคู่สัญญาต้องแจ้งเหตุดังกล่าวให้ส่วนราชการทราบภายใน 15 วัน นับแต่เหตุนั้นได้สิ้นสุดลง หากข้อเท็จจริงปรากฏว่าคู่สัญญาไม่มีการแจ้งภายใน 15 วัน นับแต่เหตุนั้นได้สิ้นสุดลง โปรดดำเนินการตรวจสอบและทบทวนการอนุมัติงดหรือลดค่าปรับ หรือขยายเวลาดังกล่าวให้ถูกต้องตาม พรบ. ระเบียบ ข้อบังคับ หรือข้อบัญญัติของหน่วยงานก่อนขอทำความตกลงกับกรมบัญชีกลาง', 3, '6', '15', NULL, '2020-03-03 07:13:38', '2020-06-15 03:43:23'),
	(67, 72, 0, 'กรณี', 'โปรดระบุปัญหาอุปสรรคที่เกิดขึ้น', 2, '0', NULL, NULL, '2020-03-04 07:44:59', '2020-06-15 08:09:21'),
	(69, 48, 0, 'ตั้งแต่วันที่', NULL, 3, '4', '2016-11-30', NULL, '2020-03-12 07:11:29', '2020-05-14 06:03:17'),
	(70, 45, 0, 'ส่งมอบงานงวดสุดท้ายเมื่อวันที่', NULL, 3, '4', '2017-02-12', NULL, '2020-03-12 07:16:11', '2020-05-14 06:08:54'),
	(71, 46, 0, 'ส่งมอบงานงวดสุดท้ายเมื่อวันที่', NULL, 3, '3', '2016-12-01', '2017-02-12', '2020-03-12 07:16:30', '2020-05-14 06:09:35'),
	(93, 95, 0, 'ไม่มีค่าปรับที่ต้องรับผิดชอบเองในช่วงก่อนหน้า 1 ธ.ค. 59', NULL, 1, '0', NULL, NULL, '2020-05-13 03:03:05', '2020-05-13 03:03:05'),
	(94, 49, 0, 'ขยายเวลา งดหรือลดค่าปรับเพิ่มเติมตามมติ ครม. จำนวน', NULL, 5, '0', 'วัน', NULL, '2020-05-13 07:54:43', '2020-05-15 07:30:04'),
	(95, 40, 0, 'โดยอยู่ในจังหวัด', NULL, 3, '5', 'พัทลุง,นราธิวาส,ยะลา,สงขลา,ปัตตานี,ตรัง,สุราษฎร์ธานี,นครศรีธรรมราช,ชุมพร,ระนอง,กระบี่,ประจวบคีรีขันธ์', NULL, '2020-05-13 07:56:45', '2020-06-05 03:50:59'),
	(96, 96, 0, 'เป็นสัญญาจ้างก่อสร้าง', 'งานก่อสร้าง หมายถึง งานก่อสร้างตามหลักทั่วไปที่มีกฎหมาย ระเบียบ มติคณะรัฐมนตรี  หรือหนังสือเวียนที่เกี่ยวข้องอ้างอิงได้ และยังให้หมายรวมถึงงานที่มีลักษณะของงาน ตามหนังสือ สำนักนายกรัฐมนตรี ที่ นร (กวพ) 1204/ว 1939 ลงวันที่ 24 กุมภาพันธ์ 2537 เรื่อง งานก่อสร้าง ตามระเบียบสำนักนายกรัฐมนตรีว่าด้วยการพัสดุ พ.ศ. 2535 โดย คณะกรรมการว่าด้วยการพัสดุ (กวพ.) ซ้อมความเข้าใจว่า “งานก่อสร้าง” หมายความรวมถึง (1) งานเคลื่อนย้ายอาคาร (2) งานดัดแปลง งานต่อเติม งานรื้อถอน และงานซ่อมแซม ซึ่งส่วนราชการมีความจำเป็นจะต้องมีการควบคุมดูแลการปฏิบัติงาน ของผู้รับจ้างตลอดเวลาดำเนินการตามความเหมาะสมด้วย', 1, '0', NULL, NULL, '2020-05-13 08:24:41', '2020-06-10 04:40:14'),
	(97, 97, 0, 'เป็นสัญญาจ้างก่อสร้างที่ดำเนินการอยู่ในพื้นที่ภาคใต้ 2 จังหวัด ข้างต้น', NULL, 1, '0', NULL, NULL, '2020-05-13 08:26:28', '2020-05-15 07:40:39'),
	(98, 97, 0, 'โดยอยู่ในจังหวัด', NULL, 3, '5', 'พังงา,ภูเก็ต', NULL, '2020-05-13 08:27:45', '2020-06-05 03:51:26'),
	(99, 100, 0, 'ลงนามก่อน 1 ธ.ค. 59', NULL, 3, '2', '2016-11-30', NULL, '2020-05-13 08:30:42', '2020-05-14 03:15:56'),
	(100, 101, 0, 'ลงนามระหว่าง 1 ธ.ค. 59 - 12 ก.พ. 60', NULL, 3, '3', '2016-12-01', '2017-02-12', '2020-05-13 08:31:54', '2020-05-13 08:31:54'),
	(101, 103, 0, 'อยู่ในหลักเกณฑ์/เงื่อนไข ตามข้อ 4.1', NULL, 1, '0', NULL, NULL, '2020-05-13 08:33:17', '2020-05-14 04:12:00'),
	(102, 103, 0, 'ส่งมอบงานงวดสุดท้ายเมื่อวันที่', NULL, 3, '4', '2017-02-12', NULL, '2020-05-13 08:33:32', '2020-05-14 03:12:56'),
	(103, 104, 0, 'อยู่ในหลักเกณฑ์/เงื่อน ตามข้อ 4.2', NULL, 1, '0', NULL, NULL, '2020-05-13 08:34:31', '2020-05-14 04:12:22'),
	(104, 104, 0, 'ส่งมอบงานงวดสุดท้ายเมื่อวันที่', NULL, 3, '3', '2016-12-01', '2017-02-12', '2020-05-13 08:34:43', '2020-05-14 03:13:31'),
	(105, 106, 0, 'ไม่มีค่าปรับที่ต้องรับผิดชอบเองในช่วงก่อนหน้าวันที่ 1 ธ.ค. 59', NULL, 1, '0', NULL, NULL, '2020-05-14 02:48:27', '2020-05-15 08:12:07'),
	(106, 107, 0, 'รับผิดชอบค่าปรับเอง จำนวน', NULL, 5, '0', 'วัน', NULL, '2020-05-14 02:49:07', '2020-06-10 04:44:42'),
	(107, 107, 0, 'ตั้งแต่วันที่', NULL, 3, '2', '2016-11-30', NULL, '2020-05-14 02:50:54', '2020-05-14 02:50:54'),
	(108, 107, 0, 'ถึงวันที่', NULL, 3, '2', '2016-11-30', NULL, '2020-05-14 02:51:18', '2020-05-14 03:21:18'),
	(109, 109, 0, 'ขยายเวลา งดหรือลดค่าปรับให้ จำนวน', NULL, 3, '1', '70', NULL, '2020-05-14 02:53:44', '2020-05-19 07:36:02'),
	(110, 109, 0, 'ตั้งแต่วันที่', NULL, 3, '4', '2016-11-30', NULL, '2020-05-14 02:54:06', '2020-05-14 03:08:44'),
	(111, 110, 0, 'ขยายเวลา งดหรือลดค่าปรับให้ตามระเบียบพัสดุฯ แล้ว จำนวน', NULL, 5, '0', 'วัน', NULL, '2020-05-14 02:55:30', '2020-06-10 04:45:25'),
	(112, 110, 0, 'ขยายเวลา งดหรือลดค่าปรับเพิ่มเติมตามมติ ครม. จำนวน', NULL, 3, '1', '70', NULL, '2020-05-14 02:56:25', '2020-05-15 08:08:26'),
	(113, 49, 0, 'ตั้งแต่วันที่', NULL, 3, '4', '2016-11-30', NULL, '2020-05-14 02:56:40', '2020-05-14 06:04:23'),
	(115, 111, 0, 'ยื่นคำขอภายในวันที่ 9 ต.ค. 60', NULL, 1, '0', NULL, NULL, '2020-05-14 02:58:02', '2020-06-10 04:42:26'),
	(116, 110, 0, 'ตั้งแต่วันที่', NULL, 3, '4', '2016-11-30', NULL, '2020-05-14 03:07:18', '2020-05-14 03:07:18'),
	(117, 110, 0, 'ถึงวันที่', NULL, 3, '4', '2016-11-30', NULL, '2020-05-14 03:07:36', '2020-05-14 03:07:36'),
	(118, 109, 0, 'ถึงวันที่', NULL, 3, '4', '2016-11-30', NULL, '2020-05-14 03:09:02', '2020-05-14 03:09:02'),
	(119, 48, 0, 'ถึงวันที่', NULL, 3, '4', '2016-11-30', NULL, '2020-05-14 06:03:38', '2020-05-14 06:03:38'),
	(120, 49, 0, 'ถึงวันที่', NULL, 3, '4', '2016-11-30', NULL, '2020-05-14 06:04:40', '2020-05-14 06:04:40'),
	(121, 112, 0, 'รับผิดชอบค่าปรับเอง จำนวน', NULL, 5, '0', 'วัน', NULL, '2020-05-14 06:06:19', '2020-06-10 04:33:24'),
	(122, 112, 0, 'ตั้งแต่วันที่', NULL, 3, '2', '2016-11-30', NULL, '2020-05-14 06:06:50', '2020-05-14 06:06:50'),
	(123, 112, 0, 'ถึงวันที่', NULL, 3, '2', '2016-11-30', NULL, '2020-05-14 06:07:10', '2020-05-14 06:07:10'),
	(124, 113, 0, 'เป็นสัญญาจ้างก่อสร้าง', 'งานก่อสร้าง หมายถึง งานก่อสร้างตามหลักทั่วไปที่มีกฎหมาย ระเบียบ มติคณะรัฐมนตรี  หรือหนังสือเวียนที่เกี่ยวข้องอ้างอิงได้ และยังให้หมายรวมถึงงานที่มีลักษณะของงาน ตามหนังสือ สำนักนายกรัฐมนตรี ที่ นร (กวพ) 1204/ว 1939 ลงวันที่ 24 กุมภาพันธ์ 2537 เรื่อง งานก่อสร้าง ตามระเบียบสำนักนายกรัฐมนตรีว่าด้วยการพัสดุ พ.ศ. 2535 โดย คณะกรรมการว่าด้วยการพัสดุ (กวพ.) ซ้อมความเข้าใจว่า “งานก่อสร้าง” หมายความรวมถึง (1) งานเคลื่อนย้ายอาคาร (2) งานดัดแปลง งานต่อเติม งานรื้อถอน และงานซ่อมแซม ซึ่งส่วนราชการมีความจำเป็นจะต้องมีการควบคุมดูแลการปฏิบัติงาน ของผู้รับจ้างตลอดเวลาดำเนินการตามความเหมาะสมด้วย', 1, '0', NULL, NULL, '2020-05-14 06:46:12', '2020-06-10 03:22:05'),
	(125, 115, 0, 'ลงนามก่อน 1 ม.ค. 56', NULL, 3, '2', '2012-12-31', NULL, '2020-05-14 06:48:39', '2020-05-14 06:48:39'),
	(126, 116, 0, 'ลงนามระหว่าง 1 ม.ค. 56 - 22 เม.ย. 56', NULL, 3, '3', '2013-01-01', '2013-04-22', '2020-05-15 06:55:18', '2020-05-15 07:04:29'),
	(127, 118, 0, 'อยู่ในหลักเกณฑ์/เงื่อนไข ตามข้อ 3.1', NULL, 1, '0', NULL, NULL, '2020-05-15 07:03:12', '2020-05-15 07:03:12'),
	(128, 118, 0, 'ส่งมอบงานงวดสุดท้ายเมื่อวันที่', NULL, 3, '4', '2013-04-22', NULL, '2020-05-15 07:04:08', '2020-05-15 07:04:08'),
	(129, 119, 0, 'อยู่ในหลักเกณฑ์/เงื่อนไข ตามข้อ 3.2', NULL, 1, '0', NULL, NULL, '2020-05-15 07:06:01', '2020-05-15 07:06:01'),
	(130, 119, 0, 'ส่งมอบงานงวดสุดท้ายเมื่อวันที่', NULL, 3, '3', '2013-01-01', '2013-04-22', '2020-05-15 07:06:41', '2020-05-15 07:06:41'),
	(131, 121, 0, 'ไม่มีค่าปรับที่ต้องรับผิดชอบเองในช่วงก่อนหน้าวันที่ 1 ม.ค. 56', NULL, 1, '0', NULL, NULL, '2020-05-15 07:08:39', '2020-05-15 08:18:08'),
	(132, 122, 0, 'รับผิดชอบค่าปรับเอง จำนวน', NULL, 5, '0', 'วัน', NULL, '2020-05-15 07:09:22', '2020-06-10 02:25:58'),
	(133, 122, 0, 'ตั้งแต่วันที่', NULL, 3, '2', '2012-12-31', NULL, '2020-05-15 07:09:56', '2020-05-15 07:09:56'),
	(134, 122, 0, 'ถึงวันที่', NULL, 3, '2', '2012-12-31', NULL, '2020-05-15 07:10:44', '2020-05-15 07:10:44'),
	(135, 124, 0, 'ขยายเวลา งดหรือลดค่าปรับให้ จำนวน', NULL, 3, '1', '150', NULL, '2020-05-15 07:14:34', '2020-05-19 07:35:24'),
	(136, 124, 0, 'ตั้งแต่วันที่', NULL, 3, '4', '2012-12-31', NULL, '2020-05-15 07:15:01', '2020-05-15 07:15:39'),
	(137, 124, 0, 'ถึงวันที่', NULL, 3, '4', '2012-12-31', NULL, '2020-05-15 07:15:26', '2020-05-15 07:15:26'),
	(138, 125, 0, 'ขยายเวลา งดหรือลดค่าปรับให้ จำนวน', NULL, 3, '1', '150', NULL, '2020-05-15 07:18:15', '2020-05-15 07:18:31'),
	(139, 125, 0, 'ตั้งแต่วันที่', NULL, 3, '4', '2012-12-31', NULL, '2020-05-15 07:18:51', '2020-05-15 07:18:51'),
	(140, 125, 0, 'ถึงวันที่', NULL, 3, '4', '2012-12-31', NULL, '2020-05-15 07:19:07', '2020-05-15 07:19:07'),
	(141, 126, 0, 'ยื่นขอภายในวันที่ 24 ม.ค. 57', NULL, 1, '0', NULL, NULL, '2020-05-15 07:23:59', '2020-06-10 03:29:40'),
	(142, 66, 0, 'ส่งมอบงานงวดสุดท้ายเมื่อวันที่', NULL, 3, '4', '2017-02-12', NULL, '2020-05-15 07:45:30', '2020-05-15 07:45:30'),
	(143, 67, 0, 'ส่งมอบงานงวดสุดท้ายเมื่อวันที่', NULL, 3, '3', '2016-12-01', '2017-02-12', '2020-05-15 07:47:06', '2020-05-15 07:47:06'),
	(144, 128, 0, 'ไม่มีค่าปรับที่ต้องรับผิดชอบเองในช่วงก่อนหน้าวันที่ 1 ธ.ค. 59', NULL, 1, '0', NULL, NULL, '2020-05-15 08:02:13', '2020-05-15 08:11:38'),
	(145, 129, 0, 'รับผิดชอบค่าปรับเอง จำนวน', NULL, 5, '0', 'วัน', NULL, '2020-05-15 08:02:44', '2020-06-10 04:47:39'),
	(146, 129, 0, 'ตั้งแต่วันที่', NULL, 3, '2', '2016-11-30', NULL, '2020-05-15 08:03:14', '2020-05-15 08:03:14'),
	(147, 129, 0, 'ถึงวันที่', NULL, 3, '2', '2016-11-30', NULL, '2020-05-15 08:03:39', '2020-05-15 08:03:39'),
	(148, 130, 0, 'ขยายเวลา งดหรือลดค่าปรับ ให้จำนวน', NULL, 3, '1', '70', NULL, '2020-05-15 08:05:28', '2020-05-15 08:05:28'),
	(149, 130, 0, 'ตั้งแต่วันที่', NULL, 3, '4', '2016-11-30', NULL, '2020-05-15 08:05:59', '2020-05-15 08:05:59'),
	(150, 130, 0, 'ถึงวันที่', NULL, 3, '4', '2016-11-30', NULL, '2020-05-15 08:06:24', '2020-05-15 08:06:24'),
	(151, 131, 0, 'ขยายเวลา งดหรือลดค่าปรับให้ตามระเบียบพัสดุฯ แล้ว จำนวน', NULL, 5, '0', 'วัน', NULL, '2020-05-15 08:07:31', '2020-06-10 04:48:15'),
	(152, 131, 0, 'ขยายเวลา งดหรือลดค่าปรับเพิ่มเติมตามมติ ครม. จำนวน', NULL, 3, '1', '70', NULL, '2020-05-15 08:08:10', '2020-05-15 08:08:10'),
	(153, 131, 0, 'ตั้งแต่วันที่', NULL, 3, '4', '2016-11-30', NULL, '2020-05-15 08:09:00', '2020-05-15 08:09:00'),
	(154, 131, 0, 'ถึงวันที่', NULL, 3, '4', '2016-11-30', NULL, '2020-05-15 08:09:37', '2020-05-15 08:09:37'),
	(155, 52, 0, 'ลงนามในสัญญาในช่วงเวลาดังกล่าว', NULL, 1, '0', NULL, NULL, '2020-05-19 07:07:57', '2020-05-19 07:07:57'),
	(156, 52, 0, 'โดยลงนามในสัญญาวันที่', NULL, 3, '3', '2013-04-23', '2013-11-25', '2020-05-19 07:09:18', '2020-05-19 07:09:18'),
	(157, 54, 0, 'ส่งมอบงานงวดสุดท้ายเมื่อวันที่', NULL, 3, '4', '2016-09-06', NULL, '2020-05-19 07:17:43', '2020-05-19 07:17:43'),
	(158, 55, 0, 'ส่งมอบงานงวดสุดท้ายเมื่อวันที่', NULL, 3, '2', '2016-09-06', NULL, '2020-05-19 07:21:47', '2020-05-19 07:21:47'),
	(159, 56, 0, 'ตั้งแต่วันที่', NULL, 3, '4', '2013-04-23', NULL, '2020-05-19 07:25:31', '2020-05-19 07:25:31'),
	(160, 56, 0, 'ถึงวันที่', NULL, 3, '4', '2013-04-23', NULL, '2020-05-19 07:25:53', '2020-05-19 07:25:53'),
	(161, 72, 0, 'โดยอนุมัติงดหรือลดค่าปรับ หรือขยายเวลาให้ จำนวน', NULL, 5, '0', 'วัน', NULL, '2020-05-19 07:47:09', '2020-06-10 03:44:00'),
	(162, 72, 0, 'ตั้งแต่วันที่', NULL, 4, '0', NULL, NULL, '2020-05-19 07:47:21', '2020-05-19 07:47:21'),
	(163, 72, 0, 'ถึงวันที่', NULL, 4, '0', NULL, NULL, '2020-05-19 07:47:42', '2020-05-19 07:47:42'),
	(168, 74, 0, 'โดยอนุมัติงดหรือลดค่าปรับ หรือขยายเวลาให้ จำนวน', NULL, 5, '0', 'วัน', NULL, '2020-05-19 07:49:41', '2020-06-10 03:44:35'),
	(169, 74, 0, 'ตั้งแต่วันที่', NULL, 4, '0', NULL, NULL, '2020-05-19 07:49:49', '2020-05-19 07:56:29'),
	(170, 70, 0, 'ข้อใด', NULL, 2, '0', NULL, NULL, '2020-05-19 07:51:39', '2020-06-10 03:37:31'),
	(171, 73, 0, 'วันที่เหตุปัญหาอุปสรรคสิ้นสุด และวันที่หนังสือผู้รับจ้างแจ้งเหตุสิ้นสุด', 'กรณี (2) เหตุสุดวิสัย หรือ (3) เหตุเกิดจากพฤติการณ์\nอันหนึ่งอันใดที่คู่สัญญาไม่ต้องรับผิดตามกฎหมาย \nคู่สัญญาต้องแจ้งเหตุดังกล่าว ให้ส่วนราชการทราบภายใน 15 วัน \nนับแต่เหตุนั้นได้สิ้นสุดลง หากข้อเท็จจริงปรากฏว่าคู่สัญญาไม่มีการ\nแจ้งภายใน 15 วัน นับแต่เหตุนั้นได้สิ้นสุดลง โปรดดำเนินการตรวจสอบ\nและทบทวนการอนุมัติงดหรือลดค่าปรับ หรือขยายเวลาดังกล่าวให้ถูกต้อง\nตาม พรบ. ระเบียบ ข้อบังคับ หรือข้อบัญญัติของหน่วยงานก่อน\nขอทำความตกลงกับกรมบัญชีกลาง', 3, '6', '15', NULL, '2020-05-19 07:54:17', '2020-06-15 08:11:15'),
	(173, 73, 0, 'โดยอนุมัติงดหรือลดค่าปรับ หรือขยายเวลาให้ จำนวน', NULL, 5, '0', 'วัน', NULL, '2020-05-19 07:54:47', '2020-06-10 03:44:22'),
	(174, 73, 0, 'ตั้งแต่วันที่', NULL, 4, '0', NULL, NULL, '2020-05-19 07:54:56', '2020-05-19 07:54:56'),
	(175, 73, 0, 'ถึงวันที่', NULL, 4, '0', NULL, NULL, '2020-05-19 07:55:04', '2020-05-19 07:55:04'),
	(176, 74, 0, 'ถึงวันที่', NULL, 4, '0', NULL, NULL, '2020-05-19 07:56:35', '2020-05-19 07:56:35'),
	(177, 132, 0, 'เป็นการให้ความช่วยเหลือผู้ประกอบการก่อสร้างเท่านั้น', 'งานก่อสร้าง หมายถึง งานก่อสร้างตามหลักทั่วไปที่มีกฎหมาย ระเบียบ มติคณะรัฐมนตรี  หรือหนังสือเวียนที่เกี่ยวข้องอ้างอิงได้ และยังให้หมายรวมถึงงานที่มีลักษณะของงาน ตามหนังสือ สำนักนายกรัฐมนตรี ที่ นร (กวพ) 1204/ว 1939 ลงวันที่ 24 กุมภาพันธ์ 2537 เรื่อง งานก่อสร้าง ตามระเบียบสำนักนายกรัฐมนตรีว่าด้วยการพัสดุ พ.ศ. 2535 โดย คณะกรรมการว่าด้วยการพัสดุ (กวพ.) ซ้อมความเข้าใจว่า “งานก่อสร้าง” หมายความรวมถึง (1) งานเคลื่อนย้ายอาคาร (2) งานดัดแปลง งานต่อเติม งานรื้อถอน และงานซ่อมแซม ซึ่งส่วนราชการมีความจำเป็นจะต้องมีการควบคุมดูแลการปฏิบัติงาน ของผู้รับจ้างตลอดเวลาดำเนินการตามความเหมาะสมด้วย', 1, '0', NULL, NULL, '2020-05-19 08:00:25', '2020-06-10 04:18:53'),
	(178, 133, 0, 'เป็นไปตามหลักเกณฑ์และเงื่อนไขดังกล่าว', NULL, 1, '0', NULL, NULL, '2020-05-19 08:03:59', '2020-05-19 08:03:59'),
	(179, 133, 0, 'โดยอนุมัติงดหรือลดค่าปรับให้ จำนวน', NULL, 2, '0', NULL, NULL, '2020-05-19 08:06:37', '2020-05-19 08:06:37'),
	(180, 133, 0, 'ตั้งแต่วันที่', NULL, 4, '0', NULL, NULL, '2020-05-19 08:06:46', '2020-05-19 08:06:46'),
	(181, 133, 0, 'ถึงวันที่', NULL, 4, '0', NULL, NULL, '2020-05-19 08:06:55', '2020-05-19 08:06:55'),
	(182, 134, 0, 'ไม่เคยได้รับความช่วยเหลือตามมติคณะรัฐมนตรีเมื่อวันที่ 18 พฤศจิกายน 2557 (ว 141)', NULL, 1, '0', NULL, NULL, '2020-05-19 08:07:33', '2020-05-19 08:08:04'),
	(183, 136, 0, 'อยู่ในหลักเกณฑ์/เงื่อนไข ตามข้อ 4.1', NULL, 1, '0', NULL, NULL, '2020-05-19 08:11:34', '2020-05-19 08:11:34'),
	(184, 136, 0, 'ส่งมอบงานงวดสุดท้ายเมื่อวันที่', NULL, 3, '4', '2016-09-06', NULL, '2020-05-19 08:12:20', '2020-05-19 08:12:20'),
	(185, 137, 0, 'อยู่ในหลักเกณฑ์/เงื่อนไข ข้อ 4.2', NULL, 1, '0', NULL, NULL, '2020-05-19 08:13:15', '2020-05-19 08:13:15'),
	(186, 137, 0, 'ส่งมอบงานงวดสุดท้ายเมื่อวันที่', NULL, 3, '2', '2016-09-06', NULL, '2020-05-19 08:13:38', '2020-05-22 02:29:01'),
	(187, 138, 0, 'งดหรือลดค่าปรับให้ จำนวน', NULL, 3, '1', '150', NULL, '2020-05-19 08:14:56', '2020-05-19 08:14:56'),
	(188, 138, 0, 'ตั้งแต่วันที่', NULL, 3, '4', '2013-01-01', NULL, '2020-05-19 08:15:10', '2020-05-19 08:15:52'),
	(189, 138, 0, 'ถึงวันที่', NULL, 3, '4', '2013-01-01', NULL, '2020-05-19 08:15:18', '2020-05-19 08:16:05'),
	(190, 140, 0, 'ยื่นคำร้องขอพร้อมส่งมอบงานงวดสุดท้าย', NULL, 1, '0', NULL, NULL, '2020-05-19 08:18:32', '2020-06-10 04:23:34'),
	(191, 141, 0, 'ยื่นคำร้องขอภายในวันที่ 7 พ.ย. 59', NULL, 1, '0', NULL, NULL, '2020-05-19 08:19:59', '2020-06-10 04:24:02'),
	(192, 143, 0, 'เป็นสัญญาจ้าง', NULL, 1, '0', NULL, NULL, '2020-05-25 07:05:46', '2020-05-25 07:05:46'),
	(193, 144, 0, 'เป็นสัญญาซื้อขาย', NULL, 1, '0', NULL, NULL, '2020-05-25 07:06:26', '2020-05-25 07:06:26'),
	(194, 145, 0, 'ได้รับผลกระทบในช่วงดังกล่าว', NULL, 1, '0', NULL, NULL, '2020-05-25 07:08:38', '2020-05-26 06:00:33'),
	(195, 147, 0, 'ลงนามก่อน 25 ก.ค. 54 โดยลงนามวันที่', NULL, 3, '2', '2011-07-25', NULL, '2020-05-25 07:18:29', '2020-05-25 08:17:06'),
	(196, 148, 0, 'ลงนามระหว่างวันที่ 25 ก.ค. 54 - 16 ม.ค. 55 โดยลงนามวันที่', NULL, 3, '3', '2011-07-25', '2012-01-16', '2020-05-25 07:20:10', '2020-05-25 08:17:32'),
	(197, 150, 0, 'อยู่ในหลักเกณฑ์/เงื่อนไข ตามข้อ 4.1', NULL, 1, '0', NULL, NULL, '2020-05-25 07:24:09', '2020-05-25 07:24:09'),
	(198, 150, 0, 'ส่งมอบงานงวดสุดท้ายเมื่อวันที่', NULL, 3, '4', '2012-01-16', NULL, '2020-05-25 07:24:47', '2020-05-25 07:24:47'),
	(199, 151, 0, 'อยู่ในหลักเกณฑ์/เงื่อนไข ตามข้อ 4.2', NULL, 1, '0', NULL, NULL, '2020-05-25 07:25:55', '2020-05-25 07:25:55'),
	(200, 151, 0, 'ส่งมอบงานงวดสุดท้ายเมื่อวันที่', NULL, 3, '3', '2011-07-25', '2012-01-16', '2020-05-25 07:26:32', '2020-05-25 07:26:32'),
	(201, 153, 0, 'ไม่มีค่าปรับที่ต้องรับผิดชอบเองในช่วงก่อนหน้า 25 ก.ค. 54', NULL, 1, '0', NULL, NULL, '2020-05-25 07:32:49', '2020-05-25 07:32:49'),
	(202, 154, 0, 'รับผิดชอบค่าปรับเอง จำนวน', NULL, 5, '0', 'วัน', NULL, '2020-05-25 07:33:31', '2020-06-10 02:20:54'),
	(203, 154, 0, 'ตั้งแต่วันที่', NULL, 3, '2', '2011-07-25', NULL, '2020-05-25 07:34:02', '2020-05-25 07:34:02'),
	(204, 154, 0, 'ถึงวันที่', NULL, 3, '2', '2011-07-25', NULL, '2020-05-25 07:34:20', '2020-05-25 07:34:20'),
	(205, 156, 0, 'ขยายเวลา งดหรือลดค่าปรับให้ จำนวน', NULL, 3, '1', '180', NULL, '2020-05-25 07:36:46', '2020-05-25 07:36:46'),
	(206, 156, 0, 'ตั้งแต่วันที่', NULL, 3, '4', '2011-07-25', NULL, '2020-05-25 07:37:47', '2020-05-25 07:37:47'),
	(207, 156, 0, 'ถึงวันที่', NULL, 3, '4', '2011-07-25', NULL, '2020-05-25 07:38:07', '2020-05-25 07:38:07'),
	(208, 157, 0, 'ขยายเวลา งดหรือลดค่าปรับให้ตามระเบียบพัสดุฯ แล้ว จำนวน', NULL, 3, '1', '180', NULL, '2020-05-25 07:39:02', '2020-05-25 08:25:00'),
	(209, 157, 0, 'ขยายเวลา งดหรือลดค่าปรับเพิ่มเติมตามมติ ครม. จำนวน', NULL, 3, '1', '180', NULL, '2020-05-25 07:39:20', '2020-05-25 08:22:57'),
	(210, 157, 0, 'ตั้งแต่วันที่', NULL, 3, '4', '2011-07-25', NULL, '2020-05-25 07:39:37', '2020-05-25 08:23:08'),
	(211, 158, 0, 'ขยายเวลา งดหรือลดค่าปรับให้ จำนวน', NULL, 3, '1', '120', NULL, '2020-05-25 07:59:39', '2020-05-25 07:59:39'),
	(212, 158, 0, 'ตั้งแต่วันที่', NULL, 3, '4', '2011-07-25', NULL, '2020-05-25 07:59:56', '2020-05-25 07:59:56'),
	(213, 158, 0, 'ถึงวันที่', NULL, 3, '4', '2011-07-25', NULL, '2020-05-25 08:00:14', '2020-05-25 08:00:14'),
	(214, 159, 0, 'ขยายเวลา งดหรือลดค่าปรับให้ตามระเบียบพัสดุฯ แล้ว จำนวน', NULL, 3, '1', '120', NULL, '2020-05-25 08:01:02', '2020-05-25 08:24:01'),
	(215, 159, 0, 'ขยายเวลา งดหรือลดค่าปรับเพิ่มเติมตามมติ ครม. จำนวน', NULL, 3, '1', '120', NULL, '2020-05-25 08:01:18', '2020-05-25 08:24:15'),
	(216, 159, 0, 'ตั้งแต่วันที่', NULL, 3, '4', '2011-07-25', NULL, '2020-05-25 08:01:35', '2020-05-25 08:24:25'),
	(217, 160, 0, 'ยื่นคำขอภายในวันที่ 8 พ.ค. 55', NULL, 1, '0', NULL, NULL, '2020-05-25 08:04:05', '2020-06-10 03:06:29'),
	(218, 157, 0, 'ถึงวันที่', NULL, 3, '4', '2011-07-25', NULL, '2020-05-25 08:23:23', '2020-05-25 08:23:23'),
	(219, 159, 0, 'ถึงวันที่', NULL, 3, '4', '2011-07-25', NULL, '2020-05-25 08:24:41', '2020-05-25 08:24:41'),
	(220, 161, 0, 'เป็นสัญญาจ้างก่อสร้าง', 'งานก่อสร้าง หมายถึง งานก่อสร้างตามหลักทั่วไปที่มีกฎหมาย ระเบียบ มติคณะรัฐมนตรี หรือหนังสือเวียนที่เกี่ยวข้องอ้างอิงได้', 1, '0', NULL, NULL, '2020-05-26 05:59:11', '2020-05-26 05:59:11'),
	(221, 162, 0, 'ได้รับผลกระทบในช่วงดังกล่าว', NULL, 1, '0', NULL, NULL, '2020-05-26 06:00:19', '2020-05-26 06:00:19'),
	(222, 163, 0, 'เป็นสัญญาจ้างก่อสร้างที่ดำเนินการอยู่ในพื้นที่ภาคใต้ 10 จังหวัด ข้างต้น', NULL, 1, '0', NULL, NULL, '2020-05-26 06:03:17', '2020-06-10 03:10:58'),
	(223, 163, 0, 'โดยอยู่ในจังหวัด', NULL, 3, '5', 'สุราษฎร์ธานี,นครศรีธรรมราช,พัทลุง,ตรัง,สงขลา,กระบี่,ชุมพร,พังงา,นราธิวาส,สตูล', NULL, '2020-05-26 06:03:31', '2020-06-05 03:50:18'),
	(224, 165, 0, 'ลงนามก่อน 23 มี.ค. 54 โดยลงนามวันที่', NULL, 3, '2', '2011-03-23', NULL, '2020-05-26 06:06:00', '2020-05-26 06:06:00'),
	(225, 166, 0, 'ลงนามระหว่างวันที่ 23 มี.ค. 54 - 18 เม.ย. 54 โดยลงนามวันที่', NULL, 3, '3', '2011-03-23', '2011-04-18', '2020-05-26 06:07:48', '2020-05-26 06:07:48'),
	(226, 168, 0, 'อยู่ในหลักเกณฑ์/เงื่อนไข ตามข้อ 5.1', NULL, 1, '0', NULL, NULL, '2020-05-26 06:10:10', '2020-05-26 06:10:10'),
	(227, 168, 0, 'ส่งมอบงานงวดสุดท้ายเมื่อวันที่', NULL, 3, '4', '2011-04-18', NULL, '2020-05-26 06:11:01', '2020-05-26 06:11:01'),
	(228, 169, 0, 'อยู่ในหลักเกณฑ์/เงื่อนไข ตามข้อ 5.2', NULL, 1, '0', NULL, NULL, '2020-05-26 06:12:30', '2020-05-26 06:12:39'),
	(229, 169, 0, 'ส่งมอบงานงวดสุดท้ายเมื่อวันที่', NULL, 3, '3', '2011-03-23', '2011-04-18', '2020-05-26 06:13:24', '2020-05-26 06:13:24'),
	(230, 171, 0, 'ไม่มีค่าปรับที่ต้องรับผิดชอบเองในช่วงก่อนหน้า 23 มี.ค. 54', NULL, 1, '0', NULL, NULL, '2020-05-26 06:21:15', '2020-05-26 06:21:15'),
	(231, 172, 0, 'รับผิดชอบค่าปรับเอง จำนวน', NULL, 5, '0', 'วัน', NULL, '2020-05-26 06:22:33', '2020-06-10 02:25:08'),
	(232, 172, 0, 'ตั้งแต่วันที่', NULL, 3, '2', '2011-03-23', NULL, '2020-05-26 06:22:56', '2020-05-26 06:22:56'),
	(233, 172, 0, 'ถึงวันที่', NULL, 3, '2', '2011-03-23', NULL, '2020-05-26 06:23:17', '2020-05-26 06:23:17'),
	(234, 174, 0, 'ขยายเวลา งดหรือลดค่าปรับให้ จำนวน', NULL, 3, '1', '180', NULL, '2020-05-26 06:25:23', '2020-05-26 06:25:23'),
	(235, 174, 0, 'ตั้งแต่วันที่', NULL, 3, '4', '2011-03-23', NULL, '2020-05-26 06:25:53', '2020-05-26 06:25:53'),
	(236, 174, 0, 'ถึงวันที่', NULL, 3, '4', '2011-03-23', NULL, '2020-05-26 06:26:10', '2020-05-26 06:26:10'),
	(237, 175, 0, 'ขยายเวลา งดหรือลดค่าปรับให้ตามระเบียบพัสดุฯ แล้ว จำนวน', NULL, 3, '1', '180', NULL, '2020-05-26 06:26:59', '2020-05-26 06:26:59'),
	(238, 175, 0, 'ขยายเวลา งดหรือลดค่าปรับเพิ่มเติมตามมติ ครม. จำนวน', NULL, 3, '1', '180', NULL, '2020-05-26 06:27:19', '2020-05-26 06:27:19'),
	(239, 175, 0, 'ตั้งแต่วันที่', NULL, 3, '4', '2011-03-23', NULL, '2020-05-26 06:27:35', '2020-05-26 06:27:35'),
	(240, 175, 0, 'ถึงวันที่', NULL, 3, '4', '2011-03-23', NULL, '2020-05-26 06:27:55', '2020-05-26 06:27:55'),
	(241, 176, 0, 'ยื่นคำขอภายในวันที่ 8 พ.ค. 55', NULL, 1, '0', NULL, NULL, '2020-05-26 06:32:13', '2020-06-10 03:19:08'),
	(242, 177, 0, 'ได้รับความช่วยเหลือตาม ว 208 มาแล้ว', NULL, 1, '0', NULL, NULL, '2020-06-04 06:58:46', '2020-06-04 06:58:46'),
	(243, 178, 0, 'อยู่ในหลักเกณฑ์/เงื่อนไขดังกล่าว', NULL, 1, '0', NULL, NULL, '2020-06-04 07:03:51', '2020-06-04 07:03:51'),
	(244, 177, 0, 'โดยได้รับการงดหรือลดค่าปรับ หรือขยายเวลา ตั้งแต่วันที่', NULL, 3, '4', '2013-01-01', NULL, '2020-06-04 07:06:17', '2020-06-10 04:01:29'),
	(245, 177, 0, 'ถึงวันที่', NULL, 3, '4', '2013-01-01', NULL, '2020-06-04 07:06:57', '2020-06-04 07:06:57'),
	(246, 178, 0, 'โดย', NULL, 3, '7', '150', NULL, '2020-06-04 07:08:11', '2020-06-16 06:16:28'),
	(247, 179, 0, 'งดหรือลดค่าปรับให้ จำนวน', NULL, 3, '1', '150', NULL, '2020-06-04 07:13:03', '2020-06-04 07:13:03'),
	(248, 179, 0, 'ตั้งแต่วันที่', NULL, 3, '4', '2013-01-01', NULL, '2020-06-04 07:13:54', '2020-06-04 07:13:54'),
	(249, 179, 0, 'ถึงวันที่', NULL, 3, '4', '2013-01-01', NULL, '2020-06-04 07:14:11', '2020-06-04 07:14:11'),
	(250, 180, 0, 'ยื่นคำร้องขอภายในวันที่ 19 ม.ค. 58', NULL, 1, '0', NULL, NULL, '2020-06-04 07:27:14', '2020-06-10 04:16:22'),
	(251, 181, 0, 'ได้รับผลกระทบในช่วงดังกล่าว', NULL, 1, '0', NULL, NULL, '2020-06-05 04:04:07', '2020-06-05 04:04:07'),
	(252, 181, 0, 'โดยได้รับผลกระทบ ตั้งแต่วันที่', NULL, 3, '3', '2013-11-01', '2014-05-31', '2020-06-05 04:05:48', '2020-06-05 04:06:49'),
	(253, 181, 0, 'ถึงวันที่', NULL, 3, '3', '2013-11-01', '2014-05-31', '2020-06-05 04:06:30', '2020-06-05 04:06:30'),
	(254, 182, 0, 'อยู่ในหลักเกณฑ์/เงื่อนไข ดังกล่าว', NULL, 1, '0', NULL, NULL, '2020-06-05 04:09:06', '2020-06-05 04:09:06'),
	(255, 183, 0, 'โดยอนุมัติงดหรือลดค่าปรับ หรือขยายเวลาให้ จำนวน', NULL, 3, '1', '210', NULL, '2020-06-05 04:13:58', '2020-06-10 04:58:05'),
	(256, 183, 0, 'ตั้งแต่วันที่', NULL, 4, '0', NULL, NULL, '2020-06-05 04:14:08', '2020-06-05 04:14:08'),
	(257, 183, 0, 'ถึงวันที่', NULL, 4, '0', NULL, NULL, '2020-06-05 04:14:17', '2020-06-05 04:14:17'),
	(258, 185, 0, 'ยื่นคำขอตามหนังสือดังกล่าว', NULL, 1, '0', NULL, NULL, '2020-06-05 04:20:16', '2020-06-05 04:26:52'),
	(259, 186, 0, 'โดยยื่นคำขอภายใน 60 วัน นับถัดจากวันที่ออกหนังสือดังกล่าว (ภายในวันที่ 19 ต.ค. 58)', NULL, 1, '0', NULL, NULL, '2020-06-05 04:25:26', '2020-06-10 05:01:12'),
	(260, 186, 0, 'โดยหน่วยงานรับเรื่องวันที่', NULL, 3, '3', '2015-08-20', '2015-10-19', '2020-06-05 04:26:25', '2020-06-05 04:26:25'),
	(261, 185, 0, 'โดยหน่วยงานรับเรื่องวันที่', NULL, 3, '4', '2015-05-06', NULL, '2020-06-05 04:27:21', '2020-06-05 04:27:21'),
	(262, 160, 0, 'โดยหน่วยงานรับเรื่องวันที่', NULL, 3, '3', '2012-03-08', '2012-05-08', '2020-06-10 03:07:37', '2020-06-10 03:07:37'),
	(263, 176, 0, 'โดยหน่วยงานรับเรื่องวันที่', NULL, 3, '3', '2012-03-08', '2012-05-08', '2020-06-10 03:19:35', '2020-06-10 03:19:35'),
	(264, 126, 0, 'โดยหน่วยงานรับเรื่องวันที่', NULL, 3, '3', '2013-11-27', '2014-01-24', '2020-06-10 03:30:16', '2020-06-10 03:30:16'),
	(265, 180, 0, 'โดยหน่วยงานรับเรื่องวันที่', NULL, 3, '3', '2014-11-21', '2015-01-19', '2020-06-10 04:17:14', '2020-06-10 04:17:14'),
	(266, 140, 0, 'โดยหน่วยงานรับเรื่องวันที่', NULL, 4, '0', NULL, NULL, '2020-06-10 04:23:48', '2020-06-10 04:23:48'),
	(267, 141, 0, 'โดยหน่วยงานรับเรื่องวันที่', NULL, 3, '3', '2016-09-07', '2016-11-07', '2020-06-10 04:24:38', '2020-06-10 04:24:38'),
	(268, 58, 0, 'โดยหน่วยงานรับเรื่องวันที่', NULL, 4, '0', NULL, NULL, '2020-06-10 04:28:00', '2020-06-10 04:28:00'),
	(269, 59, 0, 'โดยหน่วยงานรับเรื่องวันที่', NULL, 3, '3', '2016-09-07', '2016-11-07', '2020-06-10 04:28:36', '2020-06-10 04:28:36'),
	(270, 50, 0, 'โดยหน่วยงานรับเรื่องวันที่', NULL, 3, '3', '2017-08-10', '2017-10-09', '2020-06-10 04:38:54', '2020-06-10 04:38:54'),
	(271, 111, 0, 'โดยหน่วยงานรับเรื่องวันที่', NULL, 3, '3', '2017-08-10', '2017-10-09', '2020-06-10 04:42:47', '2020-06-10 04:42:47'),
	(272, 69, 0, 'โดยหน่วยงานรับเรื่องวันที่', NULL, 3, '3', '2019-04-26', '2019-06-24', '2020-06-10 04:49:10', '2020-06-10 04:49:10');
/*!40000 ALTER TABLE `112_considers` ENABLE KEYS */;

-- Dumping structure for table refund2.9_forms
CREATE TABLE IF NOT EXISTS `9_forms` (
  `id` int(10) unsigned NOT NULL AUTO_INCREMENT,
  `name1` varchar(191) COLLATE utf8mb4_unicode_ci NOT NULL,
  `name2` varchar(300) COLLATE utf8mb4_unicode_ci NOT NULL,
  `name3` varchar(191) COLLATE utf8mb4_unicode_ci NOT NULL,
  `type` tinyint(4) DEFAULT NULL,
  `minutes_date` date DEFAULT NULL,
  `book_no` varchar(191) COLLATE utf8mb4_unicode_ci DEFAULT NULL,
  `book_date` date DEFAULT NULL,
  `order` tinyint(4) NOT NULL,
  `create_by` varchar(191) COLLATE utf8mb4_unicode_ci NOT NULL,
  `status` tinyint(4) NOT NULL,
  `created_at` timestamp NULL DEFAULT NULL,
  `updated_at` timestamp NULL DEFAULT NULL,
  PRIMARY KEY (`id`)
) ENGINE=InnoDB AUTO_INCREMENT=44 DEFAULT CHARSET=utf8mb4 COLLATE=utf8mb4_unicode_ci;

-- Dumping data for table refund2.9_forms: ~11 rows (approximately)
/*!40000 ALTER TABLE `9_forms` DISABLE KEYS */;
INSERT INTO `9_forms` (`id`, `name1`, `name2`, `name3`, `type`, `minutes_date`, `book_no`, `book_date`, `order`, `create_by`, `status`, `created_at`, `updated_at`) VALUES
	(31, 'แบบถอนคืนเงินรายได้แผ่นดิน ตามมติคณะรัฐมนตรี', 'แจ้งตามหนังสือสำนักเลขาธิการคณะรัฐมนตรี', 'แบบถอนคืนตาม ว 399 ทางตรง', 1, '2017-08-08', 'ด่วนที่สุด ที่ นร 0505/ว 399', '2017-08-10', 8, 'Songwut', 1, '2020-01-06 04:24:04', '2020-06-15 04:38:53'),
	(32, 'แบบถอนคืนเงินรายได้แผ่นดิน ตามมติคณะรัฐมนตรี', 'แจ้งตามหนังสือสำนักเลขาธิการคณะรัฐมนตรี', 'แบบถอนคืนตาม ว 272 กรณี 3', 1, '2016-09-06', 'ด่วนที่สุด ที่ นร 0505/ว 272', '2016-09-07', 7, 'Songwut', 1, '2020-01-06 07:33:01', '2020-06-15 04:38:19'),
	(33, 'แบบถอนคืนเงินรายได้แผ่นดิน ตามมติคณะรัฐมนตรี', 'แจ้งตามหนังสือสำนักเลขาธิการคณะรัฐมนตรี', 'แบบถอนคืนตาม ว 165', 1, '2019-04-24', 'ด่วนที่สุด ที่ นร 0505/ว 165', '2019-04-26', 10, 'Songwut', 1, '2020-01-08 03:11:53', '2020-06-15 04:40:15'),
	(34, 'แบบถอนคืนเงินรายได้แผ่นดิน ตาม พรบ.การจัดซื้อจัดจ้างและบริหารพัสดุภาครัฐ พ.ศ. 2560', 'หรือระเบียบ ข้อบังคับ ข้อบัญญัติ ว่าด้วยการพัสดุของหน่วยงานนั้น ๆ', 'แบบถอนคืนตาม พรบ.จัดซื้อจัดจ้าง 2560 หรือระเบียบพัสดุ', 2, NULL, NULL, NULL, 1, 'Songwut', 1, '2020-03-03 07:03:48', '2020-06-12 08:16:37'),
	(37, 'แบบถอนคืนเงินรายได้แผ่นดิน ตามมติคณะรัฐมนตรี', 'แจ้งตามหนังสือสำนักเลขาธิการคณะรัฐมนตรี', 'แบบถอนคืนตาม ว 399 ทางอ้อม', 1, '2017-08-08', 'ด่วนที่สุด ที่ นร 0505/ว 399', '2017-08-10', 9, 'Songwut', 1, '2020-05-13 08:23:54', '2020-06-15 04:39:37'),
	(38, 'แบบถอนคืนเงินรายได้แผ่นดิน ตามมติคณะรัฐมนตรี', 'แจ้งตามหนังสือสำนักเลขาธิการคณะรัฐมนตรี', 'แบบถอนคืนตาม ว 208', 1, '2013-11-25', 'ด่วนที่สุด ที่ นร 0506/ว 208', '2013-11-27', 4, 'Songwut', 1, '2020-05-14 06:45:26', '2020-06-15 04:36:15'),
	(39, 'แบบถอนคืนเงินรายได้แผ่นดิน ตามมติคณะรัฐมนตรี', 'แจ้งตามหนังสือสำนักเลขาธิการคณะรัฐมนตรี', 'แบบถอนคืนตาม ว 272 กรณี 1', 1, '2016-09-06', 'ด่วนที่สุด ที่ นร 0505/ว 272', '2016-09-07', 6, 'Songwut', 1, '2020-05-19 07:59:41', '2020-06-15 04:37:43'),
	(40, 'แบบถอนคืนเงินรายได้แผ่นดิน ตามมติคณะรัฐมนตรี', 'แจ้งตามหนังสือสำนักเลขาธิการคณะรัฐมนตรี', 'แบบถอนคืนตาม ว 72 ทั่วประเทศ', 1, '2012-03-06', 'ด่วนที่สุด ที่ นร 0506/ว 72', '2012-03-08', 2, 'Songwut', 1, '2020-05-25 06:59:32', '2020-06-15 04:34:36'),
	(41, 'แบบถอนคืนเงินรายได้แผ่นดิน ตามมติคณะรัฐมนตรี', 'แจ้งตามหนังสือสำนักเลขาธิการคณะรัฐมนตรี', 'แบบถอนคืนตาม ว 72 ภาคใต้ 10 จังหวัด', 1, '2012-03-06', 'ด่วนที่สุด ที่ นร 0506/ว 72', '2012-03-08', 3, 'Songwut', 1, '2020-05-26 05:56:42', '2020-06-15 04:35:23'),
	(42, 'แบบถอนคืนเงินรายได้แผ่นดิน ตามมติคณะรัฐมนตรี', 'แจ้งตามหนังสือสำนักเลขาธิการคณะรัฐมนตรี', 'แบบถอนคืนตาม ว 141', 1, '2014-11-18', 'ด่วนที่สุด ที่ นร 0506/ว 141', '2014-11-27', 5, 'Songwut', 1, '2020-06-04 06:55:32', '2020-06-15 04:37:03'),
	(43, 'แบบถอนคืนเงินรายได้แผ่นดิน กรณีเหตุการณ์ความไม่สงบทางการเมือง', 'แจ้งตามหนังสือคณะกรรมการว่าด้วยการพัสดุ ด่วนที่สุด ที่ กค (กวพ) 0421.3/ว 168 ลงวันที่ 7 พฤษภาคม 2558 และ ด่วนที่สุด ที่ กค (กวพ) 0421.3/ว 291 ลงวันที่ 20 สิงหาคม 2558', 'แบบถอนคืนตาม ว 168/ว 291', 3, NULL, NULL, NULL, 11, 'Songwut', 1, '2020-06-05 04:01:16', '2020-06-05 04:01:16');
/*!40000 ALTER TABLE `9_forms` ENABLE KEYS */;

/*!40101 SET SQL_MODE=IFNULL(@OLD_SQL_MODE, '') */;
/*!40014 SET FOREIGN_KEY_CHECKS=IF(@OLD_FOREIGN_KEY_CHECKS IS NULL, 1, @OLD_FOREIGN_KEY_CHECKS) */;
/*!40101 SET CHARACTER_SET_CLIENT=@OLD_CHARACTER_SET_CLIENT */;
