-- --------------------------------------------------------
-- Host:                         127.0.0.1
-- Server version:               10.3.13-MariaDB - mariadb.org binary distribution
-- Server OS:                    Win64
-- HeidiSQL Version:             9.5.0.5196
-- --------------------------------------------------------

/*!40101 SET @OLD_CHARACTER_SET_CLIENT=@@CHARACTER_SET_CLIENT */;
/*!40101 SET NAMES utf8 */;
/*!50503 SET NAMES utf8mb4 */;
/*!40014 SET @OLD_FOREIGN_KEY_CHECKS=@@FOREIGN_KEY_CHECKS, FOREIGN_KEY_CHECKS=0 */;
/*!40101 SET @OLD_SQL_MODE=@@SQL_MODE, SQL_MODE='NO_AUTO_VALUE_ON_ZERO' */;


-- Dumping database structure for refund2
DROP DATABASE IF EXISTS `refund2`;
CREATE DATABASE IF NOT EXISTS `refund2` /*!40100 DEFAULT CHARACTER SET utf8 */;
USE `refund2`;

-- Dumping structure for table refund2.10_form_rules
DROP TABLE IF EXISTS `10_form_rules`;
CREATE TABLE IF NOT EXISTS `10_form_rules` (
  `id` int(10) unsigned NOT NULL AUTO_INCREMENT,
  `form_id` int(10) unsigned NOT NULL,
  `order` int(11) NOT NULL,
  `name` varchar(191) COLLATE utf8mb4_unicode_ci NOT NULL,
  `sub_of` int(11) NOT NULL,
  `rule_type` int(11) NOT NULL,
  `result_type` int(11) DEFAULT NULL,
  `condition` varchar(191) COLLATE utf8mb4_unicode_ci DEFAULT NULL,
  `description` varchar(191) COLLATE utf8mb4_unicode_ci DEFAULT NULL,
  `condition_type` int(11) DEFAULT NULL,
  `status` tinyint(4) NOT NULL,
  `created_at` timestamp NULL DEFAULT NULL,
  `updated_at` timestamp NULL DEFAULT NULL,
  PRIMARY KEY (`id`),
  KEY `10_form_rules_form_id_index` (`form_id`),
  CONSTRAINT `10_form_rules_form_id_foreign` FOREIGN KEY (`form_id`) REFERENCES `9_forms` (`id`) ON DELETE CASCADE
) ENGINE=InnoDB AUTO_INCREMENT=77 DEFAULT CHARSET=utf8mb4 COLLATE=utf8mb4_unicode_ci;

-- Dumping data for table refund2.10_form_rules: ~38 rows (approximately)
/*!40000 ALTER TABLE `10_form_rules` DISABLE KEYS */;
INSERT INTO `10_form_rules` (`id`, `form_id`, `order`, `name`, `sub_of`, `rule_type`, `result_type`, `condition`, `description`, `condition_type`, `status`, `created_at`, `updated_at`) VALUES
	(39, 31, 1, 'เป็นการให้ความช่วยเหลือผู้ประกอบการก่อสร้างเท่านั้น', 0, 1, 0, NULL, NULL, 0, 0, '2020-01-06 04:25:18', '2020-03-12 07:07:31'),
	(40, 31, 2, 'อยู่ในพื้นที่ภาคใต้ 12 จังหวัด ได้แก่ พัทลุง นราธิวาส ยะลา สงขลา ปัตตานี ตรัง สุราษฎร์ธานี นครศรีธรรมราช ชุมพร ระนอง กระบี่ และประจวบคีรีขันธ์', 0, 1, 0, NULL, NULL, 0, 0, '2020-01-06 04:30:16', '2020-01-06 04:30:16'),
	(41, 31, 3, 'สัญญาที่จะได้รับความช่วยเหลือ', 0, 1, 1, NULL, NULL, 0, 0, '2020-01-06 05:14:01', '2020-01-06 05:18:58'),
	(42, 31, 1, '(ก.) ลงนามก่อน 1 ธ.ค. 59', 41, 2, 0, NULL, NULL, 0, 0, '2020-01-06 05:14:31', '2020-01-06 05:14:31'),
	(43, 31, 2, '(ข.) ลงนามระหว่าง 1 ธ.ค. 59 - 12 ก.พ. 60', 41, 2, 0, NULL, NULL, 0, 0, '2020-01-06 05:16:23', '2020-01-06 05:16:23'),
	(44, 31, 4, 'เป็นสัญญาตาม (ก.) หรือ (ข.) ที่', 0, 1, 1, NULL, NULL, 0, 0, '2020-01-06 05:22:45', '2020-01-06 05:29:27'),
	(45, 31, 1, 'ณ วันที่ 1 ธ.ค. 59 - 12 ก.พ. 60 ยังมีนิติสัมพันธ์อยู่ และยังไม่ส่งมอบงานงวดสุดท้าย', 44, 2, 0, NULL, NULL, 0, 0, '2020-01-06 05:23:07', '2020-01-06 05:23:07'),
	(46, 31, 2, 'เป็นสัญญาตาม (ก.) หรือ (ข.) ยังมีนิติสัมพันธ์อยู่ แต่ส่งงานงวดสุดท้ายระหว่าง 1 ธ.ค. 59 - 12 ก.พ. 60', 44, 2, 0, NULL, NULL, 0, 0, '2020-01-06 05:24:05', '2020-01-06 05:24:05'),
	(47, 31, 6, 'การขยายเวลา งด/ลดค่าปรับ', 0, 1, 1, NULL, NULL, 0, 0, '2020-01-06 05:42:32', '2020-03-12 08:00:44'),
	(48, 31, 1, 'กรณีไม่เคยขยายเวลาด้วยเหตุดังกล่าว ตามระเบียบพัสดุฯ ขยายได้อีก 120 วัน', 47, 2, 0, NULL, NULL, 0, 0, '2020-01-06 05:43:19', '2020-01-06 05:43:19'),
	(49, 31, 2, 'กรณีเคยขยายเวลาด้วยเหตุดังกล่าวตามระเบียบพัสดุฯ ขยายเพิ่มได้อีกรวมไม่เกิน 120 วัน', 47, 2, 0, NULL, NULL, 0, 0, '2020-01-06 05:44:32', '2020-01-06 05:44:32'),
	(50, 31, 6, 'ผู้ประกอบการต้องยื่นคำขอต่อหน่วยงานภายใน 60 วัน นับถัดจากวันที่คณะรัฐมนตรีมีมติ', 0, 1, 0, NULL, NULL, 0, 0, '2020-01-06 05:48:35', '2020-01-06 05:48:35'),
	(51, 32, 1, 'เป็นการให้ความช่วยเหลือผู้ประกอบการก่อสร้างเท่านั้น', 0, 1, 0, NULL, NULL, 0, 0, '2020-01-06 07:34:54', '2020-01-06 07:34:54'),
	(52, 32, 2, 'เป็นสัญญาที่ลงนามระหว่างวันที่ 23 เม.ย. 56 - 25 พ.ย. 56', 0, 1, 0, NULL, NULL, 0, 0, '2020-01-06 07:35:52', '2020-01-06 07:35:52'),
	(53, 32, 3, 'โดยสัญญาจ้างก่อสร้าง ต้อง', 0, 1, 1, NULL, NULL, 0, 0, '2020-01-06 07:37:40', '2020-01-06 08:02:42'),
	(54, 32, 1, 'ณ วันที่ 6 ก.ย. 59 สัญญาจ้างก่อสร้างยังมีนิติสัมพันธ์อยู่ ซึ่งงานก่อสร้างดังกล่าวยังมิได้ส่งมอบงานงวดสุดท้าย (แต่ปัจจุบันส่งมอบงานงวดสุดท้ายแล้ว)', 53, 2, 0, NULL, NULL, 0, 0, '2020-01-06 07:58:50', '2020-03-11 03:52:19'),
	(55, 32, 2, 'ส่งมอบงานงวดสุดท้ายแล้ว ก่อนวันที่คณะรัฐมนตรีมีมติให้ความช่วยเหลือ (ก่อนวันที่ 6 ก.ย. 59)', 53, 2, 0, NULL, NULL, 0, 0, '2020-01-06 08:00:28', '2020-01-06 08:00:44'),
	(56, 32, 4, 'ให้ความช่วยเหลือโดยงดหรือลดค่าปรับได้ จำนวน 150 วัน', 0, 1, 0, NULL, NULL, 0, 0, '2020-01-06 08:01:42', '2020-01-06 08:01:42'),
	(57, 32, 5, 'การยื่นคำขอรับความช่วยเหลือ', 0, 1, 1, NULL, NULL, 0, 0, '2020-01-06 08:03:12', '2020-03-02 04:33:56'),
	(58, 32, 1, 'อยู่ในหลักเกณฑ์ตามข้อ 3.1 โดยต้องยื่นคำขอพร้อมกับการส่งมอบงานงวดสุดท้าย', 57, 2, 0, NULL, NULL, 0, 0, '2020-01-06 08:04:29', '2020-01-06 08:04:29'),
	(59, 32, 2, 'อยู่ในหลักเกณฑ์ตามข้อ 3.2 โดยต้องยื่นคำขอต่อหน่วยงานภายใน 60 วัน นับถัดจากวันที่คณะรัฐมนตรีมีมติให้ความช่วยเหลือ', 57, 2, 0, NULL, NULL, 0, 0, '2020-01-06 08:06:40', '2020-01-06 08:06:40'),
	(60, 33, 1, 'เป็นการให้ความช่วยเหลือผู้ประกอบการก่อสร้างในภาคใต้ที่ได้รับผลกระทบทางอ้อมจากเหตุอุทกภัยที่เกิดขึ้นในช่วงตั้งแต่วันที่ 1 ธ.ค. 56 ถึงวันที่ 12 ก.พ. 60', 0, 1, 0, NULL, NULL, 0, 0, '2020-01-08 03:12:48', '2020-01-08 03:12:48'),
	(61, 33, 2, 'อยู่ในพื้นที่ภาคใต้ 1 จังหวัด ได้แก่ สตูล', 0, 1, 0, NULL, NULL, 0, 0, '2020-01-08 03:14:11', '2020-01-08 03:14:11'),
	(62, 33, 3, 'สัญญาที่จะได้รับความช่วยเหลือ', 0, 1, 1, NULL, NULL, 0, 0, '2020-01-08 03:16:20', '2020-01-08 03:31:28'),
	(63, 33, 1, '(ก.) ลงนามก่อน 1 ธ.ค. 59', 62, 2, 0, NULL, NULL, 0, 0, '2020-01-08 03:29:52', '2020-01-08 03:29:52'),
	(64, 33, 2, '(ข.) ลงนามระหว่าง 1 ธ.ค. 59 - 12 ก.พ. 60', 62, 2, 0, NULL, NULL, 0, 0, '2020-01-08 03:30:49', '2020-01-08 03:30:49'),
	(65, 33, 4, 'เป็นสัญญาตามข้อ 3.1 (ก.) หรือ (ข.) ที่', 0, 1, 1, NULL, NULL, 0, 0, '2020-01-08 03:32:34', '2020-01-08 06:08:29'),
	(66, 33, 1, 'ยังมีนิติสัมพันธ์อยู่ และยังไม่ส่งมอบงานงวดสุดท้ายในช่วงเวลาดังกล่าว', 65, 2, 0, NULL, NULL, 0, 0, '2020-01-08 03:32:54', '2020-01-08 04:27:58'),
	(67, 33, 2, 'ยังมีนิติสัมพันธุ์อยู่ แต่ส่งมอบงานงวดสุดท้ายระหว่างวันที่ 1 ธ.ค. 59 - 12 ก.พ. 60', 65, 2, 0, NULL, NULL, 0, 0, '2020-01-08 03:37:39', '2020-01-08 03:37:39'),
	(68, 33, 5, 'การขยายเวลา งด/ลดค่าปรับ', 0, 1, 0, NULL, NULL, 0, 0, '2020-01-08 06:09:52', '2020-01-08 06:09:52'),
	(69, 33, 6, 'ผู้ประกอบการต้องยื่นคำขอต่อหน่วยงานภายใน 60 วัน นับแต่วันที่คณะรัฐมนตรีมีมติ', 0, 1, 0, NULL, NULL, 0, 0, '2020-01-08 06:12:03', '2020-01-08 06:12:03'),
	(70, 34, 1, 'เป็นไปตาม พรบ. ระเบียบ ข้อบังคับ หรือข้อบัญญัติ ว่าด้วยการพัสดุของหน่วยงานนั้น ๆ', 0, 1, 0, NULL, NULL, 0, 0, '2020-03-03 07:05:42', '2020-03-03 07:19:38'),
	(71, 34, 2, 'เข้าตามกรณี', 0, 1, 0, NULL, NULL, 0, 0, '2020-03-03 07:06:47', '2020-03-03 07:07:01'),
	(72, 34, 1, '(1) เหตุเกิดจากความผิดหรือความบกพร่องของส่วนราชการ', 71, 2, 0, NULL, NULL, 0, 0, '2020-03-03 07:07:36', '2020-03-03 07:07:36'),
	(73, 34, 2, '(2) เหตุสุดวิสัย', 71, 2, 0, NULL, NULL, 0, 0, '2020-03-03 07:08:56', '2020-03-03 07:12:16'),
	(74, 34, 3, '(3) เหตุเกิดจากพฤติการณ์อันหนึ่งอันใดที่คู่สัญญาไม่ต้องรับผิดตามกฎหมาย', 71, 2, 0, NULL, NULL, 0, 0, '2020-03-03 07:12:47', '2020-03-03 07:12:47'),
	(75, 31, 5, 'ผู้รับจ้างต้องรับผิดชอบค่าปรับเองในช่วงก่อนหน้า 1 ธ.ค. 59', 0, 1, 0, NULL, NULL, 0, 0, '2020-03-12 08:01:28', '2020-03-12 08:01:28'),
	(76, 31, 1, 'ผู้รับจ้างต้องรับผิดชอบค่าปรับเอง', 75, 2, 0, NULL, NULL, 0, 0, '2020-03-12 08:03:56', '2020-03-12 08:03:56');
/*!40000 ALTER TABLE `10_form_rules` ENABLE KEYS */;

-- Dumping structure for table refund2.112_considers
DROP TABLE IF EXISTS `112_considers`;
CREATE TABLE IF NOT EXISTS `112_considers` (
  `id` int(10) unsigned NOT NULL AUTO_INCREMENT,
  `form_rule_id` int(10) unsigned NOT NULL,
  `order` int(11) NOT NULL,
  `name` varchar(191) COLLATE utf8mb4_unicode_ci NOT NULL,
  `description` varchar(191) COLLATE utf8mb4_unicode_ci DEFAULT NULL,
  `type` int(11) NOT NULL,
  `oper` varchar(191) COLLATE utf8mb4_unicode_ci DEFAULT NULL,
  `var1` varchar(191) COLLATE utf8mb4_unicode_ci DEFAULT NULL,
  `var2` varchar(191) COLLATE utf8mb4_unicode_ci DEFAULT NULL,
  `created_at` timestamp NULL DEFAULT NULL,
  `updated_at` timestamp NULL DEFAULT NULL,
  PRIMARY KEY (`id`),
  KEY `112_considers_form_rule_id_index` (`form_rule_id`),
  CONSTRAINT `112_considers_form_rule_id_foreign` FOREIGN KEY (`form_rule_id`) REFERENCES `10_form_rules` (`id`) ON DELETE CASCADE
) ENGINE=InnoDB AUTO_INCREMENT=76 DEFAULT CHARSET=utf8mb4 COLLATE=utf8mb4_unicode_ci;

-- Dumping data for table refund2.112_considers: ~39 rows (approximately)
/*!40000 ALTER TABLE `112_considers` DISABLE KEYS */;
INSERT INTO `112_considers` (`id`, `form_rule_id`, `order`, `name`, `description`, `type`, `oper`, `var1`, `var2`, `created_at`, `updated_at`) VALUES
	(32, 39, 0, 'เป็นสัญญาจ้างก่อสร้าง', 'งานก่อสร้าง หมายถึง งานก่อสร้างตามหลักทั่วไปที่มีกฎหมาย ระเบียบ มติคณะรัฐมนตรี  หรือหนังสือเวียนที่เกี่ยวข้องอ้างอิงได้', 1, '0', NULL, NULL, '2020-01-06 04:26:44', '2020-03-12 07:07:48'),
	(33, 40, 0, 'อยู่ในพื้นที่ภาคใต้ 12 จังหวัด ข้างต้น', NULL, 1, '0', NULL, NULL, '2020-01-06 04:30:32', '2020-03-03 07:30:11'),
	(34, 42, 0, 'ลงนามก่อน 1 ธ.ค. 59', NULL, 3, '2', '2016-12-01', NULL, '2020-01-06 05:16:03', '2020-01-06 05:16:03'),
	(35, 43, 0, 'ลงนามระหว่าง 1 ธ.ค. 59 - 12 ก.พ. 60', NULL, 3, '3', '2016-12-01', '2017-02-12', '2020-01-06 05:17:14', '2020-01-06 05:17:14'),
	(37, 46, 0, 'เป็นไปตามหลักเกณฑ์ ตามข้อ 4.2', NULL, 1, '0', NULL, NULL, '2020-01-06 05:24:12', '2020-03-03 07:39:45'),
	(39, 45, 0, 'เป็นไปตามหลักเกณฑ์ ตามข้อ 4.1', NULL, 1, '0', NULL, NULL, '2020-01-06 05:28:49', '2020-03-03 07:39:26'),
	(40, 48, 0, 'ขยายเวลา งดหรือลดค่าปรับ ให้จำนวน', NULL, 2, '0', NULL, NULL, '2020-01-06 05:43:49', '2020-03-12 07:11:14'),
	(41, 49, 0, 'ขยายตามระเบียบพัสดุฯ แล้ว จำนวน', NULL, 2, '0', NULL, NULL, '2020-01-06 05:45:13', '2020-01-06 05:45:13'),
	(42, 50, 0, 'ยื่นคำขอภายในวันที่ 9 ต.ค. 60', NULL, 3, '3', '2017-08-10', '2017-10-09', '2020-01-06 05:50:07', '2020-03-03 07:30:58'),
	(43, 51, 0, 'เป็นสัญญาจ้างก่อสร้าง', 'งานก่อสร้าง หมายถึง งานก่อสร้างตาม หลักทั่วไปที่มีกฎหมาย ระเบียบ มติคณะรัฐมนตรี  หรือหนังสือเวียนที่เกี่ยวข้องอ้างอิงได้', 1, '0', NULL, NULL, '2020-01-06 07:35:12', '2020-03-11 03:39:45'),
	(44, 52, 0, 'ลงนามในช่วงเวลาดังกล่าว', NULL, 3, '3', '2013-04-23', '2013-11-25', '2020-01-06 07:37:18', '2020-01-06 07:37:18'),
	(46, 54, 0, 'อยู่ในหลักเกณฑ์ ข้อ 3.1', NULL, 1, '0', NULL, NULL, '2020-01-06 07:59:12', '2020-03-11 03:53:17'),
	(47, 55, 0, 'อยู่ในหลักเกณฑ์ ข้อ 3.2', NULL, 1, '0', NULL, NULL, '2020-01-06 08:00:58', '2020-03-11 03:53:33'),
	(48, 56, 0, 'อนุมัติงดหรือลดค่าปรับให้ จำนวน 150 วัน', NULL, 4, '0', NULL, NULL, '2020-01-06 08:02:26', '2020-03-11 03:58:27'),
	(49, 58, 0, 'ยื่นคำขอพร้อมส่งมอบงานงวดสุดท้าย', NULL, 4, '0', NULL, NULL, '2020-01-06 08:04:50', '2020-01-06 08:04:50'),
	(50, 59, 0, 'ยื่นคำขอภายในวันที่ 7 พ.ย. 59', NULL, 3, '3', '2016-09-07', '2016-11-07', '2020-01-06 08:07:39', '2020-01-06 08:07:39'),
	(51, 60, 0, 'เป็นสัญญาจ้างก่อสร้าง', 'งานก่อสร้าง หมายถึง งานก่อสร้างตามหลักทั่วไปที่มีกฎหมาย ระเบียบ มติคณะรัฐมนตรี  หรือหนังสือเวียนที่เกี่ยวข้องอ้างอิงได้', 1, '0', NULL, NULL, '2020-01-08 03:13:48', '2020-01-08 03:13:48'),
	(52, 61, 0, 'เป็นสัญญาจ้างก่อสร้างที่ดำเนินการอยู่ในจังหวัดสตูล', NULL, 1, '0', NULL, NULL, '2020-01-08 03:15:54', '2020-01-08 03:15:54'),
	(53, 63, 0, 'ลงนามในสัญญาก่อนช่วงระยะเวลาดังกล่าว โดยลงนามในสัญญาวันที่', NULL, 3, '2', '2016-12-01', NULL, '2020-01-08 03:30:30', '2020-01-08 05:13:17'),
	(54, 64, 0, 'ลงนามในสัญญาในช่วงระยะเวลาดังกล่าว โดยลงนามในสัญญาวันที่', NULL, 3, '3', '2016-12-01', '2017-02-12', '2020-01-08 03:31:17', '2020-01-08 05:14:08'),
	(55, 66, 0, 'อยู่ในหลักเกณฑ์ตามข้อ 4.1', NULL, 1, '0', NULL, NULL, '2020-01-08 03:33:49', '2020-01-08 06:09:20'),
	(56, 67, 0, 'อยู่ในหลักเกณฑ์ตามข้อ 4.2', NULL, 1, '0', NULL, NULL, '2020-01-08 03:38:47', '2020-01-08 03:38:47'),
	(57, 68, 0, 'ขยายเวลา งดหรือลดค่าปรับ ให้แก่ผู้รับจ้างได้ 70 วัน', NULL, 2, '0', NULL, NULL, '2020-01-08 06:11:29', '2020-01-08 06:11:29'),
	(58, 69, 0, 'ยื่นคำขอภายในวันที่ 24 มิ.ย. 62', NULL, 3, '3', '2019-04-26', '2019-06-24', '2020-01-08 06:13:04', '2020-01-08 06:13:04'),
	(59, 70, 0, 'เป็นไปตามหลักเกณฑ์ของ พรบ. ระเบียบ ข้อบังคับ หรือข้อบัญญัติใด และข้อใด', NULL, 2, '0', NULL, NULL, '2020-03-03 07:06:18', '2020-03-03 07:20:05'),
	(60, 72, 0, 'อนุมัติให้ตาม (1)', NULL, 1, '0', NULL, NULL, '2020-03-03 07:08:23', '2020-03-03 07:08:23'),
	(61, 73, 0, 'อนุมัติให้ตาม (2)', NULL, 1, '0', NULL, NULL, '2020-03-03 07:10:11', '2020-03-03 07:10:11'),
	(62, 73, 0, 'เหตุปัญหาอุปสรรคสิ้นสุดวันที่', NULL, 4, '0', NULL, NULL, '2020-03-03 07:10:33', '2020-03-03 07:11:40'),
	(63, 73, 0, 'หนังสือผู้รับจ้างแจ้งเหตุสิ้นสุด หน่วยงานรับเรื่องวันที่', NULL, 4, '0', NULL, NULL, '2020-03-03 07:11:06', '2020-03-03 07:11:06'),
	(64, 74, 0, 'อนุมัติให้ตาม (3)', NULL, 1, '0', NULL, NULL, '2020-03-03 07:13:00', '2020-03-03 07:13:00'),
	(65, 74, 0, 'เหตุปัญหาอุปสรรคสิ้นสุดวันที่', NULL, 4, '0', NULL, NULL, '2020-03-03 07:13:14', '2020-03-03 07:13:14'),
	(66, 74, 0, 'หนังสือผู้รับจ้างแจ้งเหตุสิ้นสุด หน่วยงานรับเรื่องวันที่', NULL, 4, '0', NULL, NULL, '2020-03-03 07:13:38', '2020-03-03 07:13:38'),
	(67, 72, 0, 'กรณี', NULL, 2, '0', NULL, NULL, '2020-03-04 07:44:59', '2020-03-04 07:44:59'),
	(69, 48, 0, 'ถึงวันที่', NULL, 4, '0', NULL, NULL, '2020-03-12 07:11:29', '2020-03-12 07:11:29'),
	(70, 45, 0, 'ส่งมอบงานงวดสุดท้ายเมื่อวันที่', NULL, 4, '0', NULL, NULL, '2020-03-12 07:16:11', '2020-03-12 07:16:11'),
	(71, 46, 0, 'ส่งมอบงานงวดสุดท้ายเมื่อวันที่', NULL, 4, '0', NULL, NULL, '2020-03-12 07:16:30', '2020-03-12 07:16:30'),
	(72, 76, 0, 'รับผิดชอบค่าปรับเอง จำนวน', NULL, 2, '0', NULL, NULL, '2020-03-12 08:04:32', '2020-03-12 08:04:32'),
	(73, 76, 0, 'ตั้งแต่วันที่', NULL, 4, '0', NULL, NULL, '2020-03-12 08:04:49', '2020-03-12 08:04:49'),
	(74, 76, 0, 'ถึงวันที่', NULL, 4, '0', NULL, NULL, '2020-03-12 08:04:58', '2020-03-12 08:04:58');
/*!40000 ALTER TABLE `112_considers` ENABLE KEYS */;

-- Dumping structure for table refund2.11_form_conditions
DROP TABLE IF EXISTS `11_form_conditions`;
CREATE TABLE IF NOT EXISTS `11_form_conditions` (
  `id` int(10) unsigned NOT NULL AUTO_INCREMENT,
  `form_rule_id` int(10) unsigned NOT NULL,
  `name` varchar(191) COLLATE utf8mb4_unicode_ci NOT NULL,
  `description` varchar(191) COLLATE utf8mb4_unicode_ci DEFAULT NULL,
  `condition_type` int(11) NOT NULL,
  `status` tinyint(4) NOT NULL,
  `created_at` timestamp NULL DEFAULT NULL,
  `updated_at` timestamp NULL DEFAULT NULL,
  PRIMARY KEY (`id`),
  KEY `11_form_conditions_form_rule_id_index` (`form_rule_id`),
  CONSTRAINT `11_form_conditions_form_rule_id_foreign` FOREIGN KEY (`form_rule_id`) REFERENCES `10_form_rules` (`id`) ON DELETE CASCADE
) ENGINE=InnoDB DEFAULT CHARSET=utf8mb4 COLLATE=utf8mb4_unicode_ci;

-- Dumping data for table refund2.11_form_conditions: ~0 rows (approximately)
/*!40000 ALTER TABLE `11_form_conditions` DISABLE KEYS */;
/*!40000 ALTER TABLE `11_form_conditions` ENABLE KEYS */;

-- Dumping structure for table refund2.12_refund_forms
DROP TABLE IF EXISTS `12_refund_forms`;
CREATE TABLE IF NOT EXISTS `12_refund_forms` (
  `id` int(10) unsigned NOT NULL AUTO_INCREMENT,
  `form_id` int(10) unsigned NOT NULL,
  `refund_id` int(10) unsigned NOT NULL,
  `result` tinyint(4) NOT NULL,
  `status` tinyint(4) NOT NULL,
  `created_at` timestamp NULL DEFAULT NULL,
  `updated_at` timestamp NULL DEFAULT NULL,
  PRIMARY KEY (`id`),
  KEY `12_refund_forms_form_id_index` (`form_id`),
  KEY `12_refund_forms_refund_id_index` (`refund_id`),
  CONSTRAINT `12_refund_forms_form_id_foreign` FOREIGN KEY (`form_id`) REFERENCES `9_forms` (`id`) ON DELETE CASCADE,
  CONSTRAINT `12_refund_forms_refund_id_foreign` FOREIGN KEY (`refund_id`) REFERENCES `2_refunds` (`id`) ON DELETE CASCADE
) ENGINE=InnoDB AUTO_INCREMENT=125 DEFAULT CHARSET=utf8mb4 COLLATE=utf8mb4_unicode_ci;

-- Dumping data for table refund2.12_refund_forms: ~67 rows (approximately)
/*!40000 ALTER TABLE `12_refund_forms` DISABLE KEYS */;
INSERT INTO `12_refund_forms` (`id`, `form_id`, `refund_id`, `result`, `status`, `created_at`, `updated_at`) VALUES
	(48, 31, 33, 1, 0, '2020-01-06 04:27:59', '2020-01-06 04:28:23'),
	(49, 31, 34, 1, 0, '2020-01-06 05:17:26', '2020-01-06 05:18:17'),
	(50, 31, 35, 0, 0, '2020-01-06 05:19:51', '2020-01-06 05:20:55'),
	(51, 31, 36, 1, 0, '2020-01-06 05:24:32', '2020-01-06 05:26:45'),
	(52, 31, 37, 1, 0, '2020-01-06 05:27:07', '2020-01-06 05:27:45'),
	(53, 31, 38, 1, 0, '2020-01-06 05:29:44', '2020-01-06 05:35:44'),
	(54, 31, 39, 1, 0, '2020-01-06 05:38:45', '2020-01-06 05:39:39'),
	(55, 31, 40, 1, 0, '2020-01-06 05:40:55', '2020-01-06 05:41:32'),
	(56, 31, 41, 1, 0, '2020-01-06 05:45:33', '2020-01-06 05:47:24'),
	(57, 31, 42, 0, 0, '2020-01-06 05:50:30', '2020-01-06 05:53:44'),
	(58, 31, 43, 1, 0, '2020-01-06 06:04:40', '2020-01-06 06:13:12'),
	(59, 31, 44, 1, 0, '2020-01-06 06:19:19', '2020-01-06 06:24:11'),
	(60, 31, 45, 1, 0, '2020-01-06 06:25:48', '2020-01-06 06:31:10'),
	(61, 32, 46, 1, 0, '2020-01-06 08:08:19', '2020-01-06 08:13:28'),
	(62, 31, 47, 1, 0, '2020-01-06 08:26:49', '2020-01-06 08:44:58'),
	(63, 31, 48, 1, 0, '2020-01-08 01:58:15', '2020-01-08 02:01:46'),
	(64, 31, 49, 1, 0, '2020-01-08 02:28:04', '2020-01-08 02:46:19'),
	(65, 32, 50, 1, 0, '2020-01-08 03:11:43', '2020-01-08 03:21:16'),
	(66, 31, 51, 0, 0, '2020-01-08 04:32:01', '2020-01-08 04:32:01'),
	(67, 31, 52, 0, 0, '2020-01-08 05:10:28', '2020-01-08 05:10:28'),
	(69, 33, 54, 1, 0, '2020-01-08 05:27:32', '2020-01-08 05:28:48'),
	(70, 31, 55, 1, 0, '2020-01-08 06:04:34', '2020-01-08 06:07:48'),
	(71, 32, 56, 1, 0, '2020-01-08 06:15:40', '2020-01-08 06:22:07'),
	(73, 31, 58, 1, 0, '2020-01-08 07:02:58', '2020-01-08 07:07:15'),
	(75, 31, 60, 0, 0, '2020-01-08 07:43:45', '2020-01-08 07:43:45'),
	(76, 31, 61, 0, 0, '2020-02-02 09:03:02', '2020-02-02 09:03:02'),
	(77, 32, 61, 0, 0, '2020-02-02 09:03:02', '2020-02-02 09:03:02'),
	(80, 33, 64, 1, 0, '2020-02-25 09:34:00', '2020-02-25 09:38:36'),
	(81, 31, 65, 0, 0, '2020-03-02 02:38:16', '2020-03-02 02:38:16'),
	(82, 32, 66, 0, 0, '2020-03-02 02:38:46', '2020-03-02 02:38:46'),
	(83, 31, 67, 0, 0, '2020-03-02 02:39:02', '2020-03-02 02:39:02'),
	(84, 31, 68, 0, 0, '2020-03-02 02:39:28', '2020-03-02 02:39:28'),
	(85, 33, 69, 0, 0, '2020-03-02 02:40:37', '2020-03-02 02:40:37'),
	(87, 32, 71, 0, 0, '2020-03-02 02:42:28', '2020-03-02 02:42:28'),
	(88, 33, 72, 0, 0, '2020-03-02 02:44:51', '2020-03-02 02:44:51'),
	(89, 32, 73, 0, 0, '2020-03-02 02:48:53', '2020-03-02 02:48:53'),
	(90, 32, 74, 0, 0, '2020-03-02 02:52:02', '2020-03-02 02:52:02'),
	(91, 31, 75, 0, 0, '2020-03-02 03:08:48', '2020-03-02 03:08:48'),
	(92, 32, 76, 0, 0, '2020-03-02 03:08:49', '2020-03-02 03:08:49'),
	(93, 32, 77, 0, 0, '2020-03-02 03:46:31', '2020-03-02 03:46:31'),
	(94, 32, 78, 0, 0, '2020-03-02 03:47:30', '2020-03-02 03:47:30'),
	(95, 32, 79, 0, 0, '2020-03-02 03:49:42', '2020-03-02 03:49:42'),
	(96, 32, 80, 0, 0, '2020-03-02 03:54:20', '2020-03-02 03:54:20'),
	(97, 32, 81, 0, 0, '2020-03-02 04:13:22', '2020-03-02 04:13:22'),
	(98, 32, 82, 0, 0, '2020-03-02 04:15:14', '2020-03-02 04:15:14'),
	(99, 32, 83, 0, 0, '2020-03-02 04:17:20', '2020-03-02 04:17:20'),
	(100, 32, 84, 0, 0, '2020-03-02 04:21:18', '2020-03-02 04:21:18'),
	(101, 32, 85, 0, 0, '2020-03-02 04:22:09', '2020-03-02 04:22:09'),
	(102, 32, 86, 0, 0, '2020-03-02 04:23:11', '2020-03-02 04:23:11'),
	(103, 32, 87, 0, 0, '2020-03-02 04:24:35', '2020-03-02 04:24:35'),
	(106, 32, 90, 1, 0, '2020-03-02 04:28:10', '2020-03-02 04:34:35'),
	(107, 31, 91, 0, 0, '2020-03-02 08:13:26', '2020-03-02 08:13:26'),
	(108, 31, 92, 0, 0, '2020-03-02 08:14:23', '2020-03-02 08:14:23'),
	(109, 31, 93, 0, 0, '2020-03-03 02:52:38', '2020-03-03 02:52:38'),
	(110, 31, 94, 1, 0, '2020-03-03 04:20:24', '2020-03-03 04:35:25'),
	(111, 31, 95, 1, 0, '2020-03-03 06:49:00', '2020-03-03 06:53:23'),
	(112, 34, 96, 1, 0, '2020-03-03 07:14:26', '2020-03-03 07:14:30'),
	(113, 32, 97, 0, 0, '2020-03-04 01:47:01', '2020-03-04 01:47:01'),
	(114, 32, 98, 1, 0, '2020-03-04 05:50:53', '2020-03-04 06:12:12'),
	(115, 34, 99, 1, 0, '2020-03-04 07:45:56', '2020-03-04 07:46:00'),
	(116, 32, 100, 1, 0, '2020-03-05 08:36:02', '2020-03-05 08:37:41'),
	(117, 32, 101, 1, 0, '2020-03-06 02:09:46', '2020-03-06 02:12:39'),
	(118, 32, 102, 1, 0, '2020-03-06 07:19:37', '2020-03-06 07:23:33'),
	(119, 32, 103, 1, 0, '2020-03-06 07:25:44', '2020-03-06 07:28:11'),
	(120, 31, 104, 0, 0, '2020-03-12 07:12:07', '2020-03-12 07:12:07'),
	(121, 31, 105, 0, 0, '2020-03-12 07:17:08', '2020-03-12 07:17:08'),
	(122, 31, 106, 1, 0, '2020-03-12 07:20:51', '2020-03-12 07:22:53'),
	(123, 31, 107, 0, 0, '2020-03-12 08:05:28', '2020-03-12 08:05:28'),
	(124, 31, 108, 0, 0, '2020-03-12 08:08:30', '2020-03-12 08:08:30');
/*!40000 ALTER TABLE `12_refund_forms` ENABLE KEYS */;

-- Dumping structure for table refund2.13_refund_details
DROP TABLE IF EXISTS `13_refund_details`;
CREATE TABLE IF NOT EXISTS `13_refund_details` (
  `id` int(10) unsigned NOT NULL AUTO_INCREMENT,
  `refund_form_id` int(10) unsigned NOT NULL,
  `consider_id` int(10) unsigned NOT NULL,
  `result_type` varchar(191) COLLATE utf8mb4_unicode_ci NOT NULL,
  `value` varchar(191) COLLATE utf8mb4_unicode_ci DEFAULT NULL,
  `status` tinyint(4) DEFAULT NULL,
  `created_at` timestamp NULL DEFAULT NULL,
  `updated_at` timestamp NULL DEFAULT NULL,
  PRIMARY KEY (`id`),
  KEY `13_refund_details_refund_form_id_index` (`refund_form_id`),
  KEY `13_refund_details_consider_id_index` (`consider_id`),
  CONSTRAINT `13_refund_details_consider_id_foreign` FOREIGN KEY (`consider_id`) REFERENCES `112_considers` (`id`) ON DELETE CASCADE,
  CONSTRAINT `13_refund_details_refund_form_id_foreign` FOREIGN KEY (`refund_form_id`) REFERENCES `12_refund_forms` (`id`) ON DELETE CASCADE
) ENGINE=InnoDB AUTO_INCREMENT=686 DEFAULT CHARSET=utf8mb4 COLLATE=utf8mb4_unicode_ci;

-- Dumping data for table refund2.13_refund_details: ~389 rows (approximately)
/*!40000 ALTER TABLE `13_refund_details` DISABLE KEYS */;
INSERT INTO `13_refund_details` (`id`, `refund_form_id`, `consider_id`, `result_type`, `value`, `status`, `created_at`, `updated_at`) VALUES
	(243, 48, 32, 'boolean', '1', 1, '2020-01-06 04:27:59', '2020-01-06 04:28:21'),
	(244, 49, 32, 'boolean', '1', 1, '2020-01-06 05:17:27', '2020-01-06 05:18:14'),
	(245, 49, 34, 'date', NULL, 0, '2020-01-06 05:17:27', '2020-01-06 05:17:27'),
	(246, 49, 33, 'boolean', '1', 1, '2020-01-06 05:17:27', '2020-01-06 05:18:14'),
	(247, 49, 35, 'date', '2020-01-08', 0, '2020-01-06 05:17:27', '2020-01-06 05:18:14'),
	(248, 50, 32, 'boolean', '1', 1, '2020-01-06 05:19:52', '2020-01-06 05:20:53'),
	(249, 50, 34, 'date', NULL, 0, '2020-01-06 05:19:52', '2020-01-06 05:19:52'),
	(250, 50, 33, 'boolean', '1', 1, '2020-01-06 05:19:52', '2020-01-06 05:20:53'),
	(251, 50, 35, 'date', '2016-11-03', 0, '2020-01-06 05:19:52', '2020-01-06 05:20:53'),
	(252, 51, 32, 'boolean', '1', 1, '2020-01-06 05:24:32', '2020-01-06 05:26:42'),
	(253, 51, 34, 'date', '2016-11-01', 1, '2020-01-06 05:24:32', '2020-01-06 05:25:09'),
	(255, 51, 33, 'boolean', '1', 1, '2020-01-06 05:24:32', '2020-01-06 05:26:43'),
	(256, 51, 35, 'date', NULL, 0, '2020-01-06 05:24:32', '2020-01-06 05:24:32'),
	(257, 51, 37, 'boolean', '1', 1, '2020-01-06 05:24:32', '2020-01-06 05:26:43'),
	(258, 52, 32, 'boolean', '1', 1, '2020-01-06 05:27:07', '2020-01-06 05:27:42'),
	(259, 52, 34, 'date', NULL, 0, '2020-01-06 05:27:07', '2020-01-06 05:27:07'),
	(261, 52, 33, 'boolean', '1', 1, '2020-01-06 05:27:07', '2020-01-06 05:27:42'),
	(262, 52, 35, 'date', '2016-12-12', 1, '2020-01-06 05:27:07', '2020-01-06 05:27:42'),
	(263, 52, 37, 'boolean', '1', 1, '2020-01-06 05:27:07', '2020-01-06 05:27:42'),
	(264, 53, 32, 'boolean', '1', 1, '2020-01-06 05:29:44', '2020-01-06 05:35:41'),
	(265, 53, 34, 'date', '2016-11-09', 1, '2020-01-06 05:29:44', '2020-01-06 05:35:41'),
	(266, 53, 39, 'boolean', '0', 0, '2020-01-06 05:29:44', '2020-01-06 05:35:41'),
	(267, 53, 33, 'boolean', '1', 1, '2020-01-06 05:29:44', '2020-01-06 05:35:41'),
	(268, 53, 35, 'date', '2016-11-08', 0, '2020-01-06 05:29:44', '2020-01-06 05:31:21'),
	(269, 53, 37, 'boolean', '1', 1, '2020-01-06 05:29:44', '2020-01-06 05:35:41'),
	(270, 54, 32, 'boolean', '1', 1, '2020-01-06 05:38:46', '2020-01-06 05:40:25'),
	(271, 54, 34, 'date', '2016-02-04', 1, '2020-01-06 05:38:46', '2020-01-06 05:39:25'),
	(272, 54, 39, 'boolean', '1', 1, '2020-01-06 05:38:46', '2020-01-06 05:40:25'),
	(273, 54, 33, 'boolean', '1', 1, '2020-01-06 05:38:46', '2020-01-06 05:40:25'),
	(274, 54, 35, 'date', '2016-01-06', 0, '2020-01-06 05:38:46', '2020-01-06 05:40:25'),
	(275, 54, 37, 'boolean', '1', 1, '2020-01-06 05:38:46', '2020-01-06 05:40:25'),
	(276, 55, 32, 'boolean', '1', 1, '2020-01-06 05:40:56', '2020-01-06 05:41:29'),
	(277, 55, 34, 'date', NULL, 0, '2020-01-06 05:40:56', '2020-01-06 05:40:56'),
	(278, 55, 39, 'boolean', '1', 1, '2020-01-06 05:40:56', '2020-01-06 05:41:29'),
	(279, 55, 33, 'boolean', '1', 1, '2020-01-06 05:40:56', '2020-01-06 05:41:29'),
	(280, 55, 35, 'date', '2016-12-14', 1, '2020-01-06 05:40:56', '2020-01-06 05:41:29'),
	(281, 55, 37, 'boolean', '0', 0, '2020-01-06 05:40:56', '2020-01-06 05:41:29'),
	(282, 56, 32, 'boolean', '1', 1, '2020-01-06 05:45:33', '2020-01-06 05:47:21'),
	(283, 56, 34, 'date', '2016-11-17', 1, '2020-01-06 05:45:33', '2020-01-06 05:47:21'),
	(284, 56, 39, 'boolean', '0', 0, '2020-01-06 05:45:33', '2020-01-06 05:47:21'),
	(285, 56, 40, 'value', '-', 1, '2020-01-06 05:45:33', '2020-01-06 05:45:33'),
	(286, 56, 33, 'boolean', '1', 1, '2020-01-06 05:45:33', '2020-01-06 05:47:21'),
	(287, 56, 35, 'date', NULL, 0, '2020-01-06 05:45:33', '2020-01-06 05:45:33'),
	(288, 56, 37, 'boolean', '1', 1, '2020-01-06 05:45:33', '2020-01-06 05:47:21'),
	(289, 56, 41, 'value', '-50 วัน ขยายเพิ่มอีก 70 วัน ถึงวันที่ 6 ก.ค. 60', 1, '2020-01-06 05:45:33', '2020-01-06 05:47:21'),
	(290, 57, 32, 'boolean', '1', 1, '2020-01-06 05:50:30', '2020-01-06 05:53:41'),
	(291, 57, 34, 'date', '2016-09-07', 1, '2020-01-06 05:50:30', '2020-01-06 05:53:07'),
	(292, 57, 39, 'boolean', '1', 1, '2020-01-06 05:50:30', '2020-01-06 05:53:41'),
	(293, 57, 40, 'date', '2017-07-13', 1, '2020-01-06 05:50:30', '2020-01-06 05:53:07'),
	(294, 57, 33, 'boolean', '1', 1, '2020-01-06 05:50:30', '2020-01-06 05:53:41'),
	(295, 57, 35, 'date', NULL, 0, '2020-01-06 05:50:30', '2020-01-06 05:50:30'),
	(296, 57, 37, 'boolean', '0', 0, '2020-01-06 05:50:30', '2020-01-06 05:53:41'),
	(297, 57, 41, 'value', '-', 1, '2020-01-06 05:50:30', '2020-01-06 05:50:30'),
	(298, 57, 42, 'date', '2017-05-17', 0, '2020-01-06 05:50:30', '2020-01-06 05:53:41'),
	(299, 58, 32, 'boolean', '1', 1, '2020-01-06 06:04:40', '2020-01-06 06:13:09'),
	(300, 58, 34, 'date', '2016-01-12', 1, '2020-01-06 06:04:40', '2020-01-06 06:13:09'),
	(301, 58, 39, 'boolean', '1', 1, '2020-01-06 06:04:40', '2020-01-06 06:13:09'),
	(302, 58, 40, 'date', '2017-11-11', 1, '2020-01-06 06:04:40', '2020-01-06 06:13:09'),
	(303, 58, 33, 'boolean', '1', 1, '2020-01-06 06:04:40', '2020-01-06 06:13:09'),
	(304, 58, 35, 'date', NULL, 0, '2020-01-06 06:04:40', '2020-01-06 06:04:40'),
	(305, 58, 37, 'boolean', '0', 0, '2020-01-06 06:04:40', '2020-01-06 06:13:09'),
	(306, 58, 41, 'value', '-', 1, '2020-01-06 06:04:41', '2020-01-06 06:04:41'),
	(307, 58, 42, 'date', '2017-08-31', 1, '2020-01-06 06:04:41', '2020-01-06 06:13:09'),
	(308, 59, 32, 'boolean', '1', 1, '2020-01-06 06:19:19', '2020-01-08 06:31:38'),
	(309, 59, 34, 'date', '2016-10-05', 1, '2020-01-06 06:19:19', '2020-01-06 06:24:08'),
	(310, 59, 39, 'boolean', '0', 0, '2020-01-06 06:19:20', '2020-01-08 06:31:38'),
	(311, 59, 40, 'date', '2016-12-07', 1, '2020-01-06 06:19:20', '2020-01-06 06:24:08'),
	(312, 59, 33, 'boolean', '1', 1, '2020-01-06 06:19:20', '2020-01-08 06:31:39'),
	(313, 59, 35, 'date', NULL, 0, '2020-01-06 06:19:20', '2020-01-06 06:19:20'),
	(314, 59, 37, 'boolean', '1', 1, '2020-01-06 06:19:20', '2020-01-08 06:31:39'),
	(315, 59, 41, 'value', '-', 1, '2020-01-06 06:19:20', '2020-01-06 06:19:20'),
	(316, 59, 42, 'date', '2017-09-12', 1, '2020-01-06 06:19:20', '2020-01-06 06:24:08'),
	(317, 60, 32, 'boolean', '1', 1, '2020-01-06 06:25:49', '2020-01-06 06:31:16'),
	(318, 60, 34, 'date', '2016-10-04', 1, '2020-01-06 06:25:49', '2020-01-06 06:31:07'),
	(319, 60, 39, 'boolean', '0', 0, '2020-01-06 06:25:49', '2020-01-06 06:31:16'),
	(320, 60, 40, 'date', NULL, 0, '2020-01-06 06:25:49', '2020-01-06 06:25:49'),
	(321, 60, 33, 'boolean', '1', 1, '2020-01-06 06:25:49', '2020-01-06 06:31:16'),
	(322, 60, 35, 'date', NULL, 0, '2020-01-06 06:25:49', '2020-01-06 06:25:49'),
	(323, 60, 37, 'boolean', '1', 1, '2020-01-06 06:25:49', '2020-01-06 06:31:16'),
	(324, 60, 41, 'value', '-', 1, '2020-01-06 06:25:49', '2020-01-06 06:25:49'),
	(325, 60, 42, 'date', '2017-09-14', 1, '2020-01-06 06:25:49', '2020-01-06 06:31:07'),
	(326, 61, 43, 'boolean', '1', 1, '2020-01-06 08:08:20', '2020-01-06 08:13:25'),
	(327, 61, 49, 'date', NULL, 0, '2020-01-06 08:08:20', '2020-01-06 08:08:20'),
	(328, 61, 44, 'date', '2013-06-18', 1, '2020-01-06 08:08:20', '2020-01-06 08:13:25'),
	(329, 61, 47, 'boolean', '1', 1, '2020-01-06 08:08:20', '2020-01-06 08:13:25'),
	(330, 61, 50, 'date', '2016-09-30', 1, '2020-01-06 08:08:20', '2020-01-06 08:13:25'),
	(331, 61, 46, 'boolean', '0', 0, '2020-01-06 08:08:20', '2020-01-06 08:13:25'),
	(332, 61, 48, 'date', '2014-05-29', 1, '2020-01-06 08:08:20', '2020-01-06 08:13:25'),
	(333, 62, 32, 'boolean', '1', 1, '2020-01-06 08:26:50', '2020-01-06 08:44:55'),
	(334, 62, 34, 'date', '2016-10-04', 1, '2020-01-06 08:26:50', '2020-01-06 08:44:55'),
	(335, 62, 39, 'boolean', '0', 0, '2020-01-06 08:26:50', '2020-01-06 08:44:54'),
	(336, 62, 40, 'date', NULL, 0, '2020-01-06 08:26:50', '2020-01-06 08:26:50'),
	(337, 62, 33, 'boolean', '1', 1, '2020-01-06 08:26:50', '2020-01-06 08:44:55'),
	(338, 62, 35, 'date', NULL, 0, '2020-01-06 08:26:50', '2020-01-06 08:26:50'),
	(339, 62, 37, 'boolean', '1', 1, '2020-01-06 08:26:50', '2020-01-06 08:44:55'),
	(340, 62, 41, 'value', '-', 1, '2020-01-06 08:26:50', '2020-01-06 08:26:50'),
	(341, 62, 42, 'date', '2017-09-28', 1, '2020-01-06 08:26:50', '2020-01-06 08:44:55'),
	(342, 63, 32, 'boolean', '1', 1, '2020-01-08 01:58:15', '2020-01-08 02:01:43'),
	(343, 63, 34, 'date', '2016-04-12', 1, '2020-01-08 01:58:15', '2020-01-08 02:01:43'),
	(344, 63, 39, 'boolean', '1', 1, '2020-01-08 01:58:16', '2020-01-08 02:01:43'),
	(345, 63, 40, 'date', NULL, 0, '2020-01-08 01:58:16', '2020-01-08 01:58:16'),
	(346, 63, 33, 'boolean', '1', 1, '2020-01-08 01:58:16', '2020-01-08 02:01:43'),
	(347, 63, 35, 'date', NULL, 0, '2020-01-08 01:58:16', '2020-01-08 01:58:16'),
	(348, 63, 37, 'boolean', '0', 0, '2020-01-08 01:58:16', '2020-01-08 02:01:43'),
	(349, 63, 41, 'value', '-', 1, '2020-01-08 01:58:16', '2020-01-08 01:58:16'),
	(350, 63, 42, 'date', '2017-10-06', 1, '2020-01-08 01:58:16', '2020-01-08 02:01:43'),
	(351, 64, 32, 'boolean', '1', 1, '2020-01-08 02:28:04', '2020-01-08 02:46:27'),
	(352, 64, 34, 'date', '2016-01-29', 1, '2020-01-08 02:28:04', '2020-01-08 02:46:16'),
	(353, 64, 39, 'boolean', '1', 1, '2020-01-08 02:28:04', '2020-01-08 02:46:27'),
	(354, 64, 40, 'date', '2017-11-24', 1, '2020-01-08 02:28:04', '2020-01-08 02:46:17'),
	(355, 64, 33, 'boolean', '1', 1, '2020-01-08 02:28:04', '2020-01-08 02:46:27'),
	(356, 64, 35, 'date', NULL, 0, '2020-01-08 02:28:04', '2020-01-08 02:28:04'),
	(357, 64, 37, 'boolean', '0', 0, '2020-01-08 02:28:04', '2020-01-08 02:46:27'),
	(358, 64, 41, 'value', '-', 1, '2020-01-08 02:28:04', '2020-01-08 02:28:04'),
	(359, 64, 42, 'date', '2017-10-09', 1, '2020-01-08 02:28:04', '2020-01-08 02:46:17'),
	(360, 65, 43, 'boolean', '1', 1, '2020-01-08 03:11:43', '2020-01-08 03:21:13'),
	(361, 65, 49, 'date', NULL, 0, '2020-01-08 03:11:43', '2020-01-08 03:11:43'),
	(362, 65, 44, 'date', '2013-06-18', 1, '2020-01-08 03:11:43', '2020-01-08 03:21:13'),
	(363, 65, 47, 'boolean', '0', 0, '2020-01-08 03:11:43', '2020-01-08 03:21:13'),
	(364, 65, 50, 'date', '2016-09-30', 1, '2020-01-08 03:11:43', '2020-01-08 03:21:13'),
	(365, 65, 46, 'boolean', '1', 1, '2020-01-08 03:11:43', '2020-01-08 03:21:13'),
	(366, 65, 48, 'date', '2014-06-06', 1, '2020-01-08 03:11:43', '2020-01-08 03:21:13'),
	(367, 66, 32, 'boolean', '0', 0, '2020-01-08 04:32:02', '2020-01-08 04:32:02'),
	(368, 66, 34, 'date', NULL, 0, '2020-01-08 04:32:02', '2020-01-08 04:32:02'),
	(369, 66, 39, 'boolean', '0', 0, '2020-01-08 04:32:02', '2020-01-08 04:32:02'),
	(370, 66, 40, 'date', NULL, 0, '2020-01-08 04:32:02', '2020-01-08 04:32:02'),
	(371, 66, 33, 'boolean', '0', 0, '2020-01-08 04:32:02', '2020-01-08 04:32:02'),
	(372, 66, 35, 'date', NULL, 0, '2020-01-08 04:32:02', '2020-01-08 04:32:02'),
	(373, 66, 37, 'boolean', '0', 0, '2020-01-08 04:32:02', '2020-01-08 04:32:02'),
	(374, 66, 41, 'value', '-', 1, '2020-01-08 04:32:02', '2020-01-08 04:32:02'),
	(375, 66, 42, 'date', NULL, 0, '2020-01-08 04:32:02', '2020-01-08 04:32:02'),
	(376, 67, 32, 'boolean', '0', 0, '2020-01-08 05:10:28', '2020-01-08 05:10:28'),
	(377, 67, 34, 'date', NULL, 0, '2020-01-08 05:10:28', '2020-01-08 05:10:28'),
	(378, 67, 39, 'boolean', '0', 0, '2020-01-08 05:10:28', '2020-01-08 05:10:28'),
	(379, 67, 40, 'date', NULL, 0, '2020-01-08 05:10:28', '2020-01-08 05:10:28'),
	(380, 67, 33, 'boolean', '0', 0, '2020-01-08 05:10:28', '2020-01-08 05:10:28'),
	(381, 67, 35, 'date', NULL, 0, '2020-01-08 05:10:28', '2020-01-08 05:10:28'),
	(382, 67, 37, 'boolean', '0', 0, '2020-01-08 05:10:28', '2020-01-08 05:10:28'),
	(383, 67, 41, 'value', '-', 1, '2020-01-08 05:10:28', '2020-01-08 05:10:28'),
	(384, 67, 42, 'date', NULL, 0, '2020-01-08 05:10:28', '2020-01-08 05:10:28'),
	(388, 69, 51, 'boolean', '1', 1, '2020-01-08 05:27:33', '2020-01-08 05:28:52'),
	(389, 69, 53, 'date', NULL, 0, '2020-01-08 05:27:33', '2020-01-08 05:27:33'),
	(390, 69, 55, 'boolean', '1', 1, '2020-01-08 05:27:33', '2020-01-08 05:28:52'),
	(391, 69, 52, 'boolean', '1', 1, '2020-01-08 05:27:33', '2020-01-08 05:28:52'),
	(392, 69, 54, 'date', '2017-01-23', 1, '2020-01-08 05:27:33', '2020-01-08 05:28:46'),
	(393, 69, 56, 'boolean', '0', 0, '2020-01-08 05:27:33', '2020-01-08 05:28:52'),
	(394, 70, 32, 'boolean', '1', 1, '2020-01-08 06:04:34', '2020-01-08 06:14:23'),
	(395, 70, 34, 'date', '2016-01-29', 1, '2020-01-08 06:04:34', '2020-01-08 06:07:45'),
	(396, 70, 39, 'boolean', '1', 1, '2020-01-08 06:04:34', '2020-01-08 06:14:23'),
	(397, 70, 40, 'date', '2017-11-24', 1, '2020-01-08 06:04:34', '2020-01-08 06:07:45'),
	(398, 70, 33, 'boolean', '1', 1, '2020-01-08 06:04:34', '2020-01-08 06:14:23'),
	(399, 70, 35, 'date', NULL, 0, '2020-01-08 06:04:34', '2020-01-08 06:04:34'),
	(400, 70, 37, 'boolean', '0', 0, '2020-01-08 06:04:35', '2020-01-08 06:14:24'),
	(401, 70, 41, 'value', '', 0, '2020-01-08 06:04:35', '2020-01-08 06:04:35'),
	(402, 70, 42, 'date', '2017-10-09', 1, '2020-01-08 06:04:35', '2020-01-08 06:07:45'),
	(403, 71, 43, 'boolean', '1', 1, '2020-01-08 06:15:40', '2020-01-08 06:22:04'),
	(404, 71, 49, 'date', NULL, 0, '2020-01-08 06:15:40', '2020-01-08 06:15:40'),
	(405, 71, 44, 'date', '2013-06-18', 1, '2020-01-08 06:15:40', '2020-01-08 06:22:04'),
	(406, 71, 47, 'boolean', '1', 1, '2020-01-08 06:15:40', '2020-01-08 06:22:04'),
	(407, 71, 50, 'date', '2016-11-07', 1, '2020-01-08 06:15:40', '2020-01-08 06:22:04'),
	(408, 71, 46, 'boolean', '0', 0, '2020-01-08 06:15:40', '2020-01-08 06:22:04'),
	(409, 71, 48, 'date', '2014-05-29', 1, '2020-01-08 06:15:40', '2020-01-08 06:22:04'),
	(413, 73, 32, 'boolean', '1', 1, '2020-01-08 07:02:58', '2020-01-08 07:07:13'),
	(414, 73, 34, 'date', NULL, 0, '2020-01-08 07:02:58', '2020-01-08 07:02:58'),
	(415, 73, 39, 'boolean', '1', 1, '2020-01-08 07:02:58', '2020-01-08 07:07:13'),
	(416, 73, 40, 'date', NULL, 0, '2020-01-08 07:02:59', '2020-01-08 07:02:59'),
	(417, 73, 33, 'boolean', '1', 1, '2020-01-08 07:02:59', '2020-01-08 07:07:13'),
	(418, 73, 35, 'date', '2017-01-05', 1, '2020-01-08 07:02:59', '2020-01-08 07:07:13'),
	(419, 73, 37, 'boolean', '1', 1, '2020-01-08 07:02:59', '2020-01-08 07:07:13'),
	(420, 73, 41, 'value', '-50 วัน ขยายเพิ่มตามมติครม.อี 70 วัน', 1, '2020-01-08 07:02:59', '2020-01-08 07:07:12'),
	(421, 73, 42, 'date', '2017-09-05', 1, '2020-01-08 07:02:59', '2020-01-08 07:07:13'),
	(425, 75, 32, 'boolean', '0', 0, '2020-01-08 07:43:45', '2020-01-08 07:43:45'),
	(426, 75, 34, 'date', NULL, 0, '2020-01-08 07:43:45', '2020-01-08 07:43:45'),
	(427, 75, 39, 'boolean', '0', 0, '2020-01-08 07:43:45', '2020-01-08 07:43:45'),
	(428, 75, 40, 'date', NULL, 0, '2020-01-08 07:43:45', '2020-01-08 07:43:45'),
	(429, 75, 33, 'boolean', '0', 0, '2020-01-08 07:43:46', '2020-01-08 07:43:46'),
	(430, 75, 35, 'date', NULL, 0, '2020-01-08 07:43:46', '2020-01-08 07:43:46'),
	(431, 75, 37, 'boolean', '0', 0, '2020-01-08 07:43:46', '2020-01-08 07:43:46'),
	(432, 75, 41, 'value', '-', 1, '2020-01-08 07:43:46', '2020-01-08 07:43:46'),
	(433, 75, 42, 'date', NULL, 0, '2020-01-08 07:43:46', '2020-01-08 07:43:46'),
	(434, 76, 32, 'boolean', '0', 0, '2020-02-02 09:03:03', '2020-02-02 09:03:03'),
	(435, 76, 34, 'date', NULL, 0, '2020-02-02 09:03:03', '2020-02-02 09:03:03'),
	(436, 76, 39, 'boolean', '0', 0, '2020-02-02 09:03:03', '2020-02-02 09:03:03'),
	(437, 76, 40, 'date', NULL, 0, '2020-02-02 09:03:03', '2020-02-02 09:03:03'),
	(438, 76, 33, 'boolean', '0', 0, '2020-02-02 09:03:03', '2020-02-02 09:03:03'),
	(439, 76, 35, 'date', NULL, 0, '2020-02-02 09:03:03', '2020-02-02 09:03:03'),
	(440, 76, 37, 'boolean', '0', 0, '2020-02-02 09:03:03', '2020-02-02 09:03:03'),
	(441, 76, 41, 'value', '-', 1, '2020-02-02 09:03:03', '2020-02-02 09:03:03'),
	(442, 76, 42, 'date', NULL, 0, '2020-02-02 09:03:03', '2020-02-02 09:03:03'),
	(443, 77, 43, 'boolean', '0', 0, '2020-02-02 09:03:03', '2020-02-02 09:03:03'),
	(444, 77, 49, 'date', NULL, 0, '2020-02-02 09:03:03', '2020-02-02 09:03:03'),
	(445, 77, 44, 'date', NULL, 0, '2020-02-02 09:03:03', '2020-02-02 09:03:03'),
	(446, 77, 47, 'boolean', '0', 0, '2020-02-02 09:03:03', '2020-02-02 09:03:03'),
	(447, 77, 50, 'date', NULL, 0, '2020-02-02 09:03:03', '2020-02-02 09:03:03'),
	(448, 77, 46, 'boolean', '0', 0, '2020-02-02 09:03:03', '2020-02-02 09:03:03'),
	(449, 77, 48, 'date', NULL, 0, '2020-02-02 09:03:04', '2020-02-02 09:03:04'),
	(456, 80, 51, 'boolean', '1', 1, '2020-02-25 09:34:00', '2020-02-25 09:38:33'),
	(457, 80, 53, 'date', '2020-02-25', 0, '2020-02-25 09:34:00', '2020-02-25 09:34:24'),
	(458, 80, 55, 'boolean', '1', 1, '2020-02-25 09:34:00', '2020-02-25 09:38:33'),
	(459, 80, 52, 'boolean', '1', 1, '2020-02-25 09:34:00', '2020-02-25 09:38:33'),
	(460, 80, 54, 'date', '2017-02-01', 1, '2020-02-25 09:34:00', '2020-02-25 09:38:33'),
	(461, 80, 56, 'boolean', '1', 1, '2020-02-25 09:34:00', '2020-02-25 09:38:33'),
	(462, 80, 57, 'value', '-', 1, '2020-02-25 09:34:01', '2020-02-25 09:34:01'),
	(463, 80, 58, 'date', '2019-04-27', 1, '2020-02-25 09:34:01', '2020-02-25 09:37:45'),
	(464, 81, 32, 'boolean', '0', 0, '2020-03-02 02:38:16', '2020-03-02 02:38:33'),
	(465, 81, 33, 'boolean', '0', 0, '2020-03-02 02:38:16', '2020-03-02 02:38:33'),
	(466, 81, 42, 'date', NULL, 0, '2020-03-02 02:38:17', '2020-03-02 02:38:17'),
	(467, 82, 43, 'boolean', '0', 0, '2020-03-02 02:38:47', '2020-03-02 02:38:47'),
	(468, 82, 44, 'date', NULL, 0, '2020-03-02 02:38:47', '2020-03-02 02:38:47'),
	(469, 82, 48, 'date', NULL, 0, '2020-03-02 02:38:47', '2020-03-02 02:38:47'),
	(470, 83, 32, 'boolean', '0', 0, '2020-03-02 02:39:02', '2020-03-02 02:39:02'),
	(471, 83, 33, 'boolean', '0', 0, '2020-03-02 02:39:02', '2020-03-02 02:39:02'),
	(472, 83, 42, 'date', NULL, 0, '2020-03-02 02:39:02', '2020-03-02 02:39:02'),
	(473, 84, 32, 'boolean', '0', 0, '2020-03-02 02:39:29', '2020-03-02 02:39:41'),
	(474, 84, 33, 'boolean', '0', 0, '2020-03-02 02:39:29', '2020-03-02 02:39:41'),
	(475, 84, 42, 'date', NULL, 0, '2020-03-02 02:39:29', '2020-03-02 02:39:29'),
	(476, 85, 51, 'boolean', '0', 0, '2020-03-02 02:40:37', '2020-03-02 02:40:48'),
	(477, 85, 52, 'boolean', '0', 0, '2020-03-02 02:40:38', '2020-03-02 02:40:48'),
	(478, 85, 57, 'value', '-', 1, '2020-03-02 02:40:38', '2020-03-02 02:40:38'),
	(479, 85, 58, 'date', NULL, 0, '2020-03-02 02:40:38', '2020-03-02 02:40:38'),
	(482, 87, 43, 'boolean', '0', 0, '2020-03-02 02:42:29', '2020-03-02 02:42:29'),
	(483, 87, 44, 'date', NULL, 0, '2020-03-02 02:42:29', '2020-03-02 02:42:29'),
	(484, 87, 48, 'date', NULL, 0, '2020-03-02 02:42:29', '2020-03-02 02:42:29'),
	(485, 88, 51, 'boolean', '0', 0, '2020-03-02 02:44:51', '2020-03-02 02:44:51'),
	(486, 88, 52, 'boolean', '0', 0, '2020-03-02 02:44:51', '2020-03-02 02:44:51'),
	(487, 88, 57, 'value', '-', 1, '2020-03-02 02:44:51', '2020-03-02 02:44:51'),
	(488, 88, 58, 'date', NULL, 0, '2020-03-02 02:44:51', '2020-03-02 02:44:51'),
	(489, 89, 43, 'boolean', '0', 0, '2020-03-02 02:48:53', '2020-03-02 02:48:53'),
	(490, 89, 44, 'date', NULL, 0, '2020-03-02 02:48:53', '2020-03-02 02:48:53'),
	(491, 89, 48, 'date', NULL, 0, '2020-03-02 02:48:53', '2020-03-02 02:48:53'),
	(492, 90, 43, 'boolean', '0', 0, '2020-03-02 02:52:02', '2020-03-02 02:52:02'),
	(493, 90, 44, 'date', NULL, 0, '2020-03-02 02:52:02', '2020-03-02 02:52:02'),
	(494, 90, 48, 'date', NULL, 0, '2020-03-02 02:52:02', '2020-03-02 02:52:02'),
	(495, 91, 32, 'boolean', '0', 0, '2020-03-02 03:08:49', '2020-03-02 03:08:49'),
	(496, 91, 33, 'boolean', '0', 0, '2020-03-02 03:08:49', '2020-03-02 03:08:49'),
	(497, 91, 42, 'date', NULL, 0, '2020-03-02 03:08:49', '2020-03-02 03:08:49'),
	(498, 92, 43, 'boolean', '0', 0, '2020-03-02 03:08:49', '2020-03-02 03:08:49'),
	(499, 92, 44, 'date', NULL, 0, '2020-03-02 03:08:49', '2020-03-02 03:08:49'),
	(500, 92, 48, 'date', NULL, 0, '2020-03-02 03:08:49', '2020-03-02 03:08:49'),
	(501, 95, 43, 'boolean', '0', 0, '2020-03-02 03:49:42', '2020-03-02 03:49:42'),
	(502, 95, 44, 'date', NULL, 0, '2020-03-02 03:49:42', '2020-03-02 03:49:42'),
	(503, 95, 48, 'date', NULL, 0, '2020-03-02 03:49:42', '2020-03-02 03:49:42'),
	(504, 103, 43, 'boolean', '0', 0, '2020-03-02 04:24:35', '2020-03-02 04:24:35'),
	(505, 103, 44, 'date', NULL, 0, '2020-03-02 04:24:35', '2020-03-02 04:24:35'),
	(506, 103, 46, 'boolean', '0', 0, '2020-03-02 04:24:35', '2020-03-02 04:24:35'),
	(507, 103, 47, 'boolean', '0', 0, '2020-03-02 04:24:36', '2020-03-02 04:24:36'),
	(508, 103, 48, 'date', NULL, 0, '2020-03-02 04:24:36', '2020-03-02 04:24:36'),
	(509, 103, 49, 'date', NULL, 0, '2020-03-02 04:24:36', '2020-03-02 04:24:36'),
	(510, 103, 50, 'date', NULL, 0, '2020-03-02 04:24:36', '2020-03-02 04:24:36'),
	(517, 106, 43, 'boolean', '1', 1, '2020-03-02 04:28:10', '2020-03-02 04:34:32'),
	(518, 106, 44, 'date', '2013-04-30', 1, '2020-03-02 04:28:10', '2020-03-02 04:34:32'),
	(519, 106, 46, 'boolean', '1', 1, '2020-03-02 04:28:10', '2020-03-02 04:34:32'),
	(520, 106, 47, 'boolean', '1', 1, '2020-03-02 04:28:10', '2020-03-02 04:34:32'),
	(521, 106, 48, 'date', '2020-03-02', 1, '2020-03-02 04:28:10', '2020-03-02 04:29:07'),
	(522, 106, 49, 'date', '2020-03-02', 1, '2020-03-02 04:28:10', '2020-03-02 04:29:07'),
	(523, 106, 50, 'date', '2020-03-02', 0, '2020-03-02 04:28:10', '2020-03-02 04:29:07'),
	(524, 107, 32, 'boolean', '0', 0, '2020-03-02 08:13:26', '2020-03-02 08:13:38'),
	(525, 107, 33, 'boolean', '0', 0, '2020-03-02 08:13:26', '2020-03-02 08:13:38'),
	(526, 107, 42, 'date', NULL, 0, '2020-03-02 08:13:26', '2020-03-02 08:13:26'),
	(527, 108, 32, 'boolean', '0', 0, '2020-03-02 08:14:23', '2020-03-02 08:14:23'),
	(528, 108, 33, 'boolean', '0', 0, '2020-03-02 08:14:23', '2020-03-02 08:14:23'),
	(529, 108, 34, 'date', NULL, 0, '2020-03-02 08:14:23', '2020-03-02 08:14:23'),
	(530, 108, 35, 'date', NULL, 0, '2020-03-02 08:14:23', '2020-03-02 08:14:23'),
	(531, 108, 39, 'boolean', '0', 0, '2020-03-02 08:14:23', '2020-03-02 08:14:23'),
	(532, 108, 37, 'boolean', '0', 0, '2020-03-02 08:14:23', '2020-03-02 08:14:23'),
	(533, 108, 40, 'date', NULL, 0, '2020-03-02 08:14:23', '2020-03-02 08:14:23'),
	(534, 108, 41, 'value', '-', 1, '2020-03-02 08:14:24', '2020-03-02 08:14:24'),
	(535, 108, 42, 'date', NULL, 0, '2020-03-02 08:14:24', '2020-03-02 08:14:24'),
	(536, 109, 32, 'boolean', '0', 0, '2020-03-03 02:52:39', '2020-03-03 02:52:39'),
	(537, 109, 33, 'boolean', '0', 0, '2020-03-03 02:52:39', '2020-03-03 02:52:39'),
	(538, 109, 34, 'date', NULL, 0, '2020-03-03 02:52:39', '2020-03-03 02:52:39'),
	(539, 109, 35, 'date', NULL, 0, '2020-03-03 02:52:39', '2020-03-03 02:52:39'),
	(540, 109, 39, 'boolean', '0', 0, '2020-03-03 02:52:39', '2020-03-03 02:52:39'),
	(541, 109, 37, 'boolean', '0', 0, '2020-03-03 02:52:39', '2020-03-03 02:52:39'),
	(542, 109, 40, 'date', NULL, 0, '2020-03-03 02:52:39', '2020-03-03 02:52:39'),
	(543, 109, 41, 'value', '-', 1, '2020-03-03 02:52:39', '2020-03-03 02:52:39'),
	(544, 109, 42, 'date', NULL, 0, '2020-03-03 02:52:39', '2020-03-03 02:52:39'),
	(545, 110, 32, 'boolean', '1', 1, '2020-03-03 04:20:24', '2020-03-03 07:43:16'),
	(546, 110, 33, 'boolean', '1', 1, '2020-03-03 04:20:24', '2020-03-03 07:43:16'),
	(547, 110, 34, 'date', '2016-10-20', 1, '2020-03-03 04:20:24', '2020-03-03 04:35:23'),
	(548, 110, 35, 'date', NULL, 0, '2020-03-03 04:20:25', '2020-03-03 04:20:25'),
	(549, 110, 39, 'boolean', '0', 0, '2020-03-03 04:20:25', '2020-03-03 07:43:16'),
	(550, 110, 37, 'boolean', '1', 1, '2020-03-03 04:20:25', '2020-03-03 07:43:16'),
	(551, 110, 40, 'date', '2017-01-25', 1, '2020-03-03 04:20:25', '2020-03-03 04:35:23'),
	(552, 110, 41, 'value', NULL, 0, '2020-03-03 04:20:25', '2020-03-03 07:43:16'),
	(553, 110, 42, 'date', '2017-09-18', 1, '2020-03-03 04:20:25', '2020-03-03 04:35:23'),
	(554, 111, 32, 'boolean', '1', 1, '2020-03-03 06:49:00', '2020-03-03 07:01:54'),
	(555, 111, 33, 'boolean', '1', 1, '2020-03-03 06:49:00', '2020-03-03 07:01:54'),
	(556, 111, 34, 'date', '2016-11-03', 1, '2020-03-03 06:49:00', '2020-03-03 06:53:21'),
	(557, 111, 35, 'date', NULL, 0, '2020-03-03 06:49:00', '2020-03-03 06:49:00'),
	(558, 111, 39, 'boolean', '1', 1, '2020-03-03 06:49:00', '2020-03-03 07:01:54'),
	(559, 111, 37, 'boolean', '0', 0, '2020-03-03 06:49:00', '2020-03-03 07:01:54'),
	(560, 111, 40, 'date', '2017-02-08', 1, '2020-03-03 06:49:00', '2020-03-03 06:51:56'),
	(561, 111, 41, 'value', '-', 1, '2020-03-03 06:49:00', '2020-03-03 06:49:00'),
	(562, 111, 42, 'date', '2017-09-13', 1, '2020-03-03 06:49:00', '2020-03-03 06:51:56'),
	(563, 112, 59, 'value', 'ระเบียบ รฟท. ว่าด้วยการจ้าง พ.ศ. 2544 ข้อ 93', 1, '2020-03-03 07:14:26', '2020-03-03 07:21:39'),
	(564, 112, 60, 'boolean', '1', 1, '2020-03-03 07:14:26', '2020-03-03 08:37:18'),
	(565, 112, 61, 'boolean', '0', 0, '2020-03-03 07:14:26', '2020-03-03 08:37:18'),
	(566, 112, 62, 'date', NULL, 0, '2020-03-03 07:14:26', '2020-03-03 07:14:26'),
	(567, 112, 63, 'date', NULL, 0, '2020-03-03 07:14:26', '2020-03-03 07:14:26'),
	(568, 112, 64, 'boolean', '1', 1, '2020-03-03 07:14:26', '2020-03-03 08:37:18'),
	(569, 112, 65, 'date', '2017-02-17', 1, '2020-03-03 07:14:26', '2020-03-03 08:08:30'),
	(570, 112, 66, 'date', '2017-02-21', 1, '2020-03-03 07:14:26', '2020-03-03 08:08:30'),
	(571, 113, 43, 'boolean', '0', 0, '2020-03-04 01:47:01', '2020-03-04 01:47:01'),
	(572, 113, 44, 'date', NULL, 0, '2020-03-04 01:47:01', '2020-03-04 01:47:01'),
	(573, 113, 46, 'boolean', '0', 0, '2020-03-04 01:47:01', '2020-03-04 01:47:01'),
	(574, 113, 47, 'boolean', '0', 0, '2020-03-04 01:47:02', '2020-03-04 01:47:02'),
	(575, 113, 48, 'date', NULL, 0, '2020-03-04 01:47:02', '2020-03-04 01:47:02'),
	(576, 113, 49, 'date', NULL, 0, '2020-03-04 01:47:02', '2020-03-04 01:47:02'),
	(577, 113, 50, 'date', NULL, 0, '2020-03-04 01:47:02', '2020-03-04 01:47:02'),
	(578, 114, 43, 'boolean', '1', 1, '2020-03-04 05:50:53', '2020-03-04 06:12:09'),
	(579, 114, 44, 'date', '2013-06-18', 1, '2020-03-04 05:50:53', '2020-03-04 06:12:09'),
	(580, 114, 46, 'boolean', '0', 0, '2020-03-04 05:50:53', '2020-03-04 06:12:08'),
	(581, 114, 47, 'boolean', '1', 1, '2020-03-04 05:50:53', '2020-03-04 06:12:09'),
	(582, 114, 48, 'date', '2014-03-06', 1, '2020-03-04 05:50:53', '2020-03-04 06:12:09'),
	(583, 114, 49, 'date', NULL, 0, '2020-03-04 05:50:53', '2020-03-04 05:50:53'),
	(584, 114, 50, 'date', '2016-09-30', 1, '2020-03-04 05:50:53', '2020-03-04 06:12:09'),
	(585, 115, 59, 'value', 'พรบ. จัดซื้อจัดจ้าง ปี 60 มาตรา 102 และระเบียบจัดซื้อจัดจ้าง ปี 60 ข้อ 182', 1, '2020-03-04 07:45:57', '2020-03-04 07:55:45'),
	(586, 115, 60, 'boolean', '1', 1, '2020-03-04 07:45:57', '2020-03-04 07:55:45'),
	(587, 115, 67, 'value', 'ส่งมอบพื้นที่ล่าช้า', 1, '2020-03-04 07:45:57', '2020-03-04 07:46:18'),
	(588, 115, 61, 'boolean', '0', 0, '2020-03-04 07:45:57', '2020-03-04 07:55:45'),
	(589, 115, 62, 'date', NULL, 0, '2020-03-04 07:45:57', '2020-03-04 07:45:57'),
	(590, 115, 63, 'date', NULL, 0, '2020-03-04 07:45:57', '2020-03-04 07:45:57'),
	(591, 115, 64, 'boolean', '0', 0, '2020-03-04 07:45:57', '2020-03-04 07:55:45'),
	(592, 115, 65, 'date', NULL, 0, '2020-03-04 07:45:57', '2020-03-04 07:45:57'),
	(593, 115, 66, 'date', NULL, 0, '2020-03-04 07:45:57', '2020-03-04 07:45:57'),
	(594, 116, 43, 'boolean', '1', 1, '2020-03-05 08:36:03', '2020-03-11 03:56:25'),
	(595, 116, 44, 'date', '2013-06-28', 1, '2020-03-05 08:36:03', '2020-03-05 08:37:38'),
	(596, 116, 46, 'boolean', '0', 0, '2020-03-05 08:36:03', '2020-03-11 03:56:25'),
	(597, 116, 47, 'boolean', '1', 1, '2020-03-05 08:36:03', '2020-03-11 03:56:25'),
	(598, 116, 48, 'date', '2014-04-08', 1, '2020-03-05 08:36:03', '2020-03-05 08:37:38'),
	(599, 116, 49, 'date', NULL, 0, '2020-03-05 08:36:03', '2020-03-05 08:36:03'),
	(600, 116, 50, 'date', '2016-09-29', 1, '2020-03-05 08:36:03', '2020-03-05 08:37:38'),
	(601, 117, 43, 'boolean', '1', 1, '2020-03-06 02:09:46', '2020-03-06 02:12:36'),
	(602, 117, 44, 'date', '2013-06-18', 1, '2020-03-06 02:09:46', '2020-03-06 02:12:36'),
	(603, 117, 46, 'boolean', '0', 0, '2020-03-06 02:09:47', '2020-03-06 02:12:36'),
	(604, 117, 47, 'boolean', '1', 1, '2020-03-06 02:09:47', '2020-03-06 02:12:36'),
	(605, 117, 48, 'date', '2014-06-12', 1, '2020-03-06 02:09:47', '2020-03-06 02:12:36'),
	(606, 117, 49, 'date', NULL, 0, '2020-03-06 02:09:47', '2020-03-06 02:09:47'),
	(607, 117, 50, 'date', '2016-09-29', 1, '2020-03-06 02:09:47', '2020-03-06 02:12:36'),
	(608, 118, 43, 'boolean', '1', 1, '2020-03-06 07:19:37', '2020-03-06 07:23:30'),
	(609, 118, 44, 'date', '2013-08-23', 1, '2020-03-06 07:19:37', '2020-03-06 07:23:30'),
	(610, 118, 46, 'boolean', '0', 0, '2020-03-06 07:19:37', '2020-03-06 07:23:30'),
	(611, 118, 47, 'boolean', '1', 1, '2020-03-06 07:19:37', '2020-03-06 07:23:30'),
	(612, 118, 48, 'date', '2014-10-23', 1, '2020-03-06 07:19:38', '2020-03-06 07:23:30'),
	(613, 118, 49, 'date', '2016-10-21', 1, '2020-03-06 07:19:38', '2020-03-06 07:23:30'),
	(614, 118, 50, 'date', '2016-10-21', 1, '2020-03-06 07:19:38', '2020-03-06 07:23:30'),
	(615, 119, 43, 'boolean', '1', 1, '2020-03-06 07:25:44', '2020-03-06 07:28:08'),
	(616, 119, 44, 'date', '2013-08-23', 1, '2020-03-06 07:25:44', '2020-03-06 07:28:08'),
	(617, 119, 46, 'boolean', '0', 0, '2020-03-06 07:25:44', '2020-03-06 07:28:08'),
	(618, 119, 47, 'boolean', '1', 1, '2020-03-06 07:25:44', '2020-03-06 07:28:08'),
	(619, 119, 48, 'date', '2014-10-23', 1, '2020-03-06 07:25:44', '2020-03-06 07:28:08'),
	(620, 119, 49, 'date', NULL, 0, '2020-03-06 07:25:44', '2020-03-06 07:25:44'),
	(621, 119, 50, 'date', '2016-10-21', 1, '2020-03-06 07:25:44', '2020-03-06 07:28:08'),
	(622, 120, 32, 'boolean', '0', 0, '2020-03-12 07:12:07', '2020-03-12 07:16:55'),
	(623, 120, 33, 'boolean', '0', 0, '2020-03-12 07:12:07', '2020-03-12 07:16:55'),
	(624, 120, 34, 'date', NULL, 0, '2020-03-12 07:12:07', '2020-03-12 07:12:07'),
	(625, 120, 35, 'date', NULL, 0, '2020-03-12 07:12:07', '2020-03-12 07:12:07'),
	(626, 120, 39, 'boolean', '0', 0, '2020-03-12 07:12:07', '2020-03-12 07:16:55'),
	(627, 120, 37, 'boolean', '0', 0, '2020-03-12 07:12:07', '2020-03-12 07:16:55'),
	(628, 120, 40, 'value', '-', 1, '2020-03-12 07:12:07', '2020-03-12 07:12:08'),
	(629, 120, 69, 'date', NULL, 0, '2020-03-12 07:12:07', '2020-03-12 07:12:07'),
	(630, 120, 41, 'value', '-', 1, '2020-03-12 07:12:07', '2020-03-12 07:12:08'),
	(631, 120, 42, 'date', NULL, 0, '2020-03-12 07:12:07', '2020-03-12 07:12:07'),
	(632, 121, 32, 'boolean', '0', 0, '2020-03-12 07:17:09', '2020-03-12 07:17:09'),
	(633, 121, 33, 'boolean', '0', 0, '2020-03-12 07:17:09', '2020-03-12 07:17:09'),
	(634, 121, 34, 'date', NULL, 0, '2020-03-12 07:17:09', '2020-03-12 07:17:09'),
	(635, 121, 35, 'date', NULL, 0, '2020-03-12 07:17:09', '2020-03-12 07:17:09'),
	(636, 121, 39, 'boolean', '0', 0, '2020-03-12 07:17:09', '2020-03-12 07:17:09'),
	(637, 121, 70, 'date', NULL, 0, '2020-03-12 07:17:09', '2020-03-12 07:17:09'),
	(638, 121, 37, 'boolean', '0', 0, '2020-03-12 07:17:09', '2020-03-12 07:17:09'),
	(639, 121, 71, 'date', NULL, 0, '2020-03-12 07:17:09', '2020-03-12 07:17:09'),
	(640, 121, 40, 'value', '-', 1, '2020-03-12 07:17:09', '2020-03-12 07:17:09'),
	(641, 121, 69, 'date', NULL, 0, '2020-03-12 07:17:09', '2020-03-12 07:17:09'),
	(642, 121, 41, 'value', '-', 1, '2020-03-12 07:17:09', '2020-03-12 07:17:09'),
	(643, 121, 42, 'date', NULL, 0, '2020-03-12 07:17:09', '2020-03-12 07:17:09'),
	(644, 122, 32, 'boolean', '1', 1, '2020-03-12 07:20:51', '2020-03-12 07:22:50'),
	(645, 122, 33, 'boolean', '1', 1, '2020-03-12 07:20:51', '2020-03-12 07:22:50'),
	(646, 122, 34, 'date', '2016-11-28', 1, '2020-03-12 07:20:51', '2020-03-12 07:22:50'),
	(647, 122, 35, 'date', NULL, 0, '2020-03-12 07:20:51', '2020-03-12 07:20:51'),
	(648, 122, 39, 'boolean', '1', 1, '2020-03-12 07:20:51', '2020-03-12 07:22:50'),
	(649, 122, 70, 'date', '2017-07-26', 1, '2020-03-12 07:20:51', '2020-03-12 07:22:50'),
	(650, 122, 37, 'boolean', '0', 0, '2020-03-12 07:20:51', '2020-03-12 07:22:50'),
	(651, 122, 71, 'date', NULL, 0, '2020-03-12 07:20:51', '2020-03-12 07:20:51'),
	(652, 122, 40, 'value', '13 วัน', 1, '2020-03-12 07:20:51', '2020-03-12 07:22:50'),
	(653, 122, 69, 'date', '2017-07-26', 1, '2020-03-12 07:20:52', '2020-03-12 07:22:50'),
	(654, 122, 41, 'value', '-', 1, '2020-03-12 07:20:52', '2020-03-12 07:20:52'),
	(655, 122, 42, 'date', '2017-08-23', 1, '2020-03-12 07:20:52', '2020-03-12 07:22:51'),
	(656, 123, 32, 'boolean', '0', 0, '2020-03-12 08:05:29', '2020-03-12 08:05:29'),
	(657, 123, 33, 'boolean', '0', 0, '2020-03-12 08:05:29', '2020-03-12 08:05:29'),
	(658, 123, 34, 'date', NULL, 0, '2020-03-12 08:05:29', '2020-03-12 08:05:29'),
	(659, 123, 35, 'date', NULL, 0, '2020-03-12 08:05:29', '2020-03-12 08:05:29'),
	(660, 123, 39, 'boolean', '0', 0, '2020-03-12 08:05:29', '2020-03-12 08:05:29'),
	(661, 123, 70, 'date', NULL, 0, '2020-03-12 08:05:29', '2020-03-12 08:05:29'),
	(662, 123, 37, 'boolean', '0', 0, '2020-03-12 08:05:29', '2020-03-12 08:05:29'),
	(663, 123, 71, 'date', NULL, 0, '2020-03-12 08:05:29', '2020-03-12 08:05:29'),
	(664, 123, 72, 'value', '-', 1, '2020-03-12 08:05:29', '2020-03-12 08:05:29'),
	(665, 123, 73, 'date', NULL, 0, '2020-03-12 08:05:29', '2020-03-12 08:05:29'),
	(666, 123, 74, 'date', NULL, 0, '2020-03-12 08:05:29', '2020-03-12 08:05:29'),
	(667, 123, 40, 'value', '-', 1, '2020-03-12 08:05:29', '2020-03-12 08:05:29'),
	(668, 123, 69, 'date', NULL, 0, '2020-03-12 08:05:29', '2020-03-12 08:05:29'),
	(669, 123, 41, 'value', '-', 1, '2020-03-12 08:05:29', '2020-03-12 08:05:29'),
	(670, 123, 42, 'date', NULL, 0, '2020-03-12 08:05:29', '2020-03-12 08:05:29'),
	(671, 124, 32, 'boolean', '0', 0, '2020-03-12 08:08:30', '2020-03-12 08:08:40'),
	(672, 124, 33, 'boolean', '0', 0, '2020-03-12 08:08:30', '2020-03-12 08:08:40'),
	(673, 124, 34, 'date', NULL, 0, '2020-03-12 08:08:30', '2020-03-12 08:08:30'),
	(674, 124, 35, 'date', NULL, 0, '2020-03-12 08:08:30', '2020-03-12 08:08:30'),
	(675, 124, 39, 'boolean', '0', 0, '2020-03-12 08:08:30', '2020-03-12 08:08:40'),
	(676, 124, 70, 'date', NULL, 0, '2020-03-12 08:08:30', '2020-03-12 08:08:30'),
	(677, 124, 37, 'boolean', '0', 0, '2020-03-12 08:08:30', '2020-03-12 08:08:40'),
	(678, 124, 71, 'date', NULL, 0, '2020-03-12 08:08:30', '2020-03-12 08:08:30'),
	(679, 124, 72, 'value', '-', 1, '2020-03-12 08:08:30', '2020-03-12 08:08:31'),
	(680, 124, 73, 'date', NULL, 0, '2020-03-12 08:08:31', '2020-03-12 08:08:31'),
	(681, 124, 74, 'date', NULL, 0, '2020-03-12 08:08:31', '2020-03-12 08:08:31'),
	(682, 124, 40, 'value', '-', 1, '2020-03-12 08:08:31', '2020-03-12 08:08:31'),
	(683, 124, 69, 'date', NULL, 0, '2020-03-12 08:08:31', '2020-03-12 08:08:31'),
	(684, 124, 41, 'value', '-', 1, '2020-03-12 08:08:31', '2020-03-12 08:08:31'),
	(685, 124, 42, 'date', NULL, 0, '2020-03-12 08:08:31', '2020-03-12 08:08:31');
/*!40000 ALTER TABLE `13_refund_details` ENABLE KEYS */;

-- Dumping structure for table refund2.14_refund_files
DROP TABLE IF EXISTS `14_refund_files`;
CREATE TABLE IF NOT EXISTS `14_refund_files` (
  `id` int(10) unsigned NOT NULL AUTO_INCREMENT,
  `refund_id` int(10) unsigned NOT NULL,
  `file_name` varchar(191) COLLATE utf8mb4_unicode_ci NOT NULL,
  `file_path` varchar(191) COLLATE utf8mb4_unicode_ci NOT NULL,
  `description` text COLLATE utf8mb4_unicode_ci DEFAULT NULL,
  `upload_by` varchar(191) COLLATE utf8mb4_unicode_ci DEFAULT NULL,
  `status` tinyint(4) DEFAULT NULL,
  `created_at` timestamp NULL DEFAULT NULL,
  `updated_at` timestamp NULL DEFAULT NULL,
  PRIMARY KEY (`id`),
  KEY `14_refund_files_refund_id_index` (`refund_id`),
  CONSTRAINT `14_refund_files_refund_id_foreign` FOREIGN KEY (`refund_id`) REFERENCES `2_refunds` (`id`) ON DELETE CASCADE
) ENGINE=InnoDB AUTO_INCREMENT=24 DEFAULT CHARSET=utf8mb4 COLLATE=utf8mb4_unicode_ci;

-- Dumping data for table refund2.14_refund_files: ~0 rows (approximately)
/*!40000 ALTER TABLE `14_refund_files` DISABLE KEYS */;
INSERT INTO `14_refund_files` (`id`, `refund_id`, `file_name`, `file_path`, `description`, `upload_by`, `status`, `created_at`, `updated_at`) VALUES
	(19, 24, '2_24.pdf', 'dae510ceb8bc9fe273f445235646c260fb22926c21e22299e67cc8f0d9df11c1', 'คำอธิบาย', 'xxx', 1, '2019-12-24 09:34:53', '2019-12-24 09:34:53'),
	(20, 28, '2_28.pdf', 'dfa880baac5caba49f1c3526042b5cff07f9778fadfa2760968c0c39e07a854d', 'test', 'user', 1, '2019-12-27 03:16:00', '2019-12-27 03:16:00'),
	(21, 54, '2_54.pdf', '9c9caaedff8904befbadcce426aa3451542625cf42084984f2221cdcb616c368', NULL, 'user', 1, '2020-01-08 05:42:17', '2020-01-08 05:42:17'),
	(22, 62, '2_62.pdf', '77557e974e37ccfabe8235cba1f62dcb18da787d768f57a7308234364fdfe84e', NULL, 'user', 1, '2020-02-25 09:42:47', '2020-02-25 09:42:47'),
	(23, 56, '2_56.pdf', 'e5192013c17e2c1d9bfd24a9923e67d8b86e76d52b440bbe1966b9c9df90ef97', NULL, 'user', 1, '2020-02-26 07:28:46', '2020-02-26 07:28:46');
/*!40000 ALTER TABLE `14_refund_files` ENABLE KEYS */;

-- Dumping structure for table refund2.1_offices
DROP TABLE IF EXISTS `1_offices`;
CREATE TABLE IF NOT EXISTS `1_offices` (
  `id` int(10) unsigned NOT NULL AUTO_INCREMENT,
  `code` varchar(191) COLLATE utf8mb4_unicode_ci DEFAULT NULL,
  `name` varchar(191) COLLATE utf8mb4_unicode_ci NOT NULL,
  `contact_name` varchar(191) COLLATE utf8mb4_unicode_ci NOT NULL,
  `phone` varchar(191) COLLATE utf8mb4_unicode_ci NOT NULL,
  `status` tinyint(4) NOT NULL,
  `created_at` timestamp NULL DEFAULT NULL,
  `updated_at` timestamp NULL DEFAULT NULL,
  PRIMARY KEY (`id`),
  UNIQUE KEY `1_offices_code_unique` (`code`)
) ENGINE=InnoDB AUTO_INCREMENT=3 DEFAULT CHARSET=utf8mb4 COLLATE=utf8mb4_unicode_ci;

-- Dumping data for table refund2.1_offices: ~2 rows (approximately)
/*!40000 ALTER TABLE `1_offices` DISABLE KEYS */;
INSERT INTO `1_offices` (`id`, `code`, `name`, `contact_name`, `phone`, `status`, `created_at`, `updated_at`) VALUES
	(1, '1111', 'xxxx', 'xxxx', '1111', 1, NULL, NULL),
	(2, '2222', 'yyyy', 'yyyy', '2222', 1, NULL, NULL);
/*!40000 ALTER TABLE `1_offices` ENABLE KEYS */;

-- Dumping structure for table refund2.2_refunds
DROP TABLE IF EXISTS `2_refunds`;
CREATE TABLE IF NOT EXISTS `2_refunds` (
  `id` int(10) unsigned NOT NULL AUTO_INCREMENT,
  `office_id` int(10) unsigned NOT NULL,
  `approve_code` varchar(191) COLLATE utf8mb4_unicode_ci NOT NULL,
  `create_date` date NOT NULL,
  `sent_date` date DEFAULT NULL,
  `complete_date` date DEFAULT NULL,
  `status` tinyint(4) DEFAULT NULL,
  `created_at` timestamp NULL DEFAULT NULL,
  `updated_at` timestamp NULL DEFAULT NULL,
  PRIMARY KEY (`id`),
  UNIQUE KEY `2_refunds_id_unique` (`id`),
  KEY `2_refunds_office_id_index` (`office_id`),
  CONSTRAINT `2_refunds_office_id_foreign` FOREIGN KEY (`office_id`) REFERENCES `1_offices` (`id`) ON DELETE CASCADE
) ENGINE=InnoDB AUTO_INCREMENT=109 DEFAULT CHARSET=utf8mb4 COLLATE=utf8mb4_unicode_ci;

-- Dumping data for table refund2.2_refunds: ~83 rows (approximately)
/*!40000 ALTER TABLE `2_refunds` DISABLE KEYS */;
INSERT INTO `2_refunds` (`id`, `office_id`, `approve_code`, `create_date`, `sent_date`, `complete_date`, `status`, `created_at`, `updated_at`) VALUES
	(24, 2, '123456', '2019-12-24', '2019-12-24', NULL, 0, '2019-12-24 08:54:15', '2020-02-21 07:49:59'),
	(25, 2, '123456', '2019-12-27', NULL, NULL, 0, '2019-12-27 01:09:58', '2020-02-21 07:50:01'),
	(26, 2, '123456', '2019-12-27', NULL, NULL, 0, '2019-12-27 02:48:36', '2020-02-19 04:24:13'),
	(27, 2, '123456', '2019-12-27', NULL, NULL, 0, '2019-12-27 02:57:51', '2020-02-21 07:50:03'),
	(28, 2, '123456', '2019-12-27', '2019-12-27', NULL, 0, '2019-12-27 03:00:50', '2020-02-21 07:50:06'),
	(29, 2, '123456', '2019-12-27', NULL, NULL, 0, '2019-12-27 07:55:47', '2020-02-21 07:50:09'),
	(30, 2, '123456', '2019-12-27', NULL, NULL, 0, '2019-12-27 07:59:05', '2020-02-19 04:25:14'),
	(31, 2, '123456', '2019-12-27', NULL, NULL, 0, '2019-12-27 08:01:22', '2020-02-19 04:24:28'),
	(32, 2, '123456', '2019-12-27', NULL, NULL, 0, '2019-12-27 08:10:26', '2020-02-19 04:24:18'),
	(33, 2, '123456', '2020-01-06', NULL, NULL, 0, '2020-01-06 04:27:58', '2020-01-06 04:28:45'),
	(34, 2, '123456', '2020-01-06', NULL, NULL, 0, '2020-01-06 05:17:26', '2020-01-06 05:18:54'),
	(35, 2, '123456', '2020-01-06', NULL, NULL, 0, '2020-01-06 05:19:51', '2020-01-06 05:22:18'),
	(36, 2, '123456', '2020-01-06', NULL, NULL, 0, '2020-01-06 05:24:31', '2020-01-06 05:27:01'),
	(37, 2, '123456', '2020-01-06', NULL, NULL, 0, '2020-01-06 05:27:06', '2020-01-06 05:29:38'),
	(38, 2, '123456', '2020-01-06', NULL, NULL, 0, '2020-01-06 05:29:44', '2020-01-06 05:38:39'),
	(39, 2, '123456', '2020-01-06', NULL, NULL, 0, '2020-01-06 05:38:45', '2020-01-06 05:40:42'),
	(40, 2, '123456', '2020-01-06', NULL, NULL, 0, '2020-01-06 05:40:55', '2020-01-06 05:45:28'),
	(41, 2, '123456', '2020-01-06', NULL, NULL, 0, '2020-01-06 05:45:32', '2020-01-06 05:47:56'),
	(42, 2, '123456', '2020-01-06', NULL, NULL, 0, '2020-01-06 05:50:30', '2020-01-06 08:08:10'),
	(43, 2, '123456', '2020-01-06', NULL, NULL, 7, '2020-01-06 06:04:39', '2020-01-06 07:59:08'),
	(44, 2, '123456', '2020-01-06', NULL, NULL, 7, '2020-01-06 06:19:19', '2020-01-06 06:59:48'),
	(45, 2, '123456', '2020-01-06', NULL, NULL, 4, '2020-01-06 06:25:48', '2020-01-06 06:45:17'),
	(46, 2, '123456', '2020-01-06', NULL, NULL, 6, '2020-01-06 08:08:19', '2020-01-06 08:38:56'),
	(47, 2, '123456', '2020-01-06', NULL, NULL, 7, '2020-01-06 08:26:49', '2020-01-06 09:11:14'),
	(48, 2, '123456', '2020-01-08', NULL, NULL, 3, '2020-01-08 01:58:15', '2020-01-08 02:05:50'),
	(49, 2, '123456', '2020-01-08', NULL, NULL, 3, '2020-01-08 02:28:03', '2020-01-08 03:07:28'),
	(50, 2, '123456', '2020-01-08', NULL, NULL, 7, '2020-01-08 03:11:43', '2020-01-08 06:46:57'),
	(51, 2, '123456', '2020-01-08', NULL, NULL, 0, '2020-01-08 04:32:01', '2020-01-08 06:13:37'),
	(52, 2, '123456', '2020-01-08', NULL, NULL, 0, '2020-01-08 05:10:27', '2020-01-08 06:13:41'),
	(53, 2, '123456', '2020-01-08', NULL, NULL, 0, '2020-01-08 05:15:44', '2020-01-08 06:13:54'),
	(54, 2, '123456', '2020-01-08', '2020-01-08', NULL, 0, '2020-01-08 05:27:32', '2020-02-25 09:23:31'),
	(55, 2, '123456', '2020-01-08', NULL, NULL, 7, '2020-01-08 06:04:34', '2020-01-08 06:47:25'),
	(56, 2, '123456', '2020-01-08', '2020-02-26', NULL, 8, '2020-01-08 06:15:39', '2020-02-26 07:28:46'),
	(57, 2, '123456', '2020-01-08', NULL, NULL, 0, '2020-01-08 06:58:53', '2020-02-19 04:24:03'),
	(58, 2, '123456', '2020-01-08', NULL, NULL, 0, '2020-01-08 07:02:58', '2020-02-19 04:22:36'),
	(59, 2, '123456', '2020-01-08', NULL, NULL, 0, '2020-01-08 07:17:36', '2020-01-08 08:40:47'),
	(60, 2, '123456', '2020-01-08', NULL, NULL, 0, '2020-01-08 07:43:45', '2020-01-08 08:40:34'),
	(61, 2, '123456', '2020-02-02', NULL, NULL, 0, '2020-02-02 09:03:02', '2020-02-02 09:03:54'),
	(62, 2, '123456', '2020-02-20', '2020-02-25', NULL, 8, '2020-02-20 12:30:13', '2020-02-25 09:42:47'),
	(63, 2, '123456', '2020-02-25', NULL, NULL, 0, '2020-02-25 03:27:57', '2020-02-26 07:23:21'),
	(64, 2, '123456', '2020-02-25', NULL, NULL, 0, '2020-02-25 09:34:00', '2020-02-25 09:40:24'),
	(65, 2, '123456', '2020-03-02', NULL, NULL, 0, '2020-03-02 02:38:15', '2020-03-02 02:48:45'),
	(66, 2, '123456', '2020-03-02', NULL, NULL, 0, '2020-03-02 02:38:45', '2020-03-02 02:48:43'),
	(67, 2, '123456', '2020-03-02', NULL, NULL, 0, '2020-03-02 02:39:01', '2020-03-02 02:48:41'),
	(68, 2, '123456', '2020-03-02', NULL, NULL, 0, '2020-03-02 02:39:28', '2020-03-02 02:48:40'),
	(69, 2, '123456', '2020-03-02', NULL, NULL, 0, '2020-03-02 02:40:36', '2020-03-02 02:48:38'),
	(70, 2, '123456', '2020-03-02', NULL, NULL, 0, '2020-03-02 02:41:03', '2020-03-02 02:48:36'),
	(71, 2, '123456', '2020-03-02', NULL, NULL, 0, '2020-03-02 02:42:28', '2020-03-02 02:48:34'),
	(72, 2, '123456', '2020-03-02', NULL, NULL, 0, '2020-03-02 02:44:51', '2020-03-02 02:48:32'),
	(73, 2, '123456', '2020-03-02', NULL, NULL, 0, '2020-03-02 02:48:53', '2020-03-02 02:51:52'),
	(74, 2, '123456', '2020-03-02', NULL, NULL, 0, '2020-03-02 02:52:02', '2020-03-02 04:20:17'),
	(75, 2, '123456', '2020-03-02', NULL, NULL, 0, '2020-03-02 03:08:48', '2020-03-02 04:20:15'),
	(76, 2, '123456', '2020-03-02', NULL, NULL, 0, '2020-03-02 03:08:49', '2020-03-02 04:20:13'),
	(77, 2, '123456', '2020-03-02', NULL, NULL, 0, '2020-03-02 03:46:31', '2020-03-02 04:20:11'),
	(78, 2, '123456', '2020-03-02', NULL, NULL, 0, '2020-03-02 03:47:29', '2020-03-02 04:20:09'),
	(79, 2, '123456', '2020-03-02', NULL, NULL, 0, '2020-03-02 03:49:42', '2020-03-02 04:20:07'),
	(80, 2, '123456', '2020-03-02', NULL, NULL, 0, '2020-03-02 03:54:20', '2020-03-02 04:17:34'),
	(81, 2, '123456', '2020-03-02', NULL, NULL, 0, '2020-03-02 04:13:22', '2020-03-02 04:17:33'),
	(82, 2, '123456', '2020-03-02', NULL, NULL, 0, '2020-03-02 04:15:14', '2020-03-02 04:17:31'),
	(83, 2, '123456', '2020-03-02', NULL, NULL, 0, '2020-03-02 04:17:20', '2020-03-02 04:17:29'),
	(84, 2, '123456', '2020-03-02', NULL, NULL, 0, '2020-03-02 04:21:18', '2020-03-02 04:25:33'),
	(85, 2, '123456', '2020-03-02', NULL, NULL, 0, '2020-03-02 04:22:09', '2020-03-02 04:25:31'),
	(86, 2, '123456', '2020-03-02', NULL, NULL, 0, '2020-03-02 04:23:11', '2020-03-02 04:25:30'),
	(87, 2, '123456', '2020-03-02', NULL, NULL, 0, '2020-03-02 04:24:35', '2020-03-02 04:25:28'),
	(88, 2, '123456', '2020-03-02', NULL, NULL, 0, '2020-03-02 04:25:47', '2020-03-02 04:28:03'),
	(89, 2, '123456', '2020-03-02', NULL, NULL, 0, '2020-03-02 04:27:05', '2020-03-02 04:28:00'),
	(90, 2, '123456', '2020-03-02', NULL, NULL, 0, '2020-03-02 04:28:09', '2020-03-02 08:14:18'),
	(91, 2, '123456', '2020-03-02', NULL, NULL, 0, '2020-03-02 08:13:26', '2020-03-02 08:14:15'),
	(92, 2, '123456', '2020-03-02', NULL, NULL, 1, '2020-03-02 08:14:23', '2020-03-02 08:14:23'),
	(93, 2, '123456', '2020-03-03', NULL, NULL, 1, '2020-03-03 02:52:38', '2020-03-03 02:52:38'),
	(94, 2, '123456', '2020-03-03', NULL, NULL, 7, '2020-03-03 04:20:24', '2020-03-03 06:46:19'),
	(95, 2, '123456', '2020-03-03', NULL, NULL, 7, '2020-03-03 06:48:59', '2020-03-03 07:12:46'),
	(96, 2, '123456', '2020-03-03', NULL, NULL, 7, '2020-03-03 07:14:25', '2020-03-04 02:10:07'),
	(97, 2, '123456', '2020-03-04', NULL, NULL, 1, '2020-03-04 01:47:01', '2020-03-04 01:47:01'),
	(98, 2, '123456', '2020-03-04', NULL, NULL, 7, '2020-03-04 05:50:52', '2020-03-04 06:44:49'),
	(99, 2, '123456', '2020-03-04', NULL, NULL, 7, '2020-03-04 07:45:56', '2020-03-04 07:54:12'),
	(100, 2, '123456', '2020-03-05', NULL, NULL, 7, '2020-03-05 08:36:02', '2020-03-05 08:48:19'),
	(101, 2, '123456', '2020-03-06', NULL, NULL, 7, '2020-03-06 02:09:46', '2020-03-06 02:32:45'),
	(102, 2, '123456', '2020-03-06', NULL, NULL, 0, '2020-03-06 07:19:37', '2020-03-06 07:25:13'),
	(103, 2, '123456', '2020-03-06', NULL, NULL, 7, '2020-03-06 07:25:44', '2020-03-06 07:55:37'),
	(104, 2, '123456', '2020-03-12', NULL, NULL, 0, '2020-03-12 07:12:07', '2020-03-12 07:17:01'),
	(105, 2, '123456', '2020-03-12', NULL, NULL, 0, '2020-03-12 07:17:08', '2020-03-12 07:18:47'),
	(106, 2, '123456', '2020-03-12', NULL, NULL, 7, '2020-03-12 07:20:51', '2020-03-12 07:31:22'),
	(107, 2, '123456', '2020-03-12', NULL, NULL, 0, '2020-03-12 08:05:28', '2020-03-12 08:08:25'),
	(108, 2, '123456', '2020-03-12', NULL, NULL, 1, '2020-03-12 08:08:30', '2020-03-12 08:08:30');
/*!40000 ALTER TABLE `2_refunds` ENABLE KEYS */;

-- Dumping structure for table refund2.3_contracts
DROP TABLE IF EXISTS `3_contracts`;
CREATE TABLE IF NOT EXISTS `3_contracts` (
  `id` int(10) unsigned NOT NULL AUTO_INCREMENT,
  `refund_id` int(10) unsigned NOT NULL,
  `contract_party` varchar(191) COLLATE utf8mb4_unicode_ci NOT NULL,
  `contract_no` varchar(191) COLLATE utf8mb4_unicode_ci NOT NULL,
  `contract_date` date NOT NULL,
  `budget` decimal(15,2) NOT NULL,
  `penalty_per_day` decimal(10,2) NOT NULL,
  `contract_start` date NOT NULL,
  `contract_end` date NOT NULL,
  `created_at` timestamp NULL DEFAULT NULL,
  `updated_at` timestamp NULL DEFAULT NULL,
  PRIMARY KEY (`id`),
  KEY `3_contracts_refund_id_index` (`refund_id`),
  CONSTRAINT `3_contracts_refund_id_foreign` FOREIGN KEY (`refund_id`) REFERENCES `2_refunds` (`id`) ON DELETE CASCADE
) ENGINE=InnoDB AUTO_INCREMENT=29 DEFAULT CHARSET=utf8mb4 COLLATE=utf8mb4_unicode_ci;

-- Dumping data for table refund2.3_contracts: ~21 rows (approximately)
/*!40000 ALTER TABLE `3_contracts` DISABLE KEYS */;
INSERT INTO `3_contracts` (`id`, `refund_id`, `contract_party`, `contract_no`, `contract_date`, `budget`, `penalty_per_day`, `contract_start`, `contract_end`, `created_at`, `updated_at`) VALUES
	(5, 24, 'บริษัท มาสเตอ เมกเคอ จำกัด', '16/2556', '2019-12-24', 10000.00, 111.00, '2019-12-24', '2019-12-24', '2019-12-24 09:10:23', '2019-12-24 09:10:23'),
	(6, 25, 'บ xyz', '16/2556', '2019-12-27', 10000.00, 111.00, '2019-12-27', '2019-12-28', '2019-12-27 01:17:00', '2019-12-27 01:17:00'),
	(7, 28, 'บ. xyzz', '16/2556', '2019-12-01', 10000.00, 111.00, '2019-12-01', '2019-12-31', '2019-12-27 03:02:19', '2019-12-27 03:02:19'),
	(8, 43, 'บริษัท ผลธัญญะ จำกัด (มหาชน)', '3/2559', '2016-01-12', 3580000.00, 3580.00, '2016-01-13', '2016-08-09', '2020-01-06 06:15:06', '2020-01-06 06:15:33'),
	(9, 44, 'กรมทางหลวง', 'ทส.49/2559', '2016-10-05', 1997280.00, 4993.20, '2016-10-06', '2016-12-10', '2020-01-06 06:26:58', '2020-01-06 06:36:42'),
	(10, 45, 'บริษัท ทรูรีเฟลคเตอร์ จำกัด', 'ทส.36/2559', '2016-10-04', 1949400.00, 4873.50, '2016-10-05', '2016-12-03', '2020-01-06 06:34:14', '2020-01-06 06:34:14'),
	(11, 46, 'ห้างหุ้นส่วนจำกัด วิชัยฟาร์มการเกษตร', '26/2556', '2013-06-18', 1831000.00, 1831.00, '2013-06-19', '2013-11-15', '2020-01-06 08:15:23', '2020-01-06 08:17:32'),
	(12, 47, 'บริษัท ดี.พี. เทรดดิ้ง จำกัด', 'ทส.48/2559', '2016-10-04', 1985600.00, 4964.00, '2016-10-05', '2016-12-03', '2020-01-06 08:54:02', '2020-01-06 08:54:02'),
	(13, 48, 'บริษัท ปพันธ์ เทค จำกัด', '08/2559', '2016-04-12', 4010600.00, 4011.00, '2016-04-13', '2016-11-08', '2020-01-08 02:05:50', '2020-01-08 02:05:50'),
	(14, 49, 'บริษัท ไชยพิสิษฐ์ (99) จำกัด', 'E4/2559', '2016-01-29', 2516600.00, 2517.00, '2016-01-30', '2016-07-27', '2020-01-08 03:07:28', '2020-01-08 03:10:44'),
	(15, 50, 'หจก.โนนคูณก่อสร้าง', '32/2556', '2013-06-18', 1831000.00, 1831.00, '2013-06-19', '2013-11-15', '2020-01-08 03:22:43', '2020-01-08 03:22:43'),
	(16, 54, 'test', '1254/2560', '2017-01-10', 1000000.00, 250.00, '2017-01-10', '2019-01-10', '2020-01-08 05:32:34', '2020-01-08 05:32:34'),
	(17, 55, 'บริษัท ไชยพิสิษฐ์ (99) จำกัด', 'E4/2559', '2016-01-29', 2516000.00, 2517.00, '2016-01-30', '2016-07-27', '2020-01-08 06:14:13', '2020-01-08 06:14:13'),
	(18, 56, 'ห้างหุ้นส่วนจำกัด วิชัยฟาร์มการเกษตร', '26/2556', '2013-06-18', 1831000.00, 1831.00, '2013-06-19', '2013-11-15', '2020-01-08 06:24:17', '2020-01-08 06:26:26'),
	(19, 62, 'บ. 123', '16/2556', '2020-02-20', 12121212.00, 1212.00, '2020-02-20', '2020-02-20', '2020-02-20 12:31:12', '2020-02-20 12:31:12'),
	(20, 94, 'ห้างหุ้นส่วนจำกัด ไลท์ติ้ง ไลฟ์ (2008)', 'ทส. 12/2560', '2016-10-20', 1758980.00, 4397.45, '2016-10-21', '2017-01-18', '2020-03-03 04:39:08', '2020-03-03 04:39:25'),
	(21, 95, 'บริษัท เวก้า เพ้นท์ แอนด์ คอนแมท จำกัด', 'ทส.18/2560', '2016-11-03', 1982632.00, 4956.58, '2016-11-04', '2017-02-01', '2020-03-03 06:56:09', '2020-03-03 06:56:09'),
	(22, 96, 'บริษัท สามารถ ยู-ทรานส์ จำกัด', 'สส./ผจจ./ส.179/2559', '2016-09-28', 38561000.00, 38561.00, '2016-09-29', '2017-02-25', '2020-03-03 07:24:10', '2020-03-03 07:24:10'),
	(23, 98, 'หจก.โนนคูณก่อสร้าง', '32/2556', '2013-06-18', 1831000.00, 1831.00, '2013-06-19', '2013-11-15', '2020-03-04 06:15:29', '2020-03-04 06:15:29'),
	(24, 99, 'บริษัท ซีเคียว เวอร์ค จำกัด', '67/2561', '2017-12-29', 43431300.00, 43431.30, '2017-12-29', '2018-08-26', '2020-03-04 07:49:15', '2020-03-04 07:49:24'),
	(25, 100, 'หจก. วิชัยฟาร์มการเกษตร', '37/2556', '2013-06-28', 1831000.00, 1831.00, '2013-06-29', '2013-11-25', '2020-03-05 08:39:12', '2020-03-05 08:39:12'),
	(26, 101, 'หจก. วิชัยฟาร์มการเกษตร', '28/2556', '2013-06-18', 1831600.00, 1831.60, '2013-06-19', '2013-11-15', '2020-03-06 02:14:17', '2020-03-06 02:14:17'),
	(27, 103, 'หจก.จันท์ผาการโยธา', 'E(จ)2/งป.2556', '2013-08-23', 3649257.00, 3649.26, '2013-08-24', '2014-03-11', '2020-03-06 07:30:44', '2020-03-06 07:30:44'),
	(28, 106, 'ห้างหุ้นส่วนจำกัด สุราษฎร์ก่อสร้าง', 'ทส 0625/16/2560', '2016-11-28', 4622000.00, 4622.00, '2016-11-29', '2017-05-27', '2020-03-12 07:25:29', '2020-03-12 07:25:40');
/*!40000 ALTER TABLE `3_contracts` ENABLE KEYS */;

-- Dumping structure for table refund2.4_contract_budget_edits
DROP TABLE IF EXISTS `4_contract_budget_edits`;
CREATE TABLE IF NOT EXISTS `4_contract_budget_edits` (
  `id` int(10) unsigned NOT NULL AUTO_INCREMENT,
  `refund_id` int(10) unsigned NOT NULL,
  `budget_new` decimal(15,2) NOT NULL,
  `penalty_new` decimal(10,2) NOT NULL,
  `contract_edit_date` date NOT NULL,
  `created_at` timestamp NULL DEFAULT NULL,
  `updated_at` timestamp NULL DEFAULT NULL,
  PRIMARY KEY (`id`),
  KEY `4_contract_budget_edits_refund_id_index` (`refund_id`),
  CONSTRAINT `4_contract_budget_edits_refund_id_foreign` FOREIGN KEY (`refund_id`) REFERENCES `2_refunds` (`id`) ON DELETE CASCADE
) ENGINE=InnoDB AUTO_INCREMENT=18 DEFAULT CHARSET=utf8mb4 COLLATE=utf8mb4_unicode_ci;

-- Dumping data for table refund2.4_contract_budget_edits: ~7 rows (approximately)
/*!40000 ALTER TABLE `4_contract_budget_edits` DISABLE KEYS */;
INSERT INTO `4_contract_budget_edits` (`id`, `refund_id`, `budget_new`, `penalty_new`, `contract_edit_date`, `created_at`, `updated_at`) VALUES
	(5, 50, 1100000.00, 260.00, '2018-01-09', '2020-01-08 05:33:40', '2020-01-08 05:33:40'),
	(7, 56, 10000.00, 120.00, '2020-02-19', '2020-02-19 09:27:43', '2020-02-19 09:27:43'),
	(10, 62, 12121212.00, 11.00, '2020-02-21', '2020-02-21 04:31:52', '2020-02-21 04:31:52'),
	(11, 62, 12121212.00, 11.00, '2020-02-18', '2020-02-21 04:32:03', '2020-02-21 04:32:03'),
	(12, 49, 10.00, 10.00, '2020-02-25', '2020-02-25 09:57:44', '2020-02-25 09:57:44'),
	(13, 55, 12121212.00, 11.00, '2020-02-26', '2020-02-26 06:43:05', '2020-02-26 06:43:05'),
	(15, 62, 10000.00, 11.00, '2020-03-01', '2020-03-02 02:28:33', '2020-03-02 02:28:33'),
	(17, 106, 4582821.04, 4582.82, '2017-07-19', '2020-03-12 07:25:33', '2020-03-12 07:25:33');
/*!40000 ALTER TABLE `4_contract_budget_edits` ENABLE KEYS */;

-- Dumping structure for table refund2.5_contract_time_edits
DROP TABLE IF EXISTS `5_contract_time_edits`;
CREATE TABLE IF NOT EXISTS `5_contract_time_edits` (
  `id` int(10) unsigned NOT NULL AUTO_INCREMENT,
  `refund_id` int(10) unsigned NOT NULL,
  `approve_date` date NOT NULL,
  `edit_type` varchar(191) COLLATE utf8mb4_unicode_ci NOT NULL,
  `edit_detail` varchar(191) COLLATE utf8mb4_unicode_ci DEFAULT NULL,
  `edit_days` int(11) DEFAULT NULL,
  `edit_start_date` date DEFAULT NULL,
  `edit_end_date` date DEFAULT NULL,
  `edit_budget` decimal(15,2) DEFAULT NULL,
  `approve_type` varchar(191) COLLATE utf8mb4_unicode_ci NOT NULL,
  `approve_case` varchar(191) COLLATE utf8mb4_unicode_ci DEFAULT NULL,
  `problem_end_date` date DEFAULT NULL,
  `book_date` date DEFAULT NULL,
  `created_at` timestamp NULL DEFAULT NULL,
  `updated_at` timestamp NULL DEFAULT NULL,
  PRIMARY KEY (`id`),
  KEY `5_contract_time_edits_refund_id_index` (`refund_id`),
  CONSTRAINT `5_contract_time_edits_refund_id_foreign` FOREIGN KEY (`refund_id`) REFERENCES `2_refunds` (`id`) ON DELETE CASCADE
) ENGINE=InnoDB AUTO_INCREMENT=50 DEFAULT CHARSET=utf8mb4 COLLATE=utf8mb4_unicode_ci;

-- Dumping data for table refund2.5_contract_time_edits: ~17 rows (approximately)
/*!40000 ALTER TABLE `5_contract_time_edits` DISABLE KEYS */;
INSERT INTO `5_contract_time_edits` (`id`, `refund_id`, `approve_date`, `edit_type`, `edit_detail`, `edit_days`, `edit_start_date`, `edit_end_date`, `edit_budget`, `approve_type`, `approve_case`, `problem_end_date`, `book_date`, `created_at`, `updated_at`) VALUES
	(5, 24, '2019-12-24', '2', '-', 11, NULL, NULL, 2000.00, '11', '1', '2019-12-24', '2019-12-24', '2019-12-24 09:11:27', '2019-12-24 09:11:27'),
	(6, 28, '2019-12-27', '1', '-', 11, NULL, NULL, 2000.00, '11', '1', '2019-12-27', '2019-12-27', '2019-12-27 03:09:56', '2019-12-27 03:09:56'),
	(7, 44, '2016-12-01', '1', '-', 7, NULL, NULL, 10000.00, '11', '111', '2016-12-15', '2018-12-31', '2020-01-06 06:38:40', '2020-01-06 06:40:23'),
	(8, 45, '2019-10-02', '1', '111', 1, NULL, NULL, 2000.00, '11', '1', '2019-09-09', '2019-09-30', '2020-01-06 06:45:17', '2020-01-06 06:45:17'),
	(9, 50, '2019-01-15', '2', '-', 120, NULL, NULL, 31200.00, '11', '111', '2018-01-10', '2018-01-11', '2020-01-08 05:36:37', '2020-02-19 10:24:56'),
	(16, 56, '2020-02-20', '3', '-', 29, '2020-02-01', '2020-02-29', 2000.00, '15', '1', '2020-02-20', '2020-02-20', '2020-02-20 12:29:19', '2020-02-25 09:30:44'),
	(31, 62, '2020-02-21', '1', '-', 21, '2020-02-01', '2020-02-21', 2000.00, '11', '1', '2020-02-21', '2020-02-21', '2020-02-21 09:05:05', '2020-02-24 08:51:10'),
	(38, 62, '2020-02-24', '3', '-', 29, '2020-02-01', '2020-02-29', 2000.00, '11', '1', '2020-02-24', '2020-02-24', '2020-02-24 10:24:50', '2020-02-25 09:13:49'),
	(40, 55, '2020-02-26', '3', '-', 29, '2020-02-01', '2020-02-29', NULL, '31', NULL, NULL, NULL, '2020-02-26 06:44:30', '2020-02-26 06:44:30'),
	(41, 94, '2017-02-08', '1', '-', 7, '2017-01-19', '2017-01-25', NULL, '24', NULL, NULL, NULL, '2020-03-03 06:37:52', '2020-03-03 07:00:39'),
	(42, 95, '2017-02-23', '2', '-', 7, '2017-02-02', '2017-02-08', NULL, '24', 'อำนวยความสะดวกปลอดภัยเทศกาลปีใหม่ (29ธค.59-4 ม.ค.60)', NULL, NULL, '2020-03-03 07:03:32', '2020-03-10 08:19:41'),
	(43, 98, '2013-11-12', '1', '-', 45, '2013-11-16', '2013-12-30', NULL, '22', 'อุทกภัย เนื่องจากพายุดีเปรสชัน', NULL, '2013-10-22', '2020-03-04 06:24:09', '2020-03-04 06:24:09'),
	(44, 98, '2014-01-27', '2', '-', 8, '2013-12-31', '2014-01-07', 1831.00, '22', 'เหตุปะทะกันระหว่างผู้ลักลอบตัดไม้ชาวกัมพูชากับเจ้าหน้าที่ฝ่ายไทย และคนงานละทิ้งงานก่อสร้าง', '2013-12-30', '2014-01-08', '2020-03-04 06:29:13', '2020-03-04 06:29:13'),
	(45, 100, '2013-11-20', '1', '-', 90, '2013-11-26', '2014-02-23', NULL, '22', 'เหตุอุทกภัย', '2013-11-28', '2013-10-16', '2020-03-05 08:44:07', '2020-03-05 08:44:07'),
	(46, 101, '2013-11-12', '1', '-', 45, '2013-11-16', '2013-12-30', NULL, '22', 'เหตุอุทกภัย', '2013-12-17', '2013-10-16', '2020-03-06 02:19:27', '2020-03-06 02:19:27'),
	(48, 103, '2014-04-24', '1', '-', 23, '2020-03-09', '2020-03-31', NULL, '22', '1', '2020-03-11', '2020-03-27', '2020-03-09 04:00:46', '2020-03-11 02:16:54'),
	(49, 106, '2017-02-14', '1', '-', 47, '2017-05-28', '2017-07-13', NULL, '22', 'เหตุอุทกภัย', '2017-01-19', '2017-02-01', '2020-03-12 07:27:29', '2020-03-12 07:27:29');
/*!40000 ALTER TABLE `5_contract_time_edits` ENABLE KEYS */;

-- Dumping structure for table refund2.6_delivers
DROP TABLE IF EXISTS `6_delivers`;
CREATE TABLE IF NOT EXISTS `6_delivers` (
  `id` int(10) unsigned NOT NULL AUTO_INCREMENT,
  `refund_id` int(10) unsigned NOT NULL,
  `delivery` varchar(150) COLLATE utf8mb4_unicode_ci NOT NULL,
  `detail` text COLLATE utf8mb4_unicode_ci DEFAULT NULL,
  `delivery_date` date DEFAULT NULL,
  `overdue_start_date` date DEFAULT NULL,
  `overdue_end_date` date DEFAULT NULL,
  `overdue_days` int(11) DEFAULT NULL,
  `penalty` double(15,2) DEFAULT NULL,
  `created_at` timestamp NULL DEFAULT NULL,
  `updated_at` timestamp NULL DEFAULT NULL,
  PRIMARY KEY (`id`),
  KEY `6_delivers_refund_id_index` (`refund_id`),
  CONSTRAINT `6_delivers_refund_id_foreign` FOREIGN KEY (`refund_id`) REFERENCES `2_refunds` (`id`) ON DELETE CASCADE
) ENGINE=InnoDB AUTO_INCREMENT=69 DEFAULT CHARSET=utf8mb4 COLLATE=utf8mb4_unicode_ci;

-- Dumping data for table refund2.6_delivers: ~33 rows (approximately)
/*!40000 ALTER TABLE `6_delivers` DISABLE KEYS */;
INSERT INTO `6_delivers` (`id`, `refund_id`, `delivery`, `detail`, `delivery_date`, `overdue_start_date`, `overdue_end_date`, `overdue_days`, `penalty`, `created_at`, `updated_at`) VALUES
	(4, 24, 'งวดที่ 1/ครั้งที่1', 'abcdef', '2019-12-24', NULL, NULL, 10, 1000.00, '2019-12-24 09:11:56', '2019-12-24 09:11:56'),
	(5, 28, 'งวดที่ 1/ครั้งที่1', 'abcdef', '2019-12-27', NULL, NULL, 10, 1000.00, '2019-12-27 03:11:07', '2019-12-27 03:11:07'),
	(6, 28, 'งวดที่ 2/ครั้งที่ 2', 'abcdef', '2019-12-27', NULL, NULL, 10, 1000.00, '2019-12-27 03:12:11', '2019-12-27 03:12:11'),
	(7, 44, 'งวดที่2', 'งวดสุดท้าย', '2017-12-22', NULL, NULL, 5, 25225.00, '2020-01-06 06:53:18', '2020-01-06 06:57:03'),
	(8, 43, 'ส่งมอบงานงวดสุดท้าย', 'ส่งมอบงานงวดสุดท้าย', '2016-09-15', NULL, NULL, 12, 60000.00, '2020-01-06 07:55:02', '2020-01-06 07:55:02'),
	(9, 46, 'งวดที่ 3 (งวดสุดท้าย)', 'แต่ส่วนราชการคิดค่าปรับผู้รับจ้างไว้ 45 วัน', '2014-04-08', NULL, NULL, 43, 82395.00, '2020-01-06 08:27:02', '2020-01-06 08:31:13'),
	(10, 46, 'งวดที่ 4', '11', '2014-05-08', NULL, NULL, 30, 102536.00, '2020-01-06 08:32:33', '2020-01-06 08:33:55'),
	(11, 47, 'งวดที่ 1 (งวดสุดท้าย)', 'เกินอายุสัญญาไป 13 วัน', '2016-12-19', NULL, NULL, 13, 64532.00, '2020-01-06 09:02:17', '2020-01-06 09:02:17'),
	(12, 50, 'งวดที่ 2', 'ครั้งที่ 2', '2014-02-11', NULL, NULL, 35, 64085.00, '2020-01-08 03:37:10', '2020-01-08 03:37:10'),
	(14, 54, '***', '***', '2019-01-31', NULL, NULL, 21, 5460.00, '2020-01-08 05:37:42', '2020-01-08 05:37:42'),
	(15, 55, 'ส่งมอบงานงวดที่ 2', 'ส่งมอบงานงวดที่ 2', '2017-05-02', NULL, NULL, 225, 566325.00, '2020-01-08 06:21:23', '2020-01-08 06:22:25'),
	(16, 56, 'งวดที่ 2 และ 3', 'ตรวจรับงานเฉพาะงวดที่ 2', '2014-02-24', NULL, NULL, 1, 102536.00, '2020-01-08 06:28:00', '2020-02-19 09:48:49'),
	(17, 56, 'งวดที่ 2/ครั้งที่ 2', 'abcdef', '2020-02-19', NULL, NULL, 10, 1000.00, '2020-02-19 09:51:08', '2020-02-19 09:51:08'),
	(18, 56, 'งวดที่ 3/ครั้งที่ 3', '11111', '2020-02-19', NULL, NULL, 444, 111.00, '2020-02-19 09:53:00', '2020-02-19 09:53:00'),
	(33, 62, 'งวดที่ 2/ครั้งที่ 2', '111111111111111111', '2020-02-24', '2020-02-01', '2020-02-02', 2, 1000.00, '2020-02-24 09:42:22', '2020-02-24 09:42:22'),
	(34, 62, 'งวดที่ 1/ครั้งที่1', '11111', '2020-02-24', '2020-02-01', '2020-02-29', 29, 111.00, '2020-02-24 09:44:08', '2020-02-24 09:44:08'),
	(36, 94, 'งวดที่ 1 (งวดสุดท้าย)', 'ส่งมอบงานเกิน 14 วัน', '2017-02-08', '2017-01-26', '2017-02-08', 14, 61564.30, '2020-03-03 06:41:43', '2020-03-03 06:41:43'),
	(37, 95, 'งวดที่ 1 (งวดสุดท้าย)', 'ส่งมอบงานเกิน 54 วัน', '2017-04-03', '2017-02-09', '2017-04-03', 54, 267655.32, '2020-03-03 07:10:53', '2020-03-10 08:33:44'),
	(45, 96, 'งวดที่ 3', NULL, '2017-07-03', '2017-02-26', '2017-07-03', 128, 4935808.00, '2020-03-04 01:57:25', '2020-03-04 01:57:25'),
	(46, 96, 'งวดที่ 4 (งวดสุดท้าย)', NULL, '2017-08-18', '2017-07-04', '2017-08-18', 46, 1773806.00, '2020-03-04 02:07:19', '2020-03-04 02:07:19'),
	(47, 98, 'งวดที่ 2', NULL, '2014-02-11', '2014-01-08', '2014-02-11', 35, 64085.00, '2020-03-04 06:34:28', '2020-03-04 06:36:51'),
	(48, 98, 'งวดที่ 3', NULL, '2014-03-06', '2014-02-12', '2014-03-06', 23, 42113.00, '2020-03-04 06:39:31', '2020-03-04 06:39:31'),
	(49, 99, 'งวดที่ 3', NULL, '2018-09-18', '2018-08-28', '2018-09-18', 22, 955488.60, '2020-03-04 07:51:17', '2020-03-04 07:51:17'),
	(50, 99, 'งวดที่ 4 (งวดสุดท้าย)', NULL, '2019-08-30', '2018-09-19', '2019-08-30', 346, 0.00, '2020-03-04 07:52:43', '2020-03-04 07:52:43'),
	(51, 100, 'งวดที่ 3 (งวดสุดท้าย)', 'ปรับ 45', '2014-04-08', '2014-02-24', '2014-04-08', 40, 80564.00, '2020-03-05 08:46:31', '2020-03-11 04:20:31'),
	(52, 101, 'งวดที่ 1 (ครั้งที่ 2)', NULL, '2014-01-10', '2013-12-31', '2014-01-10', 11, 18316.00, '2020-03-06 02:24:15', '2020-03-06 02:24:15'),
	(53, 101, 'งวดที่ 2 และ 3', NULL, '2014-02-24', '2014-01-11', '2014-02-24', 45, 82422.00, '2020-03-06 02:26:26', '2020-03-06 02:28:22'),
	(54, 101, 'งวดที่ 3 (งวดสุดท้าย)', NULL, '2014-06-12', '2014-02-25', '2014-06-12', 108, 197812.80, '2020-03-06 02:28:13', '2020-03-06 02:28:13'),
	(64, 103, 'งวดที่ 2/ครั้งที่ 2', 'abcdef', '2020-03-11', '2020-03-11', '2020-03-12', 1, 1000.00, '2020-03-11 01:32:03', '2020-03-11 01:57:08'),
	(65, 103, 'งวดที่ 2/ครั้งที่ 2', 'abcdef', '2020-03-12', '2020-03-01', '2020-03-11', 10, 1000.00, '2020-03-11 01:58:50', '2020-03-11 02:17:17'),
	(66, 103, 'งวดที่ 2/ครั้งที่ 2', 'abcdef', '2020-03-13', '2020-03-01', '2020-03-13', 24, 1000.00, '2020-03-11 02:24:52', '2020-03-11 03:54:14'),
	(67, 103, 'งวดที่ 2/ครั้งที่ 2', 'abcdef', '2020-03-11', NULL, NULL, NULL, NULL, '2020-03-11 02:40:06', '2020-03-11 02:40:06'),
	(68, 106, 'งวดที่ 1 (งวดสุดท้าย)', 'แบ่งเป็นอัตราค่าปรับวันละ 4,622 บาท จำนวน 5 วัน และวันละ 4,582.82 บาท จำนวน 8 วัน', '2017-07-26', '2017-07-14', '2017-07-26', 13, 59772.56, '2020-03-12 07:29:41', '2020-03-12 07:29:41');
/*!40000 ALTER TABLE `6_delivers` ENABLE KEYS */;

-- Dumping structure for table refund2.7_deposit_penalties
DROP TABLE IF EXISTS `7_deposit_penalties`;
CREATE TABLE IF NOT EXISTS `7_deposit_penalties` (
  `id` int(10) unsigned NOT NULL AUTO_INCREMENT,
  `refund_id` int(10) unsigned NOT NULL,
  `deposit_no` varchar(191) COLLATE utf8mb4_unicode_ci NOT NULL,
  `deposit_date` date NOT NULL,
  `amount` double NOT NULL,
  `amount_in_contract` double DEFAULT NULL,
  `description` varchar(191) COLLATE utf8mb4_unicode_ci DEFAULT NULL,
  `created_at` timestamp NULL DEFAULT NULL,
  `updated_at` timestamp NULL DEFAULT NULL,
  PRIMARY KEY (`id`),
  KEY `7_deposit_penalties_refund_id_index` (`refund_id`),
  CONSTRAINT `7_deposit_penalties_refund_id_foreign` FOREIGN KEY (`refund_id`) REFERENCES `2_refunds` (`id`) ON DELETE CASCADE
) ENGINE=InnoDB AUTO_INCREMENT=55 DEFAULT CHARSET=utf8mb4 COLLATE=utf8mb4_unicode_ci;

-- Dumping data for table refund2.7_deposit_penalties: ~26 rows (approximately)
/*!40000 ALTER TABLE `7_deposit_penalties` DISABLE KEYS */;
INSERT INTO `7_deposit_penalties` (`id`, `refund_id`, `deposit_no`, `deposit_date`, `amount`, `amount_in_contract`, `description`, `created_at`, `updated_at`) VALUES
	(5, 24, '1/2522', '2019-12-24', 10, NULL, NULL, '2019-12-24 09:12:04', '2019-12-24 09:12:04'),
	(6, 28, '1/2522', '2019-12-27', 10, NULL, NULL, '2019-12-27 03:12:49', '2019-12-27 03:12:49'),
	(7, 28, '111/2522', '2019-12-27', 10, NULL, NULL, '2019-12-27 03:12:59', '2019-12-27 03:12:59'),
	(8, 44, '2017-3100035131', '2016-12-28', 39945, NULL, NULL, '2020-01-06 06:59:22', '2020-01-06 06:59:22'),
	(9, 43, '1200000001', '2016-09-20', 60000, NULL, NULL, '2020-01-06 07:57:56', '2020-01-06 07:57:56'),
	(10, 46, '3100037370', '2014-04-25', 102536, NULL, NULL, '2020-01-06 08:38:56', '2020-01-06 08:38:56'),
	(11, 46, '3100056306', '2014-05-30', 82395, NULL, NULL, '2020-01-06 08:39:59', '2020-01-06 08:39:59'),
	(12, 47, '2017-3100033997', '2016-12-28', 1985600, NULL, NULL, '2020-01-06 09:05:22', '2020-01-06 09:05:22'),
	(13, 54, '8500000785', '2019-01-31', 1094540, NULL, NULL, '2020-01-08 05:38:29', '2020-01-08 05:38:29'),
	(14, 50, '1200056886', '2017-09-15', 1621023, NULL, NULL, '2020-01-08 06:22:51', '2020-01-08 07:44:33'),
	(15, 55, '1200011702', '2017-11-24', 500000, NULL, NULL, '2020-01-08 06:27:52', '2020-01-08 06:28:51'),
	(16, 55, '1200000003', '2017-12-06', 50000, 10, '1/2563', '2020-01-08 06:30:50', '2020-02-26 06:51:01'),
	(22, 62, '1234567897', '2020-02-21', 10, 10, '1/2563', '2020-02-21 05:05:34', '2020-02-25 06:48:46'),
	(25, 62, '111/2522', '2020-02-21', 10, NULL, NULL, '2020-02-21 06:15:50', '2020-02-21 06:15:50'),
	(32, 56, '1111112522', '2020-02-21', 100, 10, '1/2563', '2020-02-21 06:38:33', '2020-02-25 09:31:18'),
	(38, 56, '1115552522', '2020-02-01', 102536, 10, '1/2563', '2020-02-21 07:22:13', '2020-02-25 09:31:27'),
	(41, 94, '3100050164', '2017-02-24', 61564.3, 61564.3, '1/1', '2020-03-03 06:44:54', '2020-03-03 06:44:54'),
	(42, 95, '3100062348', '2017-04-07', 267655.32, 267655.32, '1/1', '2020-03-03 07:11:59', '2020-03-03 07:11:59'),
	(43, 96, '3200000056', '2018-01-29', 4935808, 4935808, 'งวดที่ 3', '2020-03-04 02:08:17', '2020-03-04 02:08:17'),
	(44, 96, '3200000102', '2019-01-25', 1773806, 1773806, 'งวดที่ 4 (งวดสุดท้าย)', '2020-03-04 02:09:11', '2020-03-04 02:09:11'),
	(45, 98, '3100037325', '2014-03-18', 64085, 106198, 'งวดที่ 2', '2020-03-04 06:41:46', '2020-03-04 06:41:46'),
	(46, 98, '3100049315', '2014-04-29', 42113, 106198, 'งวดที่ 3 (งวดสุดท้าย)', '2020-03-04 06:42:50', '2020-03-04 06:42:50'),
	(47, 99, '3100023217', '2018-09-28', 955488.6, 955488.6, 'งวดที่ 3', '2020-03-04 07:53:37', '2020-03-04 07:53:37'),
	(48, 100, '3100056310', '2014-06-02', 80564, 80564, 'งวดที่ 3 (งวดสุดท้าย)', '2020-03-05 08:47:20', '2020-03-05 08:47:20'),
	(49, 101, '3100022151', '2014-02-04', 18316, 298550.8, 'งวดที่ 1 (ครั้งที่ 2)', '2020-03-06 02:29:32', '2020-03-06 02:29:32'),
	(50, 101, '3100049105', '2014-04-25', 82422, 298550.8, 'งวดที่ 2 และ 3', '2020-03-06 02:30:19', '2020-03-06 02:30:19'),
	(51, 101, '3100065010', '2014-08-08', 197812.8, 298550.8, 'งวดที่ 3 (งวดสุดท้าย)', '2020-03-06 02:31:05', '2020-03-06 02:31:05'),
	(52, 103, '3100065535', '2014-08-26', 182463, 182463, 'งวดที่ 7', '2020-03-06 07:43:07', '2020-03-06 07:43:07'),
	(53, 103, '3100073615', '2014-09-17', 83932.98, 83932.98, 'งวดที่ 3 และงวดสุดท้าย', '2020-03-06 07:51:55', '2020-03-06 07:51:55'),
	(54, 106, '3100023562', '2017-08-10', 59772.56, 59772.56, 'งวดที่ 1 (งวดสุดท้าย)', '2020-03-12 07:30:33', '2020-03-12 07:30:33');
/*!40000 ALTER TABLE `7_deposit_penalties` ENABLE KEYS */;

-- Dumping structure for table refund2.8_approve_refunds
DROP TABLE IF EXISTS `8_approve_refunds`;
CREATE TABLE IF NOT EXISTS `8_approve_refunds` (
  `id` int(10) unsigned NOT NULL AUTO_INCREMENT,
  `refund_id` int(10) unsigned NOT NULL,
  `receive_date` date NOT NULL,
  `refund_days` int(11) NOT NULL,
  `refund_money` double(15,2) DEFAULT NULL,
  `refund_amount` double(15,2) NOT NULL,
  `approve_amount` double(15,2) NOT NULL,
  `created_at` timestamp NULL DEFAULT NULL,
  `updated_at` timestamp NULL DEFAULT NULL,
  PRIMARY KEY (`id`),
  UNIQUE KEY `8_approve_refunds_refund_id_unique` (`refund_id`),
  CONSTRAINT `8_approve_refunds_refund_id_foreign` FOREIGN KEY (`refund_id`) REFERENCES `2_refunds` (`id`) ON DELETE CASCADE
) ENGINE=InnoDB AUTO_INCREMENT=23 DEFAULT CHARSET=utf8mb4 COLLATE=utf8mb4_unicode_ci;

-- Dumping data for table refund2.8_approve_refunds: ~18 rows (approximately)
/*!40000 ALTER TABLE `8_approve_refunds` DISABLE KEYS */;
INSERT INTO `8_approve_refunds` (`id`, `refund_id`, `receive_date`, `refund_days`, `refund_money`, `refund_amount`, `approve_amount`, `created_at`, `updated_at`) VALUES
	(4, 24, '2019-12-24', 2, NULL, 10.00, 20.00, '2019-12-24 09:12:13', '2019-12-24 09:12:13'),
	(5, 28, '2019-12-27', 2, NULL, 10.00, 20.00, '2019-12-27 03:13:49', '2019-12-27 03:13:49'),
	(6, 44, '2020-01-09', 5, NULL, 39945.00, 39945.00, '2020-01-06 06:59:48', '2020-01-06 06:59:48'),
	(7, 43, '2017-08-31', 12, NULL, 60000.00, 60000.00, '2020-01-06 07:59:08', '2020-01-06 07:59:08'),
	(8, 47, '2019-12-26', 13, NULL, 64532.00, 64532.00, '2020-01-06 09:11:14', '2020-01-06 09:11:14'),
	(9, 54, '2020-01-09', 50, NULL, 12500.00, 12500.00, '2020-01-08 05:41:33', '2020-01-08 05:41:33'),
	(10, 50, '2017-10-06', 120, NULL, 481272.00, 481272.00, '2020-01-08 06:46:57', '2020-01-08 06:46:57'),
	(11, 55, '2017-10-09', 120, NULL, 302040.00, 302040.00, '2020-01-08 06:47:25', '2020-01-08 06:47:25'),
	(12, 62, '2020-02-25', 2, NULL, 10.00, 20.00, '2020-02-25 02:07:45', '2020-02-25 02:07:45'),
	(13, 56, '2020-02-25', 2, NULL, 10.00, 20.00, '2020-02-25 09:28:31', '2020-02-25 09:28:31'),
	(14, 94, '2017-09-18', 14, NULL, 61564.30, 61564.30, '2020-03-03 06:46:19', '2020-03-03 06:46:26'),
	(15, 95, '2017-09-13', 54, NULL, 267655.32, 267655.32, '2020-03-03 07:12:46', '2020-03-03 07:12:46'),
	(16, 96, '2017-02-21', 90, NULL, 3470490.00, 3470490.00, '2020-03-04 02:10:07', '2020-03-04 02:10:07'),
	(17, 98, '2016-09-29', 58, NULL, 106198.00, 106198.00, '2020-03-04 06:44:48', '2020-03-04 06:44:48'),
	(18, 99, '2018-04-09', 365, NULL, 955488.60, 955488.60, '2020-03-04 07:54:12', '2020-03-04 07:54:12'),
	(19, 100, '2016-09-29', 44, NULL, 80564.00, 80564.00, '2020-03-05 08:48:19', '2020-03-05 08:48:19'),
	(20, 101, '2016-09-29', 149, NULL, 272908.40, 272908.40, '2020-03-06 02:32:45', '2020-03-06 02:32:45'),
	(21, 103, '2016-10-21', 73, NULL, 266395.98, 266395.98, '2020-03-06 07:55:37', '2020-03-06 07:55:37'),
	(22, 106, '2017-08-23', 13, 13.00, 59772.56, 59772.56, '2020-03-12 07:31:22', '2020-03-12 07:31:22');
/*!40000 ALTER TABLE `8_approve_refunds` ENABLE KEYS */;

-- Dumping structure for table refund2.9_forms
DROP TABLE IF EXISTS `9_forms`;
CREATE TABLE IF NOT EXISTS `9_forms` (
  `id` int(10) unsigned NOT NULL AUTO_INCREMENT,
  `name1` varchar(191) COLLATE utf8mb4_unicode_ci NOT NULL,
  `name2` varchar(191) COLLATE utf8mb4_unicode_ci NOT NULL,
  `name3` varchar(191) COLLATE utf8mb4_unicode_ci NOT NULL,
  `order` tinyint(4) NOT NULL,
  `create_by` varchar(191) COLLATE utf8mb4_unicode_ci NOT NULL,
  `status` tinyint(4) NOT NULL,
  `created_at` timestamp NULL DEFAULT NULL,
  `updated_at` timestamp NULL DEFAULT NULL,
  PRIMARY KEY (`id`)
) ENGINE=InnoDB AUTO_INCREMENT=35 DEFAULT CHARSET=utf8mb4 COLLATE=utf8mb4_unicode_ci;

-- Dumping data for table refund2.9_forms: ~4 rows (approximately)
/*!40000 ALTER TABLE `9_forms` DISABLE KEYS */;
INSERT INTO `9_forms` (`id`, `name1`, `name2`, `name3`, `order`, `create_by`, `status`, `created_at`, `updated_at`) VALUES
	(31, 'แบบการถอนคืนเงินรายได้แผ่นดิน ตามมติคณะรัฐมนตรีเมื่อวันที่ 8 สิงหาคม 2560', 'แจ้งตามหนังสือสำนักเลขาธิการคณะรัฐมนตรี ด่วนที่สุด ที่ นร 0505/ว 399 ลงวันที่ 10 สิงหาคม 2560', 'แบบถอนคืนตาม ว 399 ทางตรง', 1, 'Songwut', 1, '2020-01-06 04:24:04', '2020-03-12 07:06:15'),
	(32, 'แบบการถอนคืนเงินรายได้แผ่นดิน ตามมติคณะรัฐมนตรีเมื่อวันที่ 6 กันยายน 2559', 'แจ้งตามหนังสือสำนักเลขาธิการคณะรัฐมนตรี ด่วนที่สุด ที่ นร 0505/ว 272 ลงวันที่ 7 กันยายน 2559', 'แบบถอนคืนตาม ว 272 กรณี 3', 2, 'Songwut', 1, '2020-01-06 07:33:01', '2020-03-04 08:36:54'),
	(33, 'แบบการถอนคืนเงินรายได้แผ่นดิน ตามมติคณะรัฐมนตรีเมื่อวันที่ 24 เมษายน 2562', 'แจ้งตามหนังสือสำนักเลขาธิการคณะรัฐมนตรี ด่วนที่สุด ที่ นร 0505/ว 165 ลงวันที่ 26 เมษายน 2562', 'แบบถอนคืนตาม ว 165', 3, 'Songwut', 1, '2020-01-08 03:11:53', '2020-01-08 03:11:53'),
	(34, 'แบบการถอนคืนเงินรายได้แผ่นดิน ตาม พรบ.การจัดซื้อจัดจ้างและบริหารพัสดุภาครัฐ พ.ศ. 2560', 'หรือระเบียบ ข้อบังคับ ข้อบัญญัติ ว่าด้วยการพัสดุของหน่วยงานนั้น ๆ', 'แบบถอนคืนตาม พรบ. และระเบียบพัสดุ', 4, 'Songwut', 1, '2020-03-03 07:03:48', '2020-03-03 07:18:48');
/*!40000 ALTER TABLE `9_forms` ENABLE KEYS */;

-- Dumping structure for table refund2.migrations
DROP TABLE IF EXISTS `migrations`;
CREATE TABLE IF NOT EXISTS `migrations` (
  `id` int(10) unsigned NOT NULL AUTO_INCREMENT,
  `migration` varchar(191) COLLATE utf8mb4_unicode_ci NOT NULL,
  `batch` int(11) NOT NULL,
  PRIMARY KEY (`id`)
) ENGINE=InnoDB AUTO_INCREMENT=36 DEFAULT CHARSET=utf8mb4 COLLATE=utf8mb4_unicode_ci;

-- Dumping data for table refund2.migrations: ~26 rows (approximately)
/*!40000 ALTER TABLE `migrations` DISABLE KEYS */;
INSERT INTO `migrations` (`id`, `migration`, `batch`) VALUES
	(2, '2014_10_12_100000_create_password_resets_table', 1),
	(3, '2019_02_26_065640_create_offices_table', 1),
	(4, '2019_02_26_065741_create_refunds_table', 1),
	(5, '2019_02_26_071313_create_contracts_table', 1),
	(6, '2019_02_26_072926_create_contract_budget_edits_table', 1),
	(7, '2019_02_26_073325_create_contract_time_edits_table', 1),
	(8, '2019_02_28_060828_create_delivers_table', 1),
	(9, '2019_02_28_061714_create_deposit_penalties_table', 1),
	(10, '2019_03_01_041558_create_approve_refunds_table', 1),
	(11, '2019_04_03_065038_create_forms_table', 1),
	(12, '2019_04_03_070239_create_refund_forms_table', 1),
	(13, '2019_04_03_070715_create_form_rules_table', 1),
	(14, '2019_04_03_071418_create_form_conditions_table', 1),
	(15, '2019_07_15_024751_add_condition_to_rules_table', 1),
	(16, '2019_08_06_072551_create_considers_table', 1),
	(17, '2019_08_26_032504_add_description_on_considers_table', 1),
	(18, '2019_09_12_034811_create_refund_details_table', 1),
	(19, '2019_11_14_091048_modify_contract_budget_edit', 1),
	(20, '2019_11_19_081214_modify_3_contracts_float_to_decimal', 1),
	(21, '2019_11_20_013925_modify_contract_time_edit_add_column', 1),
	(22, '2019_11_21_070101_modify_delivers', 1),
	(23, '2019_11_22_111718_modify_approve_table_refund_id_set_unique', 1),
	(24, '2019_11_30_083347_edit_refund_detail_add_col_result_type', 2),
	(25, '2019_12_22_144315_create_refund_files_table', 3),
	(26, '2014_10_12_000000_create_users_table', 4),
	(27, '2016_06_01_000001_create_oauth_auth_codes_table', 4),
	(28, '2016_06_01_000002_create_oauth_access_tokens_table', 4),
	(29, '2016_06_01_000003_create_oauth_refresh_tokens_table', 4),
	(30, '2016_06_01_000004_create_oauth_clients_table', 4),
	(31, '2016_06_01_000005_create_oauth_personal_access_clients_table', 4),
	(32, '2020_02_21_080015_modify_contract_time_edit', 5),
	(33, '2020_02_24_092135_modify_delivers_add_col_start_end', 6),
	(34, '2020_02_24_142345_modify_deposit_add_column_amount_contract', 7),
	(35, '2020_03_11_064020_modify_approve_refund_add_column_refund_money', 8);
/*!40000 ALTER TABLE `migrations` ENABLE KEYS */;

-- Dumping structure for table refund2.oauth_access_tokens
DROP TABLE IF EXISTS `oauth_access_tokens`;
CREATE TABLE IF NOT EXISTS `oauth_access_tokens` (
  `id` varchar(100) COLLATE utf8mb4_unicode_ci NOT NULL,
  `user_id` bigint(20) DEFAULT NULL,
  `client_id` int(10) unsigned NOT NULL,
  `name` varchar(191) COLLATE utf8mb4_unicode_ci DEFAULT NULL,
  `scopes` text COLLATE utf8mb4_unicode_ci DEFAULT NULL,
  `revoked` tinyint(1) NOT NULL,
  `created_at` timestamp NULL DEFAULT NULL,
  `updated_at` timestamp NULL DEFAULT NULL,
  `expires_at` datetime DEFAULT NULL,
  PRIMARY KEY (`id`),
  KEY `oauth_access_tokens_user_id_index` (`user_id`)
) ENGINE=InnoDB DEFAULT CHARSET=utf8mb4 COLLATE=utf8mb4_unicode_ci;

-- Dumping data for table refund2.oauth_access_tokens: ~136 rows (approximately)
/*!40000 ALTER TABLE `oauth_access_tokens` DISABLE KEYS */;
INSERT INTO `oauth_access_tokens` (`id`, `user_id`, `client_id`, `name`, `scopes`, `revoked`, `created_at`, `updated_at`, `expires_at`) VALUES
	('016c3aa69e63547e5a88472ed7debc6872920aac93f62f6b243cb0de267bea458204485b10caea36', 1, 2, NULL, '[]', 0, '2019-12-26 07:08:53', '2019-12-26 07:08:53', '2020-12-26 07:08:53'),
	('03d89768ebb42d3712af96d49381642a12dc03c42e01c8f41d48ea1c930a48f598f55a3940e1a1c9', 1, 1, 'Laravel', '[]', 0, '2020-03-10 09:43:48', '2020-03-10 09:43:48', '2021-03-10 09:43:48'),
	('045f93d0611dc7cde9d2d04f9d267cea636d7568ec73879672e8bb1c0db004ef0cea307523a484c1', 1, 1, 'Laravel', '[]', 0, '2020-01-06 04:00:22', '2020-01-06 04:00:22', '2021-01-06 04:00:22'),
	('0660ce36bc330e198d6914f373cc780674177ea9d3376e330a92ed0f07a26ddadb6cd9121669b42a', 1, 1, 'Laravel', '[]', 0, '2020-01-06 04:08:38', '2020-01-06 04:08:38', '2021-01-06 04:08:38'),
	('08c440864271ded5c7d919c5bcf2f36cb1adb6ffcbafa0ceb1e6183ba663411ce2b0415e588c428a', 1, 1, 'Laravel', '[]', 0, '2020-01-06 04:08:37', '2020-01-06 04:08:37', '2021-01-06 04:08:37'),
	('0903269bf1838addd3d5408df6a37f4b53fd1374c39ece86e198ed5a4fd9eadfd10b90534fe2cffe', 2, 1, 'Laravel', '[]', 0, '2020-03-02 02:42:17', '2020-03-02 02:42:17', '2021-03-02 02:42:17'),
	('0cf2f802185e860b456a123386ab36b99fcbd1577add40e8f270303dddd41e1cfefb343d10d9cc7b', 1, 1, 'Laravel', '[]', 0, '2020-03-04 02:16:51', '2020-03-04 02:16:51', '2021-03-04 02:16:51'),
	('0d52946c68e6b5db8815c20351897b50736e8663977e38b8bf2b90b1649f8f433f3879d99ce8f8cf', 1, 1, 'Laravel', '[]', 0, '2020-01-06 03:54:34', '2020-01-06 03:54:34', '2021-01-06 03:54:34'),
	('0f2c73da98167c980f2c6550049b1ee95ded30141cba261768038c174261f0f4d6b5f7cffe4d273f', 1, 1, 'Laravel', '[]', 0, '2020-01-06 04:08:20', '2020-01-06 04:08:20', '2021-01-06 04:08:20'),
	('102d14fe136fb087d49c69d0c1a28e92e91e51be2f5c0bf56d3c99b01f7deaaff85cc67b86c4eb76', 2, 1, 'Laravel', '[]', 0, '2020-03-02 02:24:29', '2020-03-02 02:24:29', '2021-03-02 02:24:29'),
	('12afc8c859bc746a74e56b06f226e393d2bf814a494d78eb07b5b3a5efbaed55cf3fb552bfc80253', 1, 1, 'Laravel', '[]', 0, '2020-01-06 04:08:17', '2020-01-06 04:08:17', '2021-01-06 04:08:17'),
	('12cfb4451aa2ec1f18de64e031e81715f182878fdffc8cdb935c7a6eb30633c7822c1bc45aa515b6', 1, 1, 'Laravel', '[]', 0, '2020-01-06 03:54:00', '2020-01-06 03:54:00', '2021-01-06 03:54:00'),
	('13400fbf0d73abec749142e899b6433fc9c30c7419a0239f6582135af597b3f5443a8bba93d5b900', 1, 1, 'Laravel', '[]', 0, '2020-01-06 04:08:39', '2020-01-06 04:08:39', '2021-01-06 04:08:39'),
	('1827a74e27309c05ca828e6b551077fc1391d87660ef62f0f7eb3adf5e597332fa66eb2c4905d884', 1, 1, 'Laravel', '[]', 0, '2020-01-06 03:54:36', '2020-01-06 03:54:36', '2021-01-06 03:54:36'),
	('1ad0f9175ea3497f14472d24c8ad63d8b2dbfc95306e0d695ae1e55db4054a2f801ece7963fa6f58', 1, 1, 'Laravel', '[]', 0, '2020-03-05 08:49:05', '2020-03-05 08:49:05', '2021-03-05 08:49:05'),
	('1ca0bc256aebe5b8e19dd00338c0d7badea69560cbc02fdb7b76a96baaf094bc472932d9c1e18995', 2, 1, 'Laravel', '[]', 0, '2020-03-02 02:35:18', '2020-03-02 02:35:18', '2021-03-02 02:35:18'),
	('1e62fb6fe0d6a59762ad977112138d056b7a9078183055001bb61b22682b5ed3563ce3dd4fd5aec6', 2, 1, 'Laravel', '[]', 0, '2020-03-03 06:58:55', '2020-03-03 06:58:55', '2021-03-03 06:58:55'),
	('2094027a9d498454929babd6b252de0a584fa504ab06de2943f156aae1880d3fcd2ffe41c124193d', 2, 1, 'Laravel', '[]', 0, '2020-03-04 01:42:57', '2020-03-04 01:42:57', '2021-03-04 01:42:57'),
	('210d1550bef41f00358c97e6ce6cfa800cbd8a1d186e9c1cff737f96ae3865c50227646aa906e0f5', 2, 1, 'Laravel', '[]', 0, '2020-03-11 03:30:46', '2020-03-11 03:30:46', '2021-03-11 03:30:46'),
	('23f64741e04a2d62a2b25ec0ce68848eebb2b0a8b7e1494b3a9fb8f6672bbd3d66293dfbcf5d8c7c', 1, 1, 'Laravel', '[]', 0, '2020-01-06 04:04:24', '2020-01-06 04:04:24', '2021-01-06 04:04:24'),
	('25c7efd2a1fde6006fc8c03e62a3776c5550efd884efadfe6b9aaa92971b518411619992a1f2f1a2', 1, 2, NULL, '[]', 0, '2019-12-26 07:44:49', '2019-12-26 07:44:49', '2020-12-26 07:44:49'),
	('2869d20a2e429fac7e09ecbe62b243f3c4e882c4c3b7961ba42c37639858256966d434d83feda29e', 1, 1, 'Laravel', '[]', 0, '2020-01-06 04:04:29', '2020-01-06 04:04:29', '2021-01-06 04:04:29'),
	('28da955b5c2fa55866a2df7a83cc5eb2982cf16b9c2f54e62cf0600bab6a95b3831dbb7b9c4132fe', 2, 1, 'Laravel', '[]', 0, '2019-12-27 01:09:38', '2019-12-27 01:09:38', '2020-12-27 01:09:38'),
	('29738b30bca41a9e0010bc7e0695a1480f2ccdca5690b2d104ec31634a6e9f42c2ee0d9f4378f4e4', 1, 1, 'Laravel', '[]', 0, '2020-01-06 03:57:23', '2020-01-06 03:57:23', '2021-01-06 03:57:23'),
	('2a25e18b1a94f7ae4688d12e5c701b2c0f542472caf5cbd1c623aff8682bbca2ef993eb711729d52', 1, 1, 'Laravel', '[]', 0, '2020-01-06 03:56:25', '2020-01-06 03:56:25', '2021-01-06 03:56:25'),
	('2a69e6d6aea5b5c1fdcebeeb730e376fe28a1c70aa10678c61e1bc9f0d073ca4f4931cdda3d7b63d', 2, 1, 'Laravel', '[]', 0, '2020-03-02 02:36:47', '2020-03-02 02:36:47', '2021-03-02 02:36:47'),
	('2a81837c4510192c1d4200a4b21b3ae1b87dd27af3647b7d592c128011d29d63b4a48507be9875f9', 2, 1, 'Laravel', '[]', 0, '2020-03-04 01:48:20', '2020-03-04 01:48:20', '2021-03-04 01:48:20'),
	('2dfadc77b46fed5c4b3b1c6b0a7382dc5106ca65228f8581d25ba02b4a4b7ffd4a41a2eb2a8ac4d8', 2, 1, 'Laravel', '[]', 0, '2020-03-03 02:27:58', '2020-03-03 02:27:58', '2021-03-03 02:27:58'),
	('31ca900fc4f5681554c3fb4f3b3523067cefdddc80b4b2f1700c834a6f53e6f7e80d85fb515bbebe', 1, 1, 'Laravel', '[]', 0, '2020-03-06 06:12:19', '2020-03-06 06:12:19', '2021-03-06 06:12:19'),
	('344e04f463d34d0fcc215ee0e96d44956e29357b303f87146682175bcd83376633099d3aa957b612', 2, 1, 'Laravel', '[]', 0, '2020-03-03 06:57:51', '2020-03-03 06:57:51', '2021-03-03 06:57:51'),
	('34711a79abc7e7244d7224c222b710a434488bc7a6c4c4d7d3b6c0bc932763b2c4c7a7617c5020f3', 2, 1, 'Laravel', '[]', 0, '2020-01-06 03:54:07', '2020-01-06 03:54:07', '2021-01-06 03:54:07'),
	('371ecb50b83d3d0c1f97efe30d75d5bcbb44c7315b81481df6e09e9743337c34c800792cfd8abaf2', 1, 2, NULL, '[]', 0, '2019-12-26 08:06:28', '2019-12-26 08:06:28', '2020-12-26 08:06:28'),
	('373b0bae4abaeb91efea79f4fa9a7a403c022711a9e8950a3d0b4283222bdb6478db7dc173869b5c', 1, 1, 'Laravel', '[]', 0, '2020-01-06 04:08:37', '2020-01-06 04:08:37', '2021-01-06 04:08:37'),
	('383295e62847518408bd0eb4fcbf5d0ddf36339baf294b8f62ed014ecfc3119905fd57f616e721c8', 1, 1, 'Laravel', '[]', 0, '2020-01-06 04:08:37', '2020-01-06 04:08:37', '2021-01-06 04:08:37'),
	('3b29e38f9f6f4a9af7169e04f89ae01b1b178c598b197a22823d66c3e111afe454906ca95c94cf85', 1, 2, NULL, '[]', 0, '2019-12-26 09:28:56', '2019-12-26 09:28:56', '2020-12-26 09:28:56'),
	('3b2c120217a418c5b4576180c7a0a5d6c9895498d326215a59ee50c917b4a9957ae42c6885e20683', 1, 1, 'Laravel', '[]', 0, '2020-01-06 04:08:20', '2020-01-06 04:08:20', '2021-01-06 04:08:20'),
	('3b352e1659803ffe66f69776acdfca85731a563c6b85c8b023dd02d0336576abcaf499c0e0bad956', 1, 1, 'Laravel', '[]', 0, '2020-01-06 03:56:07', '2020-01-06 03:56:07', '2021-01-06 03:56:07'),
	('3f1ca5ad33d334eda9077ecae64861d018093d83113f3eff3769359cf9d44143b7b1cfd48514fee1', 2, 1, 'Laravel', '[]', 0, '2020-03-04 08:05:01', '2020-03-04 08:05:01', '2021-03-04 08:05:01'),
	('439a682a626f11102e45e88677fdceef641bfda989a2be8345359e0688b8b6b3c862858d94a490fb', 2, 1, 'Laravel', '[]', 0, '2020-03-03 04:19:20', '2020-03-03 04:19:20', '2021-03-03 04:19:20'),
	('44a411cddf7297a8ee01b99774485f39961b88e82ad7bd33b8186c9ed821a5c387800a38e2f24bac', 1, 1, 'Laravel', '[]', 0, '2020-01-06 03:53:59', '2020-01-06 03:53:59', '2021-01-06 03:53:59'),
	('475ec490c5508fbf87d19bd50bdb17a709a17c26e386507746dde94c9c5448014d9c4f451aa8d02f', 2, 1, 'Laravel', '[]', 0, '2020-03-05 09:09:03', '2020-03-05 09:09:03', '2021-03-05 09:09:03'),
	('49405b939eac65046d8f6d50dc4896f1ed8c8198e435694ce6ee21fa5c60c5926505c583942d07fe', 1, 1, 'Laravel', '[]', 0, '2020-03-04 02:04:53', '2020-03-04 02:04:53', '2021-03-04 02:04:53'),
	('4955994dda9538cbe2d183fceb6c32b3fada9e27f33cd107a51a8418c68c9320a478f8ee24171b10', 1, 1, 'Laravel', '[]', 0, '2020-01-06 04:08:16', '2020-01-06 04:08:16', '2021-01-06 04:08:16'),
	('4a5d86f4cffca2076a755e8658713782f1e225e7677a2a99d85fceaec7fd1ba7c546443cf605655b', 2, 1, 'Laravel', '[]', 0, '2020-03-03 07:27:35', '2020-03-03 07:27:35', '2021-03-03 07:27:35'),
	('4ad3ebcee59d3d0ef83c9ad95928810ce60c67f5ec5156fe40e75cff04240c60b2b057aadf5a263b', 1, 1, 'Laravel', '[]', 0, '2020-01-06 03:55:59', '2020-01-06 03:55:59', '2021-01-06 03:55:59'),
	('4b5d76698b28e6b833ddfa081500e53961042f8cef6224861d47199a64ef6ce5d9ca9278170a0b0b', 1, 1, 'Laravel', '[]', 0, '2020-01-06 04:00:23', '2020-01-06 04:00:23', '2021-01-06 04:00:23'),
	('501859d02d5afed3e33c3508007f272bd94169074bc21cbe2391a42aa4336957ae48ce0c83b337db', 1, 1, 'Laravel', '[]', 0, '2020-01-06 04:08:18', '2020-01-06 04:08:18', '2021-01-06 04:08:18'),
	('53d67321fb06e16feaffae33a3e15fd10cd39494717a36918b345f15da88b96aedafb2b43e63771e', 1, 1, 'Laravel', '[]', 0, '2020-01-06 03:55:09', '2020-01-06 03:55:09', '2021-01-06 03:55:09'),
	('54ea4ec50f9d380775042e5fd05f61be94268f398af618bee4181e30d60ed0d406e276a25cc30cdc', 1, 1, 'Laravel', '[]', 0, '2020-01-06 03:57:22', '2020-01-06 03:57:22', '2021-01-06 03:57:22'),
	('560cb399f76425331e448e3795f2cfdb7b863cd395799b0fd9e54d6e146e38eb0622425df2d75273', 1, 1, 'Laravel', '[]', 0, '2020-01-06 03:55:46', '2020-01-06 03:55:46', '2021-01-06 03:55:46'),
	('5627f0cfabc33c030a45433b76a3eecfad1453c1c33f49726e477f8fa282847640be68f748175378', 2, 1, 'Laravel', '[]', 0, '2019-12-27 02:48:09', '2019-12-27 02:48:09', '2020-12-27 02:48:09'),
	('56b8a57f3b56825bb9b0895141907cbbbc552d396e82a5e5eb67c0b6fdf0bc87080f25c5c32529fc', 1, 1, 'Laravel', '[]', 0, '2020-01-06 04:04:24', '2020-01-06 04:04:24', '2021-01-06 04:04:24'),
	('587946a4e394e077faacb51fc95ebb01caff5b82c109ad1fb78dd586ef10d1aafa0c02f28298dcde', 1, 1, 'Laravel', '[]', 0, '2020-01-06 04:08:18', '2020-01-06 04:08:18', '2021-01-06 04:08:18'),
	('592bf9215f7500e5cc20abe7b1dc19c9312b4e3c16a42d8b7c313ba6974748b475dc5b7ce85661ea', 2, 1, 'Laravel', '[]', 0, '2020-03-12 07:05:59', '2020-03-12 07:05:59', '2021-03-12 07:05:59'),
	('5d86d3a77e23bdfea4e182fa4bb2ec309ce57fa4f75c52263ea91bb51d7906ee4add1b4154161026', 2, 1, 'Laravel', '[]', 0, '2020-03-10 08:12:59', '2020-03-10 08:12:59', '2021-03-10 08:12:59'),
	('5f36821cc2474f46369e068e1d9e0e380462a2a6ec1f22d00d889bbe394e6cbd5b15d1eebfdfb10f', 1, 1, 'Laravel', '[]', 0, '2020-01-06 04:08:17', '2020-01-06 04:08:17', '2021-01-06 04:08:17'),
	('5fccaaec12e16068008ff73be4308a7e1956a68a241a869366e15b16c929c9361fcf76352f376fe6', 2, 1, 'Laravel', '[]', 0, '2020-03-02 08:14:09', '2020-03-02 08:14:09', '2021-03-02 08:14:09'),
	('664cda5e0fbc61c98416d091a8519d50d2a3b51e29e8f8bda9ff237d81a5d99455d7a0f61d07586d', 1, 2, NULL, '[]', 0, '2019-12-26 02:19:31', '2019-12-26 02:19:31', '2020-12-26 02:19:31'),
	('66a0cfef02fb0570b862017874701ac2ed9f00a512deff2c302d7bdf3f26f640d37cc01f1990f2d0', 1, 1, 'Laravel', '[]', 0, '2020-03-04 08:36:06', '2020-03-04 08:36:06', '2021-03-04 08:36:06'),
	('671042faa588d523cc3b9083fed78e5e50f35a3cc94516954c74bf868ac5da1a9ece2bcbe24af92e', 2, 1, 'Laravel', '[]', 0, '2019-12-27 02:27:01', '2019-12-27 02:27:01', '2020-12-27 02:27:01'),
	('68b0105ebd7031b90c99a70cade436f3c0c6cb5686cc5d0493ccb4244cdc720f641ad8bb0bd32dfb', 1, 1, 'Laravel', '[]', 0, '2020-01-06 04:08:21', '2020-01-06 04:08:21', '2021-01-06 04:08:21'),
	('6ab923028505420d17f60bff6ea6f741fd61090aff78e2e3faf025534d2b805d6ee243cba078e6e5', 2, 1, 'Laravel', '[]', 0, '2020-01-06 03:54:08', '2020-01-06 03:54:08', '2021-01-06 03:54:08'),
	('6b36d5fb5da1063d3245ff32e6fd71d0163f24af4bf5ec9fce146eaf3eb16c938983dd3fd8960146', 1, 1, 'Laravel', '[]', 0, '2020-01-06 04:08:19', '2020-01-06 04:08:19', '2021-01-06 04:08:19'),
	('6c7f4891a88c960744641b3677a18bade6a84570e5d386c336e5e5f7dbca4b7260b0aba28afa3b44', 2, 1, 'Laravel', '[]', 0, '2020-03-02 02:36:48', '2020-03-02 02:36:48', '2021-03-02 02:36:48'),
	('6d16767bffbeb59430d05f58f5f9406501a3899be27a1d061ed3b0b3ad6de952ae50e5bbbd0d0bfc', 1, 1, 'Laravel', '[]', 0, '2020-01-06 03:53:41', '2020-01-06 03:53:41', '2021-01-06 03:53:41'),
	('6e84e29bfa56fb918ed6b97fc033ffcad0bb63717962e80e6e5418914356eee747191c9053271072', 1, 1, 'Laravel', '[]', 0, '2020-01-06 03:54:35', '2020-01-06 03:54:35', '2021-01-06 03:54:35'),
	('742077ba158a620df75e7eb90eaf4332593fbedc7963df881fed1c448e3c8da4978da4e0b40f719b', 2, 1, 'Laravel', '[]', 0, '2020-03-02 02:36:18', '2020-03-02 02:36:18', '2021-03-02 02:36:18'),
	('7618807fcb6b0b61de59231f57e7b81b5b7e31d42927e026cf55382e42cfc8541f59c2d3e60f5019', 2, 1, 'Laravel', '[]', 0, '2020-03-04 01:46:37', '2020-03-04 01:46:37', '2021-03-04 01:46:37'),
	('766443607ec058045336958a7408dac4253d4f18162206254fba1ac0149d9c0e01c2c772f5ace2e3', 1, 1, 'Laravel', '[]', 0, '2020-01-06 04:04:25', '2020-01-06 04:04:25', '2021-01-06 04:04:25'),
	('7880faca73d3e2730b59cc388b6a5f2faae2c289da49d1716e4228f02c16c7a0aa812ff2050bf576', 2, 1, 'Laravel', '[]', 0, '2020-03-06 02:00:19', '2020-03-06 02:00:19', '2021-03-06 02:00:19'),
	('789c21e9111e0a823e5d39f5ec870dde55835df43073538306450d12f74a8b896a066f13200ec196', 1, 2, NULL, '[]', 0, '2019-12-26 07:50:06', '2019-12-26 07:50:06', '2020-12-26 07:50:06'),
	('78afa159f7990139f1b32e13fb2ad7c96f7bfec731efc081f2fd358bdd644523c57972360887ac17', 1, 1, 'Laravel', '[]', 0, '2020-01-06 03:57:21', '2020-01-06 03:57:21', '2021-01-06 03:57:21'),
	('7c3964f1a6c1968f4214b3091c81edcab8a316af600f6d85a9796ae3091d191bd588aa51a59bdd16', 2, 1, 'Laravel', '[]', 0, '2020-01-06 04:11:14', '2020-01-06 04:11:14', '2021-01-06 04:11:14'),
	('7c567406be073db22277e6a12027b2b97d5f7016d55ade40dc8769aad755a6b0a708fed13b3bd555', 2, 1, 'Laravel', '[]', 0, '2020-03-03 06:43:01', '2020-03-03 06:43:01', '2021-03-03 06:43:01'),
	('7dab3837fc9f428e45360724d40c30cd635f5881856e59d0a2458a886892f2e83ce15fc545105a80', 1, 1, 'Laravel', '[]', 0, '2020-01-06 03:53:58', '2020-01-06 03:53:58', '2021-01-06 03:53:58'),
	('7ec1ecf90b1237f3cf88a8dd042bc125b67ad354f877439e49e5e4f8bc55083c10823090f487e8d3', 1, 1, 'Laravel', '[]', 0, '2020-01-06 04:08:21', '2020-01-06 04:08:21', '2021-01-06 04:08:21'),
	('7f36e1328b7f71d974c1e02686524bdd5cfac2c2d9222944963078479a461aee32639399db0bccd2', 1, 1, 'Laravel', '[]', 0, '2020-01-06 03:55:45', '2020-01-06 03:55:45', '2021-01-06 03:55:45'),
	('7f9ac34f89cba38e40df48a6e7c4e71118c9b62aef89b94a41dc20b74e078eacb2802d91a2dcddcf', 2, 1, 'Laravel', '[]', 0, '2020-03-03 08:28:54', '2020-03-03 08:28:54', '2021-03-03 08:28:54'),
	('8113322b6e6674256d9a14f7265d064acb84e5ba95cfae2dd6baa193853ab64b3944f7d2384204ac', 1, 1, 'Laravel', '[]', 0, '2020-03-05 09:08:31', '2020-03-05 09:08:31', '2021-03-05 09:08:31'),
	('81147f13984e741eb45308a9298f4f46ef7c803038b3fcce3d6eb8020d35cb6ad0be815ac8778bb5', 1, 1, 'Laravel', '[]', 0, '2020-03-02 02:23:29', '2020-03-02 02:23:29', '2021-03-02 02:23:29'),
	('8d793e15cedf522ecc2c726657f10b0e309c5af8db28ee8bcbc2d22d121413c24bd0f942758a1cfa', 1, 1, 'Laravel', '[]', 0, '2020-01-06 04:08:19', '2020-01-06 04:08:19', '2021-01-06 04:08:19'),
	('8e75f57edc93d79c6ad1f64a47494a61565035f62bf0a8180115fa74d651f0421d84b8a083a2e7ec', 1, 2, NULL, '[]', 0, '2019-12-26 03:46:48', '2019-12-26 03:46:48', '2020-12-26 03:46:48'),
	('8eaaf9e94d88ef51655e25e33c7426f47f95950d62f262e071b89950b9324fea4a334b319be502ec', 1, 1, 'Laravel', '[]', 0, '2020-01-06 04:10:57', '2020-01-06 04:10:57', '2021-01-06 04:10:57'),
	('90d4208e070a71282aa061c4df59765a241d3565a4e460705f20d074e1e2dad72e51a9baf1b36a3f', 1, 1, 'Laravel', '[]', 0, '2019-12-27 02:40:38', '2019-12-27 02:40:38', '2020-12-27 02:40:38'),
	('90e1dc92606400adf777789e15125bd9cfc379aa7eedaf2d427ebf93d4714eff9442caba56c08245', 1, 1, 'Laravel', '[]', 0, '2020-01-06 03:54:00', '2020-01-06 03:54:00', '2021-01-06 03:54:00'),
	('94c8a1faa47cf6a6260aca258288e79f91c76703f4e5b6fcf16843ff90708c17afce624451b438e8', 1, 1, 'Laravel', '[]', 0, '2020-01-06 04:00:22', '2020-01-06 04:00:22', '2021-01-06 04:00:22'),
	('955c5ba6602457bb75aea4aebdbd5ab7a61ddeb761906517349d9e34878ffae02ed99d183f4a4ddf', 1, 1, 'Laravel', '[]', 0, '2020-03-04 02:01:18', '2020-03-04 02:01:18', '2021-03-04 02:01:18'),
	('9760ccdd118b6d8992ccd8139e0051c27f306da0b8b0c05ebc81a4bdc0bd9d54babcad60bc969ad3', 1, 1, 'Laravel', '[]', 0, '2020-01-06 04:00:16', '2020-01-06 04:00:16', '2021-01-06 04:00:16'),
	('98ce6319faaaf9224a88510ea4c8ead74b9ab08f00cd8c1507e1e00cdd3c05eaca4ad183b3db450f', 1, 1, 'Laravel', '[]', 0, '2020-01-06 03:53:47', '2020-01-06 03:53:47', '2021-01-06 03:53:47'),
	('99370bb5baef4edd3a1397084f8fd09eced861f1c85863d8acba4e18d378bbfa68d1d08c74413ae0', 1, 1, 'Laravel', '[]', 0, '2020-01-06 03:53:59', '2020-01-06 03:53:59', '2021-01-06 03:53:59'),
	('a0a8cc081add98f1261a83c3de05b7c776741fb5fd0c29c5e741caaa2734aeef048b13653b3297a3', 2, 1, 'Laravel', '[]', 0, '2020-03-02 02:37:47', '2020-03-02 02:37:47', '2021-03-02 02:37:47'),
	('a2b325a9ecb709dbe1185e7f001ff1a5341c72d2d45b9a81d5f9e29ab5b50a762b582d6b1194b9a4', 1, 1, 'Laravel', '[]', 0, '2019-12-27 01:09:22', '2019-12-27 01:09:22', '2020-12-27 01:09:22'),
	('a4160cdccc03adb40482e0d99897e210047521979684521ccea99105368326dcd89f19ca022d41c6', 1, 1, 'Laravel', '[]', 0, '2020-01-06 04:04:25', '2020-01-06 04:04:25', '2021-01-06 04:04:25'),
	('ae29d591c38a9c0af5afa44ca422482062ca7134fe2952019f25a9a2f683d52587073948296069e1', 2, 1, 'Laravel', '[]', 0, '2020-01-06 03:54:09', '2020-01-06 03:54:09', '2021-01-06 03:54:09'),
	('af3ac773c93d4f62874d4c7bb058b332f3d755973e6436303cfaf13c0c52c466ff077f7d81c4638d', 1, 1, 'Laravel', '[]', 0, '2020-01-06 04:00:22', '2020-01-06 04:00:22', '2021-01-06 04:00:22'),
	('b0578594aa4a46ba38d427b2b4c31ae994e1592cc21165b1b639b7d2b6b855ffc6a2622532a9a5ed', 1, 1, 'Laravel', '[]', 0, '2020-03-04 02:09:25', '2020-03-04 02:09:25', '2021-03-04 02:09:25'),
	('b118b6d0b5e201f4a1ac77e533ed613704c97d859021ab1852727158608f24b7322a689547a24658', 1, 2, NULL, '[]', 0, '2019-12-26 02:07:12', '2019-12-26 02:07:12', '2020-12-26 02:07:12'),
	('b4c91bf6d9505649c929e653db8216420f7f8cbef9aa7e7739e4d1b8deaf95f69339598511c8b6e9', 1, 1, 'Laravel', '[]', 0, '2020-01-06 04:00:21', '2020-01-06 04:00:21', '2021-01-06 04:00:21'),
	('ba4654e90a09bcf9c38237e204b9b28e6b82e69d809a5253d850464bd62e14ace7eac89ffb430dfb', 1, 2, NULL, '[]', 0, '2019-12-26 09:11:16', '2019-12-26 09:11:16', '2020-12-26 09:11:16'),
	('bcf11fc8570c1fc008049a0e9d8741e57f715310dabba9283ddb354e8b23d367177577dfa069a57c', 2, 1, 'Laravel', '[]', 0, '2020-03-03 06:59:51', '2020-03-03 06:59:51', '2021-03-03 06:59:51'),
	('bf51332d6a50271edde78c55f1322d9010df8be74be42d1e049a1292a7988f3306bf37d1fb6552af', 1, 1, 'Laravel', '[]', 0, '2020-01-06 03:55:05', '2020-01-06 03:55:05', '2021-01-06 03:55:05'),
	('c1ce2b03baec2c9362315ead64b8f7a99ca4ca4356f5b0b6b6fece9ff11196a287e1091b15ca4767', 2, 1, 'Laravel', '[]', 0, '2020-03-03 06:42:09', '2020-03-03 06:42:09', '2021-03-03 06:42:09'),
	('c4b39fdec8e36737a0e07188bfa6acc2fd7c07181383e6a3b1679cc0cc76429c9fee517ac95e7c4d', 2, 1, 'Laravel', '[]', 0, '2020-03-06 03:17:19', '2020-03-06 03:17:19', '2021-03-06 03:17:19'),
	('c4d2b4cbe1473941f13c79c3d403973879bf2fc3392dd8fb568cc9aa4b5e735329115f4f285d5933', 2, 1, 'Laravel', '[]', 0, '2020-03-03 07:00:44', '2020-03-03 07:00:44', '2021-03-03 07:00:44'),
	('c4d66df2799b52423a3d14850b1d5df69f2cc2c1f2b1f730656d041b3eb681118f64602b874086d0', 2, 1, 'Laravel', '[]', 0, '2020-03-04 08:40:09', '2020-03-04 08:40:09', '2021-03-04 08:40:09'),
	('c4d9ac8ca172a6006eef94a107090f3534847a851ec9dff7d8d8f9b8c98a062314147ece61e449af', 1, 1, 'Laravel', '[]', 0, '2020-01-06 03:55:59', '2020-01-06 03:55:59', '2021-01-06 03:55:59'),
	('c8bb9fdb9cc5aa842b5021dd2dc640c7e3bf2bb6045466e62fa533f3cf5d77178e5679487e6e3fb3', 1, 1, 'Laravel', '[]', 0, '2020-01-06 03:54:34', '2020-01-06 03:54:34', '2021-01-06 03:54:34'),
	('ca2692def5b21aeaa2509af0fe61c03f381d0403e9470087fb15b001cfef74055ea554dad61dab35', 1, 1, 'Laravel', '[]', 0, '2020-01-06 04:00:23', '2020-01-06 04:00:23', '2021-01-06 04:00:23'),
	('cd5983ffa92ddc2d701ea83fac2f8cebc20f9e05370d2d1d2b3f8bf3ed69a7059c24bee6cd977c72', 1, 1, 'Laravel', '[]', 0, '2020-01-06 04:10:39', '2020-01-06 04:10:39', '2021-01-06 04:10:39'),
	('d0518cb9adb3a44c71051672026af04263f3019bab46e102a883cbb826646871f5f09e9597d5ee3c', 1, 1, 'Laravel', '[]', 0, '2019-12-27 06:57:13', '2019-12-27 06:57:13', '2020-12-27 06:57:13'),
	('d0d2034e3ad74cd6a2a425f51c501770c52c39c5577a912a8216439d5ef038b67a465cfeec81f5e7', 1, 1, 'Laravel', '[]', 0, '2020-01-06 03:57:22', '2020-01-06 03:57:22', '2021-01-06 03:57:22'),
	('d30b450a670c5468fc5f3547b8e27a45b2384acb3857a706e3e99b17b36dc9ef99b5fef82377c63c', 1, 1, 'Laravel', '[]', 0, '2020-01-06 03:57:23', '2020-01-06 03:57:23', '2021-01-06 03:57:23'),
	('d4ee16271e7262e293a9362ffb1c50ff15e65897637a3b281d8df505760d4edbba146b8bfa8feb50', 2, 1, 'Laravel', '[]', 0, '2019-12-27 06:57:28', '2019-12-27 06:57:28', '2020-12-27 06:57:28'),
	('d5adce49f477818608608d1adefa5969387362bb0181d59875cdc3c58bf095a4cba444dc581ec9f4', 2, 1, 'Laravel', '[]', 0, '2020-03-02 07:01:59', '2020-03-02 07:01:59', '2021-03-02 07:01:59'),
	('d6895f05716b9ceb12d3caf8b672963904660aa493dcf3312e76d580aae09b3adc89ef8d57cd78f5', 1, 1, 'Laravel', '[]', 0, '2020-01-06 03:57:23', '2020-01-06 03:57:23', '2021-01-06 03:57:23'),
	('d79fb7c8ac43a6a9e0c8e9a20e1bd38598b73ae21bfd10463b8afa72fed3f4de83053612edab2908', 2, 1, 'Laravel', '[]', 0, '2020-03-03 02:41:18', '2020-03-03 02:41:18', '2021-03-03 02:41:18'),
	('d892e745dcbb6d3c63ebba3cddaf6f33572346e9328d877781dfa7964cfe9120c9dcdba24ad49232', 1, 1, 'Laravel', '[]', 0, '2020-01-06 03:55:08', '2020-01-06 03:55:08', '2021-01-06 03:55:08'),
	('dbff927e28087f964bd61e92c44059dc0d3c73de2f4cecdd2261b8bd6152009c1e921807eb713549', 1, 1, 'Laravel', '[]', 0, '2020-01-06 03:55:08', '2020-01-06 03:55:08', '2021-01-06 03:55:08'),
	('dd6a801b533c446a681d238f004e23cd71df14b2d24eb540f1527138af8299f6cf9441686d3abedc', 1, 1, 'Laravel', '[]', 0, '2020-01-06 04:04:24', '2020-01-06 04:04:24', '2021-01-06 04:04:24'),
	('e1639cc2147ab719b6b22f6b040fb60c02d57bc1370c7d3c01b8b8ce675377447b00fa4af3273014', 1, 1, 'Laravel', '[]', 0, '2020-01-06 04:08:19', '2020-01-06 04:08:19', '2021-01-06 04:08:19'),
	('e226e2f599e8c7c70b835c72e4bd98fea1ca35043545aeb89c400aeee86e39cc262cb1bde2032dba', 1, 1, 'Laravel', '[]', 0, '2020-01-06 04:08:20', '2020-01-06 04:08:20', '2021-01-06 04:08:20'),
	('e256b915af4e0776ddb7a8a98098061e1c3c956d56e646259c41fbfe2316b5f5f17edcdc49898046', 1, 2, NULL, '[]', 0, '2019-12-26 09:17:21', '2019-12-26 09:17:21', '2020-12-26 09:17:21'),
	('e498b9ba8f39b42a9763d79727a13d11d51f574820db1934e45b8f36485a662e291c9ffb94aae8de', 1, 1, 'Laravel', '[]', 0, '2020-01-06 03:57:24', '2020-01-06 03:57:24', '2021-01-06 03:57:24'),
	('e527953494234fb229e556b691a264ac816ff7bc502f883d328e90b14a094b9fb605e02cba9854fd', 1, 1, 'Laravel', '[]', 0, '2020-01-06 03:54:35', '2020-01-06 03:54:35', '2021-01-06 03:54:35'),
	('e8312add844ff671585be9c4a62d74a9f0ec35b32144aeacf31f36082c05d449a2590c639ad090ba', 1, 1, 'Laravel', '[]', 0, '2020-01-06 04:08:18', '2020-01-06 04:08:18', '2021-01-06 04:08:18'),
	('eba7a67cc45e05cce4d28c256393ea1ea3c44db6037700f38514b43185c080d394fe71cac9841d36', 1, 1, 'Laravel', '[]', 0, '2020-03-02 02:40:11', '2020-03-02 02:40:11', '2021-03-02 02:40:11'),
	('ec5e5836be8b10ed6b7abf3ed1801f8256aa45f4eed9095ca7e9fe24b5f62c16a3b6d794e82e8e1c', 2, 1, 'Laravel', '[]', 0, '2020-03-11 01:28:18', '2020-03-11 01:28:18', '2021-03-11 01:28:18'),
	('ede6b75832ef3c64eea347883615d1b9e9835f39439f25ea66982fc0fbf6116591e4c5f1a4d39dc4', 2, 1, 'Laravel', '[]', 0, '2020-03-02 03:46:19', '2020-03-02 03:46:19', '2021-03-02 03:46:19'),
	('ee360785c5feb76e60d0b699129170f4341da13b77100bd74e5528884559bb22b876dade2bd63d78', 1, 1, 'Laravel', '[]', 0, '2020-01-06 04:08:16', '2020-01-06 04:08:16', '2021-01-06 04:08:16'),
	('f0dcbfb00ed10429be2ba82ca42ec764955ef82acb3b138985656171ac223e8bececb57a92d9e9c8', 2, 1, 'Laravel', '[]', 0, '2020-01-06 03:54:08', '2020-01-06 03:54:08', '2021-01-06 03:54:08'),
	('f194840fcf7e7ad676606cc3a68170c459505c7327849bc8ff91a5638be2501a3373358fd8fc18a7', 1, 2, NULL, '[]', 0, '2019-12-26 03:42:31', '2019-12-26 03:42:31', '2020-12-26 03:42:31'),
	('f27cd65fd5acc76984565c7236206013c377f981605bc6d74fc3a9765373887cda318f796ca9aa44', 2, 1, 'Laravel', '[]', 0, '2020-03-04 02:03:57', '2020-03-04 02:03:57', '2021-03-04 02:03:57'),
	('f4c24d425f7f439b86512db72d68f3d8f16bfd1a41c983594abaffbfd4d2404ce30e5d8518edf1ae', 2, 1, 'Laravel', '[]', 0, '2020-03-09 02:36:35', '2020-03-09 02:36:35', '2021-03-09 02:36:35'),
	('f78fd5ab32663051c2008fbbd1c6af00a10ddfd8696dba864db47156faa3e99de3a8dde323710ec2', 1, 1, 'Laravel', '[]', 0, '2020-01-06 04:04:23', '2020-01-06 04:04:23', '2021-01-06 04:04:23'),
	('f8da56c611d53088edda99cc35a3ee84829375765643c83eae3c4481951ac0697d356380b9fd6e3e', 1, 1, 'Laravel', '[]', 0, '2020-01-06 04:08:38', '2020-01-06 04:08:38', '2021-01-06 04:08:38'),
	('fb2c77385c5420a28dff89d281056206a7bef30641bae8c254574792916a69258554beb0d3f647b8', 2, 1, 'Laravel', '[]', 0, '2020-03-03 07:45:29', '2020-03-03 07:45:29', '2021-03-03 07:45:29'),
	('fdd30c9c593cf289b9f504f4b0caa7986689d218252a4b0b674d4d3fa5a61ff36d59837cc8f3119b', 2, 1, 'Laravel', '[]', 0, '2020-03-06 06:00:37', '2020-03-06 06:00:37', '2021-03-06 06:00:37'),
	('ff3f5405c75f2c1fd2f96548aa78919ea4ddb636e967f583d75b308bf20268ce94606dbc4697ffc8', 1, 1, 'Laravel', '[]', 0, '2020-01-06 03:55:07', '2020-01-06 03:55:07', '2021-01-06 03:55:07');
/*!40000 ALTER TABLE `oauth_access_tokens` ENABLE KEYS */;

-- Dumping structure for table refund2.oauth_auth_codes
DROP TABLE IF EXISTS `oauth_auth_codes`;
CREATE TABLE IF NOT EXISTS `oauth_auth_codes` (
  `id` varchar(100) COLLATE utf8mb4_unicode_ci NOT NULL,
  `user_id` bigint(20) NOT NULL,
  `client_id` int(10) unsigned NOT NULL,
  `scopes` text COLLATE utf8mb4_unicode_ci DEFAULT NULL,
  `revoked` tinyint(1) NOT NULL,
  `expires_at` datetime DEFAULT NULL,
  PRIMARY KEY (`id`)
) ENGINE=InnoDB DEFAULT CHARSET=utf8mb4 COLLATE=utf8mb4_unicode_ci;

-- Dumping data for table refund2.oauth_auth_codes: ~0 rows (approximately)
/*!40000 ALTER TABLE `oauth_auth_codes` DISABLE KEYS */;
/*!40000 ALTER TABLE `oauth_auth_codes` ENABLE KEYS */;

-- Dumping structure for table refund2.oauth_clients
DROP TABLE IF EXISTS `oauth_clients`;
CREATE TABLE IF NOT EXISTS `oauth_clients` (
  `id` int(10) unsigned NOT NULL AUTO_INCREMENT,
  `user_id` bigint(20) DEFAULT NULL,
  `name` varchar(191) COLLATE utf8mb4_unicode_ci NOT NULL,
  `secret` varchar(100) COLLATE utf8mb4_unicode_ci NOT NULL,
  `redirect` text COLLATE utf8mb4_unicode_ci NOT NULL,
  `personal_access_client` tinyint(1) NOT NULL,
  `password_client` tinyint(1) NOT NULL,
  `revoked` tinyint(1) NOT NULL,
  `created_at` timestamp NULL DEFAULT NULL,
  `updated_at` timestamp NULL DEFAULT NULL,
  PRIMARY KEY (`id`),
  KEY `oauth_clients_user_id_index` (`user_id`)
) ENGINE=InnoDB AUTO_INCREMENT=3 DEFAULT CHARSET=utf8mb4 COLLATE=utf8mb4_unicode_ci;

-- Dumping data for table refund2.oauth_clients: ~2 rows (approximately)
/*!40000 ALTER TABLE `oauth_clients` DISABLE KEYS */;
INSERT INTO `oauth_clients` (`id`, `user_id`, `name`, `secret`, `redirect`, `personal_access_client`, `password_client`, `revoked`, `created_at`, `updated_at`) VALUES
	(1, NULL, 'Laravel Personal Access Client', '4u0flYt9vZYyLiYhPHcQ9bj2CrrKtOqZfrrlKLh3', 'http://localhost', 1, 0, 0, '2019-12-26 02:00:54', '2019-12-26 02:00:54'),
	(2, NULL, 'Laravel Password Grant Client', 'qQGMXP1fI7VhXD1DD0sCu8rHhhrULd9cleX5pQNW', 'http://localhost', 0, 1, 0, '2019-12-26 02:00:54', '2019-12-26 02:00:54');
/*!40000 ALTER TABLE `oauth_clients` ENABLE KEYS */;

-- Dumping structure for table refund2.oauth_personal_access_clients
DROP TABLE IF EXISTS `oauth_personal_access_clients`;
CREATE TABLE IF NOT EXISTS `oauth_personal_access_clients` (
  `id` int(10) unsigned NOT NULL AUTO_INCREMENT,
  `client_id` int(10) unsigned NOT NULL,
  `created_at` timestamp NULL DEFAULT NULL,
  `updated_at` timestamp NULL DEFAULT NULL,
  PRIMARY KEY (`id`),
  KEY `oauth_personal_access_clients_client_id_index` (`client_id`)
) ENGINE=InnoDB AUTO_INCREMENT=2 DEFAULT CHARSET=utf8mb4 COLLATE=utf8mb4_unicode_ci;

-- Dumping data for table refund2.oauth_personal_access_clients: ~0 rows (approximately)
/*!40000 ALTER TABLE `oauth_personal_access_clients` DISABLE KEYS */;
INSERT INTO `oauth_personal_access_clients` (`id`, `client_id`, `created_at`, `updated_at`) VALUES
	(1, 1, '2019-12-26 02:00:54', '2019-12-26 02:00:54');
/*!40000 ALTER TABLE `oauth_personal_access_clients` ENABLE KEYS */;

-- Dumping structure for table refund2.oauth_refresh_tokens
DROP TABLE IF EXISTS `oauth_refresh_tokens`;
CREATE TABLE IF NOT EXISTS `oauth_refresh_tokens` (
  `id` varchar(100) COLLATE utf8mb4_unicode_ci NOT NULL,
  `access_token_id` varchar(100) COLLATE utf8mb4_unicode_ci NOT NULL,
  `revoked` tinyint(1) NOT NULL,
  `expires_at` datetime DEFAULT NULL,
  PRIMARY KEY (`id`),
  KEY `oauth_refresh_tokens_access_token_id_index` (`access_token_id`)
) ENGINE=InnoDB DEFAULT CHARSET=utf8mb4 COLLATE=utf8mb4_unicode_ci;

-- Dumping data for table refund2.oauth_refresh_tokens: ~11 rows (approximately)
/*!40000 ALTER TABLE `oauth_refresh_tokens` DISABLE KEYS */;
INSERT INTO `oauth_refresh_tokens` (`id`, `access_token_id`, `revoked`, `expires_at`) VALUES
	('06ec845f550d3d9f456ed395c57ce098f9431d33eafe2dbba294dcd8175ce18b1434152456934fac', '25c7efd2a1fde6006fc8c03e62a3776c5550efd884efadfe6b9aaa92971b518411619992a1f2f1a2', 0, '2020-12-26 07:44:49'),
	('27e80c29a1754122c4143db22ab3fd9f623fa5c189fff073bfe910a6f07677755c6ad477bba2a564', '016c3aa69e63547e5a88472ed7debc6872920aac93f62f6b243cb0de267bea458204485b10caea36', 0, '2020-12-26 07:08:53'),
	('308dda09b81562ec18bfdcfa82377103e9c85e8a61ef94206e1571998685d3a68445ded91660f9db', 'b118b6d0b5e201f4a1ac77e533ed613704c97d859021ab1852727158608f24b7322a689547a24658', 0, '2020-12-26 02:07:12'),
	('46e9d84a43696076871a4fde55b7718738166f54c18ff39d3429e37e581b21b9fa735dee65a7a533', '8e75f57edc93d79c6ad1f64a47494a61565035f62bf0a8180115fa74d651f0421d84b8a083a2e7ec', 0, '2020-12-26 03:46:48'),
	('576776659c9a15168707cd3dbe5a705c7843552ede9954dbfa8184cc0aa1ee856a8b04715fe7d211', 'ba4654e90a09bcf9c38237e204b9b28e6b82e69d809a5253d850464bd62e14ace7eac89ffb430dfb', 0, '2020-12-26 09:11:16'),
	('5ba393eb1852d6ef8c1e76f52bd137a3139cdfcb9a99a7dc72b9dd14ac89616e38451ee50429b46c', '3b29e38f9f6f4a9af7169e04f89ae01b1b178c598b197a22823d66c3e111afe454906ca95c94cf85', 0, '2020-12-26 09:28:56'),
	('672db0fb96b3cd02dfb2d280cce7f4a2663d12d3716378b25498162ca4b854b6b698e5a93cfba917', '789c21e9111e0a823e5d39f5ec870dde55835df43073538306450d12f74a8b896a066f13200ec196', 0, '2020-12-26 07:50:06'),
	('7304f4414b849b7897fd7b1bc22a7085e348ab937e6b1600ac029177b5e79813a9b00f6dc2d12622', 'f194840fcf7e7ad676606cc3a68170c459505c7327849bc8ff91a5638be2501a3373358fd8fc18a7', 0, '2020-12-26 03:42:31'),
	('8e3db281aabcc848f73fd7bdd4046fa57484405cb1e4439191fc2ab5632a25c63638a37ad24b9445', '664cda5e0fbc61c98416d091a8519d50d2a3b51e29e8f8bda9ff237d81a5d99455d7a0f61d07586d', 0, '2020-12-26 02:19:31'),
	('9fa294e70f28a05ef80cb1d7004afbceedac99c1aa52e864c39ad6a0a9f4ca301d6077ac97022a36', '371ecb50b83d3d0c1f97efe30d75d5bcbb44c7315b81481df6e09e9743337c34c800792cfd8abaf2', 0, '2020-12-26 08:06:28'),
	('bd298fc3c9907e3458b3632f5914edf0457e2c4036e9386c42bf3beb323264033faa7f5448c0394d', 'e256b915af4e0776ddb7a8a98098061e1c3c956d56e646259c41fbfe2316b5f5f17edcdc49898046', 0, '2020-12-26 09:17:21');
/*!40000 ALTER TABLE `oauth_refresh_tokens` ENABLE KEYS */;

-- Dumping structure for table refund2.password_resets
DROP TABLE IF EXISTS `password_resets`;
CREATE TABLE IF NOT EXISTS `password_resets` (
  `email` varchar(191) COLLATE utf8mb4_unicode_ci NOT NULL,
  `token` varchar(191) COLLATE utf8mb4_unicode_ci NOT NULL,
  `created_at` timestamp NULL DEFAULT NULL,
  KEY `password_resets_email_index` (`email`)
) ENGINE=InnoDB DEFAULT CHARSET=utf8mb4 COLLATE=utf8mb4_unicode_ci;

-- Dumping data for table refund2.password_resets: ~0 rows (approximately)
/*!40000 ALTER TABLE `password_resets` DISABLE KEYS */;
/*!40000 ALTER TABLE `password_resets` ENABLE KEYS */;

-- Dumping structure for table refund2.users
DROP TABLE IF EXISTS `users`;
CREATE TABLE IF NOT EXISTS `users` (
  `id` int(10) unsigned NOT NULL AUTO_INCREMENT,
  `name` varchar(191) COLLATE utf8mb4_unicode_ci NOT NULL,
  `email` varchar(191) COLLATE utf8mb4_unicode_ci NOT NULL,
  `username` varchar(191) COLLATE utf8mb4_unicode_ci NOT NULL,
  `password` varchar(191) COLLATE utf8mb4_unicode_ci NOT NULL,
  `type` varchar(191) COLLATE utf8mb4_unicode_ci NOT NULL,
  `office_id` int(11) NOT NULL,
  `remember_token` varchar(100) COLLATE utf8mb4_unicode_ci DEFAULT NULL,
  `created_at` timestamp NULL DEFAULT NULL,
  `updated_at` timestamp NULL DEFAULT NULL,
  PRIMARY KEY (`id`),
  UNIQUE KEY `users_username_unique` (`username`)
) ENGINE=InnoDB AUTO_INCREMENT=3 DEFAULT CHARSET=utf8mb4 COLLATE=utf8mb4_unicode_ci;

-- Dumping data for table refund2.users: ~2 rows (approximately)
/*!40000 ALTER TABLE `users` DISABLE KEYS */;
INSERT INTO `users` (`id`, `name`, `email`, `username`, `password`, `type`, `office_id`, `remember_token`, `created_at`, `updated_at`) VALUES
	(1, 'Rozella Marvin III', 'crohan@example.net', 'admin', '$2y$10$TKh8H1.PfQx37YgCzwiKb.KjNyWgaHb9cbcoQgdIVFlYg7B77UdFm', 'admin', 2, 'IxycJmZMqf', '2019-12-26 02:05:30', '2019-12-26 02:05:30'),
	(2, 'Agustina Bartoletti III', 'jewell.shields@example.org', 'user1', '$2y$10$TKh8H1.PfQx37YgCzwiKb.KjNyWgaHb9cbcoQgdIVFlYg7B77UdFm', 'user', 2, '9yY7UYZsW3', '2019-12-26 02:06:12', '2019-12-26 02:06:12');
/*!40000 ALTER TABLE `users` ENABLE KEYS */;

/*!40101 SET SQL_MODE=IFNULL(@OLD_SQL_MODE, '') */;
/*!40014 SET FOREIGN_KEY_CHECKS=IF(@OLD_FOREIGN_KEY_CHECKS IS NULL, 1, @OLD_FOREIGN_KEY_CHECKS) */;
/*!40101 SET CHARACTER_SET_CLIENT=@OLD_CHARACTER_SET_CLIENT */;
