-- --------------------------------------------------------
-- Host:                         localhost
-- Server version:               5.7.24 - MySQL Community Server (GPL)
-- Server OS:                    Win64
-- HeidiSQL Version:             10.2.0.5599
-- --------------------------------------------------------

/*!40101 SET @OLD_CHARACTER_SET_CLIENT=@@CHARACTER_SET_CLIENT */;
/*!40101 SET NAMES utf8 */;
/*!50503 SET NAMES utf8mb4 */;
/*!40014 SET @OLD_FOREIGN_KEY_CHECKS=@@FOREIGN_KEY_CHECKS, FOREIGN_KEY_CHECKS=0 */;
/*!40101 SET @OLD_SQL_MODE=@@SQL_MODE, SQL_MODE='NO_AUTO_VALUE_ON_ZERO' */;


-- Dumping database structure for refund2
CREATE DATABASE IF NOT EXISTS `refund2` /*!40100 DEFAULT CHARACTER SET utf8 */;
USE `refund2`;

-- Dumping structure for table refund2.10_form_rules
CREATE TABLE IF NOT EXISTS `10_form_rules` (
  `id` int(10) unsigned NOT NULL AUTO_INCREMENT,
  `form_id` int(10) unsigned NOT NULL,
  `order` int(11) NOT NULL,
  `name` varchar(300) COLLATE utf8mb4_unicode_ci NOT NULL,
  `sub_of` int(11) NOT NULL,
  `rule_type` int(11) NOT NULL,
  `result_type` int(11) DEFAULT NULL,
  `condition` varchar(191) COLLATE utf8mb4_unicode_ci DEFAULT NULL,
  `description` varchar(500) COLLATE utf8mb4_unicode_ci DEFAULT NULL,
  `condition_type` int(11) DEFAULT NULL,
  `status` tinyint(4) NOT NULL,
  `created_at` timestamp NULL DEFAULT NULL,
  `updated_at` timestamp NULL DEFAULT NULL,
  PRIMARY KEY (`id`),
  KEY `10_form_rules_form_id_index` (`form_id`),
  CONSTRAINT `10_form_rules_form_id_foreign` FOREIGN KEY (`form_id`) REFERENCES `9_forms` (`id`) ON DELETE CASCADE
) ENGINE=InnoDB AUTO_INCREMENT=97 DEFAULT CHARSET=utf8mb4 COLLATE=utf8mb4_unicode_ci;

-- Dumping data for table refund2.10_form_rules: ~55 rows (approximately)
/*!40000 ALTER TABLE `10_form_rules` DISABLE KEYS */;
INSERT INTO `10_form_rules` (`id`, `form_id`, `order`, `name`, `sub_of`, `rule_type`, `result_type`, `condition`, `description`, `condition_type`, `status`, `created_at`, `updated_at`) VALUES
	(39, 31, 1, 'เป็นการให้ความช่วยเหลือผู้ประกอบการก่อสร้างเท่านั้น', 0, 1, 0, NULL, 'งานก่อสร้าง หมายถึง งานก่อสร้างตามหลักทั่วไปที่มีกฎหมาย ระเบียบ มติคณะรัฐมนตรี  หรือหนังสือเวียนที่เกี่ยวข้องอ้างอิงได้', 0, 0, '2020-01-06 04:25:18', '2020-03-12 07:07:31'),
	(40, 31, 2, 'อยู่ในพื้นที่ภาคใต้ 12 จังหวัด ได้แก่ พัทลุง นราธิวาส ยะลา สงขลา ปัตตานี ตรัง สุราษฎร์ธานี นครศรีธรรมราช ชุมพร ระนอง กระบี่ และประจวบคีรีขันธ์', 0, 1, 0, NULL, NULL, 0, 0, '2020-01-06 04:30:16', '2020-01-06 04:30:16'),
	(41, 31, 3, 'สัญญาที่จะได้รับความช่วยเหลือ', 0, 1, 1, NULL, NULL, 0, 0, '2020-01-06 05:14:01', '2020-01-06 05:18:58'),
	(42, 31, 1, '(ก.) ลงนามก่อน 1 ธ.ค. 59', 41, 2, 0, NULL, NULL, 0, 0, '2020-01-06 05:14:31', '2020-01-06 05:14:31'),
	(43, 31, 2, '(ข.) ลงนามระหว่าง 1 ธ.ค. 59 - 12 ก.พ. 60', 41, 2, 0, NULL, NULL, 0, 0, '2020-01-06 05:16:23', '2020-01-06 05:16:23'),
	(44, 31, 4, 'เป็นสัญญาตาม (ก.) หรือ (ข.) ที่', 0, 1, 1, NULL, NULL, 0, 0, '2020-01-06 05:22:45', '2020-01-06 05:29:27'),
	(45, 31, 1, 'ณ วันที่ 1 ธ.ค. 59 - 12 ก.พ. 60 ยังมีนิติสัมพันธ์อยู่ และยังไม่ส่งมอบงานงวดสุดท้าย', 44, 2, 0, NULL, NULL, 0, 0, '2020-01-06 05:23:07', '2020-01-06 05:23:07'),
	(46, 31, 2, 'เป็นสัญญาตาม (ก.) หรือ (ข.) ยังมีนิติสัมพันธ์อยู่ แต่ส่งงานงวดสุดท้ายระหว่าง 1 ธ.ค. 59 - 12 ก.พ. 60', 44, 2, 0, NULL, NULL, 0, 0, '2020-01-06 05:24:05', '2020-01-06 05:24:05'),
	(47, 31, 6, 'การขยายเวลา งด/ลดค่าปรับ', 0, 1, 1, NULL, NULL, 0, 0, '2020-01-06 05:42:32', '2020-03-12 08:00:44'),
	(48, 31, 1, 'กรณีไม่เคยขยายเวลาด้วยเหตุดังกล่าว ตามระเบียบพัสดุฯ ขยายได้อีก 120 วัน', 47, 2, 0, NULL, 'ไม่เคย', 0, 0, '2020-01-06 05:43:19', '2020-01-06 05:43:19'),
	(49, 31, 2, 'กรณีเคยขยายเวลาด้วยเหตุดังกล่าวตามระเบียบพัสดุฯ ขยายเพิ่มได้อีกรวมไม่เกิน 120 วัน', 47, 2, 0, NULL, 'เคย', 0, 0, '2020-01-06 05:44:32', '2020-01-06 05:44:32'),
	(50, 31, 7, 'ผู้ประกอบการต้องยื่นคำขอต่อหน่วยงานภายใน 60 วัน นับถัดจากวันที่คณะรัฐมนตรีมีมติ', 0, 1, 0, NULL, NULL, 0, 0, '2020-01-06 05:48:35', '2020-04-07 07:38:57'),
	(51, 32, 1, 'เป็นการให้ความช่วยเหลือผู้ประกอบการก่อสร้างเท่านั้น', 0, 1, 0, NULL, NULL, 0, 0, '2020-01-06 07:34:54', '2020-01-06 07:34:54'),
	(52, 32, 2, 'เป็นสัญญาที่ลงนามระหว่างวันที่ 23 เม.ย. 56 - 25 พ.ย. 56', 0, 1, 0, NULL, NULL, 0, 0, '2020-01-06 07:35:52', '2020-01-06 07:35:52'),
	(53, 32, 3, 'โดยสัญญาจ้างก่อสร้าง ต้อง', 0, 1, 1, NULL, NULL, 0, 0, '2020-01-06 07:37:40', '2020-01-06 08:02:42'),
	(54, 32, 1, 'ณ วันที่ 6 ก.ย. 59 สัญญาจ้างก่อสร้างยังมีนิติสัมพันธ์อยู่ ซึ่งงานก่อสร้างดังกล่าวยังมิได้ส่งมอบงานงวดสุดท้าย (แต่ปัจจุบันส่งมอบงานงวดสุดท้ายแล้ว)', 53, 2, 0, NULL, NULL, 0, 0, '2020-01-06 07:58:50', '2020-03-11 03:52:19'),
	(55, 32, 2, 'ส่งมอบงานงวดสุดท้ายแล้ว ก่อนวันที่คณะรัฐมนตรีมีมติให้ความช่วยเหลือ (ก่อนวันที่ 6 ก.ย. 59)', 53, 2, 0, NULL, NULL, 0, 0, '2020-01-06 08:00:28', '2020-01-06 08:00:44'),
	(56, 32, 4, 'ให้ความช่วยเหลือโดยงดหรือลดค่าปรับได้ จำนวน 150 วัน', 0, 1, 0, NULL, NULL, 0, 0, '2020-01-06 08:01:42', '2020-01-06 08:01:42'),
	(57, 32, 5, 'การยื่นคำขอรับความช่วยเหลือ', 0, 1, 1, NULL, NULL, 0, 0, '2020-01-06 08:03:12', '2020-03-02 04:33:56'),
	(58, 32, 1, 'อยู่ในหลักเกณฑ์ตามข้อ 3.1 โดยต้องยื่นคำขอพร้อมกับการส่งมอบงานงวดสุดท้าย', 57, 2, 0, NULL, NULL, 0, 0, '2020-01-06 08:04:29', '2020-01-06 08:04:29'),
	(59, 32, 2, 'อยู่ในหลักเกณฑ์ตามข้อ 3.2 โดยต้องยื่นคำขอต่อหน่วยงานภายใน 60 วัน นับถัดจากวันที่คณะรัฐมนตรีมีมติให้ความช่วยเหลือ', 57, 2, 0, NULL, NULL, 0, 0, '2020-01-06 08:06:40', '2020-01-06 08:06:40'),
	(60, 33, 1, 'เป็นการให้ความช่วยเหลือผู้ประกอบการก่อสร้างในภาคใต้ที่ได้รับผลกระทบทางอ้อมจากเหตุอุทกภัยที่เกิดขึ้นในช่วงตั้งแต่วันที่ 1 ธ.ค. 56 ถึงวันที่ 12 ก.พ. 60', 0, 1, 0, NULL, NULL, 0, 0, '2020-01-08 03:12:48', '2020-01-08 03:12:48'),
	(61, 33, 2, 'อยู่ในพื้นที่ภาคใต้ 1 จังหวัด ได้แก่ สตูล', 0, 1, 0, NULL, NULL, 0, 0, '2020-01-08 03:14:11', '2020-01-08 03:14:11'),
	(62, 33, 3, 'สัญญาที่จะได้รับความช่วยเหลือ', 0, 1, 1, NULL, NULL, 0, 0, '2020-01-08 03:16:20', '2020-01-08 03:31:28'),
	(63, 33, 1, '(ก.) ลงนามก่อน 1 ธ.ค. 59', 62, 2, 0, NULL, NULL, 0, 0, '2020-01-08 03:29:52', '2020-01-08 03:29:52'),
	(64, 33, 2, '(ข.) ลงนามระหว่าง 1 ธ.ค. 59 - 12 ก.พ. 60', 62, 2, 0, NULL, NULL, 0, 0, '2020-01-08 03:30:49', '2020-01-08 03:30:49'),
	(65, 33, 4, 'เป็นสัญญาตามข้อ 3.1 (ก.) หรือ (ข.) ที่', 0, 1, 1, NULL, NULL, 0, 0, '2020-01-08 03:32:34', '2020-01-08 06:08:29'),
	(66, 33, 1, 'ยังมีนิติสัมพันธ์อยู่ และยังไม่ส่งมอบงานงวดสุดท้ายในช่วงเวลาดังกล่าว', 65, 2, 0, NULL, NULL, 0, 0, '2020-01-08 03:32:54', '2020-01-08 04:27:58'),
	(67, 33, 2, 'ยังมีนิติสัมพันธุ์อยู่ แต่ส่งมอบงานงวดสุดท้ายระหว่างวันที่ 1 ธ.ค. 59 - 12 ก.พ. 60', 65, 2, 0, NULL, NULL, 0, 0, '2020-01-08 03:37:39', '2020-01-08 03:37:39'),
	(68, 33, 5, 'การขยายเวลา งด/ลดค่าปรับ', 0, 1, 0, NULL, NULL, 0, 0, '2020-01-08 06:09:52', '2020-01-08 06:09:52'),
	(69, 33, 6, 'ผู้ประกอบการต้องยื่นคำขอต่อหน่วยงานภายใน 60 วัน นับแต่วันที่คณะรัฐมนตรีมีมติ', 0, 1, 0, NULL, NULL, 0, 0, '2020-01-08 06:12:03', '2020-01-08 06:12:03'),
	(70, 34, 1, 'เป็นไปตาม พรบ. ระเบียบ ข้อบังคับ หรือข้อบัญญัติ ว่าด้วยการพัสดุของหน่วยงานนั้น ๆ', 0, 1, 0, NULL, NULL, 0, 0, '2020-03-03 07:05:42', '2020-03-03 07:19:38'),
	(71, 34, 2, 'เข้าตามกรณี', 0, 1, 1, NULL, NULL, 0, 0, '2020-03-03 07:06:47', '2020-05-01 16:58:30'),
	(72, 34, 1, '(1) เหตุเกิดจากความผิดหรือความบกพร่องของส่วนราชการ', 71, 2, 0, NULL, NULL, 0, 0, '2020-03-03 07:07:36', '2020-03-03 07:07:36'),
	(73, 34, 2, '(2) เหตุสุดวิสัย', 71, 2, 0, NULL, NULL, 0, 0, '2020-03-03 07:08:56', '2020-03-03 07:12:16'),
	(74, 34, 3, '(3) เหตุเกิดจากพฤติการณ์อันหนึ่งอันใดที่คู่สัญญาไม่ต้องรับผิดตามกฎหมาย', 71, 2, 0, NULL, NULL, 0, 0, '2020-03-03 07:12:47', '2020-03-03 07:12:47'),
	(75, 31, 5, 'ผู้รับจ้างต้องรับผิดชอบค่าปรับเองในช่วงก่อนหน้า 1 ธ.ค. 59', 0, 1, 0, NULL, NULL, 0, 0, '2020-03-12 08:01:28', '2020-03-12 08:01:28'),
	(76, 31, 1, 'ผู้รับจ้างต้องรับผิดชอบค่าปรับเอง', 75, 2, 0, NULL, NULL, 0, 0, '2020-03-12 08:03:56', '2020-03-12 08:03:56'),
	(77, 35, 1, 'หลักเกณฑ์ทดสอบ', 0, 1, 0, NULL, NULL, 0, 0, '2020-04-15 09:53:04', '2020-04-15 09:53:04'),
	(78, 35, 2, 'หลักเกณฑ์ทดสอบ 2', 0, 1, 0, NULL, NULL, 0, 0, '2020-04-15 10:07:44', '2020-04-15 10:07:44'),
	(79, 35, 3, 'หลักเกณฑ์ทดสอบ 3', 0, 1, 0, NULL, NULL, 0, 0, '2020-04-15 10:08:26', '2020-04-15 10:08:26'),
	(80, 35, 4, 'หลักเกณฑ์ทดสอบ 4', 0, 1, 0, NULL, NULL, 0, 0, '2020-04-17 09:45:13', '2020-04-17 09:45:13'),
	(81, 36, 1, 'เป็นการให้ความช่วยเหลือผู้ประกอบการก่อสร้างในภาคใต้ที่ได้รับผลกระทบทางตรงจากเหตุอุทกภัยที่เกิดขึ้นในช่วงตั้งแต่วันที่ 1 ธ.ค. 59 ถึง 12 ก.พ. 60', 0, 1, 0, NULL, NULL, 0, 0, '2020-05-05 13:03:11', '2020-05-05 13:03:11'),
	(82, 36, 3, 'สัญญาที่จะได้รับความช่วยเหลือ', 0, 1, 1, NULL, NULL, 0, 0, '2020-05-05 13:07:44', '2020-05-05 13:19:03'),
	(83, 36, 1, '(ก.) ลงนามก่อน 1 ธ.ค. 59', 82, 2, 0, NULL, NULL, 0, 0, '2020-05-05 13:10:19', '2020-05-05 13:10:19'),
	(84, 36, 2, '(ข.) ลงนามระหว่างวันที่ 1 ธ.ค. 59 - 12 ก.พ. 60', 82, 2, 0, NULL, NULL, 0, 0, '2020-05-05 13:11:43', '2020-05-05 13:11:43'),
	(85, 36, 2, 'อยู่ในพื้นที่ภาคใต้ 12 จังหวัด ได้แก่ พัทลุง นราธิวาส ฯลฯ', 0, 1, 0, NULL, NULL, 0, 0, '2020-05-05 13:17:38', '2020-05-05 13:17:38'),
	(86, 36, 4, 'เป็นสัญญาตาม (ก.) หรือ (ข.) ที่', 0, 1, 1, NULL, NULL, 0, 0, '2020-05-05 13:19:55', '2020-05-05 13:32:19'),
	(88, 36, 1, 'ณ วันที่ 1 ธ.ค. 59 - 12 ก.พ. 60 ยังมีนิติสัมพันธ์อยู่และยังไม่ส่งมอบงานงวดสุดท้าย', 86, 2, 0, NULL, NULL, 0, 0, '2020-05-05 13:28:44', '2020-05-05 13:28:44'),
	(89, 36, 2, 'เป็นสัญญาตาม (ก.) หรือ (ข.) ยังมีนิตสัมพันธ์อยู่ แต่ส่งงานงวดสุดท้ายระหว่างวันที่ 1 ธ.ค. 59 - 12 ก.พ. 60', 86, 2, 0, NULL, NULL, 0, 0, '2020-05-05 13:31:50', '2020-05-05 13:31:50'),
	(90, 36, 5, 'การขยายเวลา งดหรือลดค่าปรับ', 0, 1, 2, NULL, NULL, 0, 0, '2020-05-05 13:34:26', '2020-05-05 17:39:09'),
	(91, 36, 1, 'กรณีไม่เคยขยายเวลาให้ตามระเบียบพัสดุด้วยเหตุอุทกภัย ขยายได้ 120 วัน', 90, 2, 0, NULL, NULL, 0, 0, '2020-05-05 13:36:50', '2020-05-05 13:36:50'),
	(92, 36, 2, 'กรณีเคยขยายเวลาให้ตามระเบียบพัสดุฯ ด้วยเหตุอุทกภัยไปแล้ว ขยายเพิ่มได้อีก รวมไม่เกิน 120 วัน', 90, 2, 0, NULL, NULL, 0, 0, '2020-05-05 13:41:14', '2020-05-05 13:41:14'),
	(93, 36, 6, 'ผู้ประกอบการต้องยื่นคำขอต่อหน่วยงานภายใน 60 วัน', 0, 1, 0, NULL, NULL, 0, 0, '2020-05-05 13:46:07', '2020-05-05 13:46:07'),
	(94, 36, 7, 'เป็นสัญญาจ้างก่อสร้าง', 0, 1, 0, NULL, NULL, 0, 0, '2020-05-06 18:43:38', '2020-05-06 18:43:38'),
	(95, 35, 5, 'อยู่ใน 5 จังหวัด', 0, 1, 0, NULL, NULL, 0, 0, '2020-06-04 05:23:44', '2020-06-04 05:23:44'),
	(96, 35, 6, 'วันที่', 0, 1, 0, NULL, NULL, 0, 0, '2020-06-11 03:18:34', '2020-06-11 03:18:34');
/*!40000 ALTER TABLE `10_form_rules` ENABLE KEYS */;

-- Dumping structure for table refund2.112_considers
CREATE TABLE IF NOT EXISTS `112_considers` (
  `id` int(10) unsigned NOT NULL AUTO_INCREMENT,
  `form_rule_id` int(10) unsigned NOT NULL,
  `order` int(11) NOT NULL,
  `name` varchar(250) COLLATE utf8mb4_unicode_ci NOT NULL,
  `description` text COLLATE utf8mb4_unicode_ci,
  `type` int(11) NOT NULL,
  `oper` varchar(191) COLLATE utf8mb4_unicode_ci DEFAULT NULL,
  `var1` varchar(191) COLLATE utf8mb4_unicode_ci DEFAULT NULL,
  `var2` varchar(191) COLLATE utf8mb4_unicode_ci DEFAULT NULL,
  `created_at` timestamp NULL DEFAULT NULL,
  `updated_at` timestamp NULL DEFAULT NULL,
  PRIMARY KEY (`id`),
  KEY `112_considers_form_rule_id_index` (`form_rule_id`),
  CONSTRAINT `112_considers_form_rule_id_foreign` FOREIGN KEY (`form_rule_id`) REFERENCES `10_form_rules` (`id`) ON DELETE CASCADE
) ENGINE=InnoDB AUTO_INCREMENT=104 DEFAULT CHARSET=utf8mb4 COLLATE=utf8mb4_unicode_ci;

-- Dumping data for table refund2.112_considers: ~60 rows (approximately)
/*!40000 ALTER TABLE `112_considers` DISABLE KEYS */;
INSERT INTO `112_considers` (`id`, `form_rule_id`, `order`, `name`, `description`, `type`, `oper`, `var1`, `var2`, `created_at`, `updated_at`) VALUES
	(32, 39, 0, 'เป็นสัญญาจ้างก่อสร้าง', 'งานก่อสร้าง หมายถึง งานก่อสร้างตามหลักทั่วไปที่มีกฎหมาย ระเบียบ มติคณะรัฐมนตรี  หรือหนังสือเวียนที่เกี่ยวข้องอ้างอิงได้', 1, '0', NULL, NULL, '2020-01-06 04:26:44', '2020-03-12 07:07:48'),
	(33, 40, 0, 'อยู่ในพื้นที่ภาคใต้ 12 จังหวัด ข้างต้น', NULL, 1, '0', NULL, NULL, '2020-01-06 04:30:32', '2020-03-03 07:30:11'),
	(34, 42, 0, 'ลงนามก่อน 1 ธ.ค. 59', NULL, 3, '2', '2016-12-01', NULL, '2020-01-06 05:16:03', '2020-01-06 05:16:03'),
	(35, 43, 0, 'ลงนามระหว่าง 1 ธ.ค. 59 - 12 ก.พ. 60', NULL, 3, '3', '2016-12-01', '2017-02-12', '2020-01-06 05:17:14', '2020-01-06 05:17:14'),
	(37, 46, 0, 'เป็นไปตามหลักเกณฑ์ ตามข้อ 4.2', NULL, 1, '0', NULL, NULL, '2020-01-06 05:24:12', '2020-03-03 07:39:45'),
	(39, 45, 0, 'เป็นไปตามหลักเกณฑ์ ตามข้อ 4.1', NULL, 1, '0', NULL, NULL, '2020-01-06 05:28:49', '2020-03-03 07:39:26'),
	(40, 48, 0, 'ขยายเวลา งดหรือลดค่าปรับ ให้จำนวน', NULL, 5, '0', 'วัน', NULL, '2020-01-06 05:43:49', '2020-06-05 08:49:49'),
	(41, 49, 0, 'ขยายตามระเบียบพัสดุฯ แล้ว จำนวน', NULL, 5, '0', 'วัน', NULL, '2020-01-06 05:45:13', '2020-06-05 08:50:04'),
	(42, 50, 0, 'ยื่นคำขอภายในวันที่ 9 ต.ค. 60', NULL, 3, '3', '2017-08-10', '2017-10-09', '2020-01-06 05:50:07', '2020-03-03 07:30:58'),
	(43, 51, 0, 'เป็นสัญญาจ้างก่อสร้าง', 'งานก่อสร้าง หมายถึง งานก่อสร้างตาม หลักทั่วไปที่มีกฎหมาย ระเบียบ มติคณะรัฐมนตรี  หรือหนังสือเวียนที่เกี่ยวข้องอ้างอิงได้', 1, '0', NULL, NULL, '2020-01-06 07:35:12', '2020-03-11 03:39:45'),
	(44, 52, 0, 'ลงนามในช่วงเวลาดังกล่าว', NULL, 3, '3', '2013-04-23', '2013-11-25', '2020-01-06 07:37:18', '2020-01-06 07:37:18'),
	(46, 54, 0, 'อยู่ในหลักเกณฑ์ ข้อ 3.1', NULL, 1, '0', NULL, NULL, '2020-01-06 07:59:12', '2020-03-11 03:53:17'),
	(47, 55, 0, 'อยู่ในหลักเกณฑ์ ข้อ 3.2', NULL, 1, '0', NULL, NULL, '2020-01-06 08:00:58', '2020-03-11 03:53:33'),
	(48, 56, 0, 'อนุมัติงดหรือลดค่าปรับให้ จำนวน 150 วัน', NULL, 4, '0', NULL, NULL, '2020-01-06 08:02:26', '2020-03-11 03:58:27'),
	(49, 58, 0, 'ยื่นคำขอพร้อมส่งมอบงานงวดสุดท้าย', NULL, 4, '0', NULL, NULL, '2020-01-06 08:04:50', '2020-01-06 08:04:50'),
	(50, 59, 0, 'ยื่นคำขอภายในวันที่ 7 พ.ย. 59', NULL, 3, '3', '2016-09-07', '2016-11-07', '2020-01-06 08:07:39', '2020-01-06 08:07:39'),
	(51, 60, 0, 'เป็นสัญญาจ้างก่อสร้าง', 'งานก่อสร้าง หมายถึง งานก่อสร้างตามหลักทั่วไปที่มีกฎหมาย ระเบียบ มติคณะรัฐมนตรี  หรือหนังสือเวียนที่เกี่ยวข้องอ้างอิงได้', 1, '0', NULL, NULL, '2020-01-08 03:13:48', '2020-01-08 03:13:48'),
	(52, 61, 0, 'เป็นสัญญาจ้างก่อสร้างที่ดำเนินการอยู่ในจังหวัดสตูล', NULL, 1, '0', NULL, NULL, '2020-01-08 03:15:54', '2020-01-08 03:15:54'),
	(53, 63, 0, 'ลงนามในสัญญาก่อนช่วงระยะเวลาดังกล่าว โดยลงนามในสัญญาวันที่', NULL, 3, '2', '2016-12-01', NULL, '2020-01-08 03:30:30', '2020-01-08 05:13:17'),
	(54, 64, 0, 'ลงนามในสัญญาในช่วงระยะเวลาดังกล่าว โดยลงนามในสัญญาวันที่', NULL, 3, '3', '2016-12-01', '2017-02-12', '2020-01-08 03:31:17', '2020-01-08 05:14:08'),
	(55, 66, 0, 'อยู่ในหลักเกณฑ์ตามข้อ 4.1', NULL, 1, '0', NULL, NULL, '2020-01-08 03:33:49', '2020-01-08 06:09:20'),
	(56, 67, 0, 'อยู่ในหลักเกณฑ์ตามข้อ 4.2', NULL, 1, '0', NULL, NULL, '2020-01-08 03:38:47', '2020-01-08 03:38:47'),
	(57, 68, 0, 'ขยายเวลา งดหรือลดค่าปรับ ให้แก่ผู้รับจ้างได้ 70 วัน', NULL, 2, '0', NULL, NULL, '2020-01-08 06:11:29', '2020-01-08 06:11:29'),
	(58, 69, 0, 'ยื่นคำขอภายในวันที่ 24 มิ.ย. 62', NULL, 3, '3', '2019-04-26', '2019-06-24', '2020-01-08 06:13:04', '2020-01-08 06:13:04'),
	(59, 70, 0, 'เป็นไปตามหลักเกณฑ์ของ พรบ. ระเบียบ ข้อบังคับ หรือข้อบัญญัติใด และข้อใด', NULL, 2, '0', NULL, NULL, '2020-03-03 07:06:18', '2020-03-03 07:20:05'),
	(60, 72, 0, 'อนุมัติให้ตาม (1)', NULL, 1, '0', NULL, NULL, '2020-03-03 07:08:23', '2020-03-03 07:08:23'),
	(61, 73, 0, 'อนุมัติให้ตาม (2)', NULL, 1, '0', NULL, NULL, '2020-03-03 07:10:11', '2020-03-03 07:10:11'),
	(62, 73, 0, 'เหตุปัญหาอุปสรรคสิ้นสุดวันที่', NULL, 4, '0', NULL, NULL, '2020-03-03 07:10:33', '2020-03-03 07:11:40'),
	(63, 73, 0, 'หนังสือผู้รับจ้างแจ้งเหตุสิ้นสุด หน่วยงานรับเรื่องวันที่', NULL, 4, '0', NULL, NULL, '2020-03-03 07:11:06', '2020-03-03 07:11:06'),
	(64, 74, 0, 'อนุมัติให้ตาม (3)', NULL, 1, '0', NULL, NULL, '2020-03-03 07:13:00', '2020-03-03 07:13:00'),
	(65, 74, 0, 'เหตุปัญหาอุปสรรคสิ้นสุดวันที่', NULL, 4, '0', NULL, NULL, '2020-03-03 07:13:14', '2020-03-03 07:13:14'),
	(66, 74, 0, 'หนังสือผู้รับจ้างแจ้งเหตุสิ้นสุด หน่วยงานรับเรื่องวันที่', NULL, 4, '0', NULL, NULL, '2020-03-03 07:13:38', '2020-03-03 07:13:38'),
	(67, 72, 0, 'กรณี', NULL, 2, '0', NULL, NULL, '2020-03-04 07:44:59', '2020-03-04 07:44:59'),
	(69, 48, 0, 'ถึงวันที่', NULL, 4, '0', NULL, NULL, '2020-03-12 07:11:29', '2020-03-12 07:11:29'),
	(70, 45, 0, 'ส่งมอบงานงวดสุดท้ายเมื่อวันที่', NULL, 4, '0', NULL, NULL, '2020-03-12 07:16:11', '2020-03-12 07:16:11'),
	(71, 46, 0, 'ส่งมอบงานงวดสุดท้ายเมื่อวันที่', NULL, 4, '0', NULL, NULL, '2020-03-12 07:16:30', '2020-03-12 07:16:30'),
	(72, 76, 0, 'รับผิดชอบค่าปรับเอง จำนวน', NULL, 5, '0', 'วัน', NULL, '2020-03-12 08:04:32', '2020-06-05 08:51:40'),
	(73, 76, 0, 'ตั้งแต่วันที่', NULL, 4, '0', NULL, NULL, '2020-03-12 08:04:49', '2020-03-12 08:04:49'),
	(74, 76, 0, 'ถึงวันที่', NULL, 4, '0', NULL, NULL, '2020-03-12 08:04:58', '2020-03-12 08:04:58'),
	(76, 77, 0, 'เงื่อนไขทดสอบ', 'คำอธิบาย', 1, '0', NULL, NULL, '2020-04-15 09:53:24', '2020-04-15 10:10:04'),
	(77, 78, 0, 'เงื่อนไขทดสอบ 2', 'คำอธิบาย', 2, '0', NULL, NULL, '2020-04-15 10:08:00', '2020-04-15 10:08:00'),
	(78, 79, 0, 'เงื่อนไขทดสอบ 3', 'คำอธิบาย', 4, '0', NULL, NULL, '2020-04-15 10:08:41', '2020-04-15 10:08:41'),
	(79, 80, 0, 'เงื่อนไขทดสอบ 4', 'คำอธิบาย', 4, '0', NULL, NULL, '2020-04-17 09:45:33', '2020-04-17 09:45:33'),
	(80, 81, 0, 'เป็นงานก่อสร้าง', NULL, 1, '0', NULL, NULL, '2020-05-05 13:04:37', '2020-05-05 13:04:37'),
	(81, 83, 0, 'ลงนามก่อน 1 ธ.ค. 59', NULL, 1, '0', NULL, NULL, '2020-05-05 13:10:50', '2020-05-05 13:10:50'),
	(82, 84, 0, '(ข.) ลงนามระหว่างวันที่ 1 ธ.ค. 59 - 12 ก.พ. 60', NULL, 1, '0', NULL, NULL, '2020-05-05 13:12:00', '2020-05-05 13:12:00'),
	(83, 85, 0, 'อยู่ในภาคใต้ 12 จังหวัด', NULL, 1, '0', NULL, NULL, '2020-05-05 13:18:24', '2020-05-05 13:18:24'),
	(84, 91, 0, 'ขยาย', NULL, 2, '0', NULL, NULL, '2020-05-05 13:37:45', '2020-05-05 13:37:45'),
	(85, 91, 0, 'ถึงวันที่', NULL, 4, '0', NULL, NULL, '2020-05-05 13:38:04', '2020-05-05 13:38:04'),
	(86, 92, 0, 'ขยายตามระเบียบพัสดุแล้วจำนวน', NULL, 2, '0', NULL, NULL, '2020-05-05 13:41:55', '2020-05-05 13:41:55'),
	(87, 92, 0, 'ขยายเพิ่มอีก', NULL, 2, '0', NULL, NULL, '2020-05-05 13:42:28', '2020-05-05 13:42:28'),
	(88, 92, 0, 'ถึงวันที่', NULL, 4, '0', NULL, NULL, '2020-05-05 13:42:52', '2020-05-05 13:42:52'),
	(89, 93, 0, 'ยื่นคำขอวันที่ (ภายในวันที่ 7 ต.ค. 60)', NULL, 3, '2', '2017-10-07', NULL, '2020-05-05 13:48:09', '2020-05-05 13:48:09'),
	(90, 88, 0, 'ใช่หรือไม่', NULL, 1, '0', NULL, NULL, '2020-05-05 13:58:49', '2020-05-05 13:58:49'),
	(91, 89, 0, 'ใช่หรือไม่', NULL, 1, '0', NULL, NULL, '2020-05-05 13:59:08', '2020-05-05 13:59:08'),
	(92, 94, 0, 'หลังจาก วันที่ 1 พ.ค. 2563', NULL, 3, '4', '2020-05-01', NULL, '2020-05-06 18:44:17', '2020-05-06 18:44:17'),
	(93, 40, 0, 'อยู่ในจังหวัดใด', NULL, 2, '0', NULL, NULL, '2020-05-14 08:55:10', '2020-05-14 08:55:10'),
	(95, 95, 0, 'อยู่ใน 5 จังหวัด กระบี่ พังงา ภูเก็ต ตรัง ระนอง', NULL, 3, '5', 'กระบี่,พังงา,ภูเก็ต,ตรัง,ระนอง', NULL, '2020-06-04 05:24:13', '2020-06-04 05:31:12'),
	(96, 95, 0, 'เป็นสัญญาจ้างก่อสร้าง', NULL, 3, '1', '120', NULL, '2020-06-04 05:28:51', '2020-06-04 05:28:51'),
	(97, 95, 0, 'กรณีไม่เคยขยายเวลาให้ตามระเบียบพัสดุด้วยเหตุอุทกภัย ขยายได้ 120 วัน', NULL, 5, '0', 'วัน', NULL, '2020-06-05 07:25:43', '2020-06-05 07:32:49'),
	(98, 95, 0, 'ห่างกันไม่เกิน 20 วัน', NULL, 3, '6', '10', NULL, '2020-06-10 07:19:41', '2020-06-11 02:32:10'),
	(99, 95, 0, 'เป็นสัญญาจ้างก่อสร้าง', NULL, 4, '1', '10', NULL, '2020-06-10 11:48:03', '2020-06-11 03:09:07'),
	(100, 95, 0, 'วันที่ 1 ชั้น', NULL, 4, '0', NULL, NULL, '2020-06-11 03:17:49', '2020-06-11 03:17:49'),
	(101, 96, 0, 'วันที่ 1 ชั้น', NULL, 4, '0', NULL, NULL, '2020-06-11 03:18:44', '2020-06-11 03:18:44'),
	(102, 95, 0, 'ไม่เกิน (2) 20 วัน', NULL, 3, '7', '20', NULL, '2020-06-15 07:43:22', '2020-06-15 07:43:22'),
	(103, 70, 0, 'ข้อใด', NULL, 2, '0', NULL, NULL, '2020-06-15 08:45:47', '2020-06-15 08:45:47');
/*!40000 ALTER TABLE `112_considers` ENABLE KEYS */;

-- Dumping structure for table refund2.11_form_conditions
CREATE TABLE IF NOT EXISTS `11_form_conditions` (
  `id` int(10) unsigned NOT NULL AUTO_INCREMENT,
  `form_rule_id` int(10) unsigned NOT NULL,
  `name` varchar(191) COLLATE utf8mb4_unicode_ci NOT NULL,
  `description` varchar(191) COLLATE utf8mb4_unicode_ci DEFAULT NULL,
  `condition_type` int(11) NOT NULL,
  `status` tinyint(4) NOT NULL,
  `created_at` timestamp NULL DEFAULT NULL,
  `updated_at` timestamp NULL DEFAULT NULL,
  PRIMARY KEY (`id`),
  KEY `11_form_conditions_form_rule_id_index` (`form_rule_id`),
  CONSTRAINT `11_form_conditions_form_rule_id_foreign` FOREIGN KEY (`form_rule_id`) REFERENCES `10_form_rules` (`id`) ON DELETE CASCADE
) ENGINE=InnoDB DEFAULT CHARSET=utf8mb4 COLLATE=utf8mb4_unicode_ci;

-- Dumping data for table refund2.11_form_conditions: ~0 rows (approximately)
/*!40000 ALTER TABLE `11_form_conditions` DISABLE KEYS */;
/*!40000 ALTER TABLE `11_form_conditions` ENABLE KEYS */;

-- Dumping structure for table refund2.12_refund_forms
CREATE TABLE IF NOT EXISTS `12_refund_forms` (
  `id` int(10) unsigned NOT NULL AUTO_INCREMENT,
  `form_id` int(10) unsigned NOT NULL,
  `refund_id` int(10) unsigned NOT NULL,
  `result` tinyint(4) NOT NULL,
  `status` tinyint(4) NOT NULL,
  `created_at` timestamp NULL DEFAULT NULL,
  `updated_at` timestamp NULL DEFAULT NULL,
  PRIMARY KEY (`id`),
  KEY `12_refund_forms_form_id_index` (`form_id`),
  KEY `12_refund_forms_refund_id_index` (`refund_id`),
  CONSTRAINT `12_refund_forms_form_id_foreign` FOREIGN KEY (`form_id`) REFERENCES `9_forms` (`id`) ON DELETE CASCADE,
  CONSTRAINT `12_refund_forms_refund_id_foreign` FOREIGN KEY (`refund_id`) REFERENCES `2_refunds` (`id`) ON DELETE CASCADE
) ENGINE=InnoDB AUTO_INCREMENT=19 DEFAULT CHARSET=utf8mb4 COLLATE=utf8mb4_unicode_ci;

-- Dumping data for table refund2.12_refund_forms: ~0 rows (approximately)
/*!40000 ALTER TABLE `12_refund_forms` DISABLE KEYS */;
/*!40000 ALTER TABLE `12_refund_forms` ENABLE KEYS */;

-- Dumping structure for table refund2.13_refund_details
CREATE TABLE IF NOT EXISTS `13_refund_details` (
  `id` int(10) unsigned NOT NULL AUTO_INCREMENT,
  `refund_form_id` int(10) unsigned NOT NULL,
  `consider_id` int(10) unsigned NOT NULL,
  `result_type` varchar(191) COLLATE utf8mb4_unicode_ci NOT NULL,
  `selected` tinyint(4) DEFAULT NULL,
  `value` varchar(191) COLLATE utf8mb4_unicode_ci DEFAULT NULL,
  `status` tinyint(4) DEFAULT NULL,
  `created_at` timestamp NULL DEFAULT NULL,
  `updated_at` timestamp NULL DEFAULT NULL,
  PRIMARY KEY (`id`),
  KEY `13_refund_details_refund_form_id_index` (`refund_form_id`),
  KEY `13_refund_details_consider_id_index` (`consider_id`),
  CONSTRAINT `13_refund_details_consider_id_foreign` FOREIGN KEY (`consider_id`) REFERENCES `112_considers` (`id`) ON DELETE CASCADE,
  CONSTRAINT `13_refund_details_refund_form_id_foreign` FOREIGN KEY (`refund_form_id`) REFERENCES `12_refund_forms` (`id`) ON DELETE CASCADE
) ENGINE=InnoDB AUTO_INCREMENT=194 DEFAULT CHARSET=utf8mb4 COLLATE=utf8mb4_unicode_ci;

-- Dumping data for table refund2.13_refund_details: ~0 rows (approximately)
/*!40000 ALTER TABLE `13_refund_details` DISABLE KEYS */;
/*!40000 ALTER TABLE `13_refund_details` ENABLE KEYS */;

-- Dumping structure for table refund2.14_refund_files
CREATE TABLE IF NOT EXISTS `14_refund_files` (
  `id` int(10) unsigned NOT NULL AUTO_INCREMENT,
  `refund_id` int(10) unsigned NOT NULL,
  `file_name` varchar(191) COLLATE utf8mb4_unicode_ci NOT NULL,
  `file_path` varchar(191) COLLATE utf8mb4_unicode_ci NOT NULL,
  `description` text COLLATE utf8mb4_unicode_ci,
  `upload_by` varchar(191) COLLATE utf8mb4_unicode_ci DEFAULT NULL,
  `status` tinyint(4) DEFAULT NULL,
  `created_at` timestamp NULL DEFAULT NULL,
  `updated_at` timestamp NULL DEFAULT NULL,
  PRIMARY KEY (`id`),
  KEY `14_refund_files_refund_id_index` (`refund_id`),
  CONSTRAINT `14_refund_files_refund_id_foreign` FOREIGN KEY (`refund_id`) REFERENCES `2_refunds` (`id`) ON DELETE CASCADE
) ENGINE=InnoDB DEFAULT CHARSET=utf8mb4 COLLATE=utf8mb4_unicode_ci;

-- Dumping data for table refund2.14_refund_files: ~0 rows (approximately)
/*!40000 ALTER TABLE `14_refund_files` DISABLE KEYS */;
/*!40000 ALTER TABLE `14_refund_files` ENABLE KEYS */;

-- Dumping structure for table refund2.1_offices
CREATE TABLE IF NOT EXISTS `1_offices` (
  `id` int(10) unsigned NOT NULL AUTO_INCREMENT,
  `code` varchar(5) COLLATE utf8mb4_unicode_ci DEFAULT NULL,
  `name` varchar(191) COLLATE utf8mb4_unicode_ci NOT NULL,
  `contact_name` varchar(191) COLLATE utf8mb4_unicode_ci DEFAULT NULL,
  `phone` varchar(191) COLLATE utf8mb4_unicode_ci DEFAULT NULL,
  `status` tinyint(4) DEFAULT NULL,
  `created_at` timestamp NULL DEFAULT NULL,
  `updated_at` timestamp NULL DEFAULT NULL,
  PRIMARY KEY (`id`),
  UNIQUE KEY `1_offices_code_unique` (`code`)
) ENGINE=InnoDB AUTO_INCREMENT=512 DEFAULT CHARSET=utf8mb4 COLLATE=utf8mb4_unicode_ci;

-- Dumping data for table refund2.1_offices: ~384 rows (approximately)
/*!40000 ALTER TABLE `1_offices` DISABLE KEYS */;
INSERT INTO `1_offices` (`id`, `code`, `name`, `contact_name`, `phone`, `status`, `created_at`, `updated_at`) VALUES
	(1, '01001', 'สำนักงานปลัดสำนักนายกรัฐมนตรี\r', NULL, NULL, NULL, NULL, NULL),
	(2, '01002', 'กรมประชาสัมพันธ์\r', NULL, NULL, NULL, NULL, NULL),
	(3, '01003', 'สำนักงานคณะกรรมการคุ้มครองผู้บริโภค\r', NULL, NULL, NULL, NULL, NULL),
	(4, '01004', 'สำนักเลขาธิการนายกรัฐมนตรี\r', NULL, NULL, NULL, NULL, NULL),
	(5, '01005', 'สำนักเลขาธิการคณะรัฐมนตรี\r', NULL, NULL, NULL, NULL, NULL),
	(6, '01006', 'สำนักข่าวกรองแห่งชาติ\r', NULL, NULL, NULL, NULL, NULL),
	(7, '01007', 'สำนักงบประมาณ\r', NULL, NULL, NULL, NULL, NULL),
	(8, '01008', 'สำนักงานสภาความมั่นคงแห่งชาติ\r', NULL, NULL, NULL, NULL, NULL),
	(9, '01009', 'สำนักงานคณะกรรมการกฤษฎีกา\r', NULL, NULL, NULL, NULL, NULL),
	(10, '01011', 'สำนักงานคณะกรรมการข้าราชการพลเรือน\r', NULL, NULL, NULL, NULL, NULL),
	(11, '01012', 'สำนักงานสภาพัฒนาการเศรษฐกิจเเละสังคมเเห่งชาติ\r', NULL, NULL, NULL, NULL, NULL),
	(12, '01019', 'กองอำนวยการรักษาความมั่นคงภายใน(กอ.รมน.)\r', NULL, NULL, NULL, NULL, NULL),
	(13, '01021', 'สำนักงานคณะกรรมการพัฒนาระบบราชการ\r', NULL, NULL, NULL, NULL, NULL),
	(14, '01032', 'สำนักงานคณะกรรมการส่งเสริมการลงทุน\r', NULL, NULL, NULL, NULL, NULL),
	(15, '01035', 'สำนักงานทรัพยากรน้ำแห่งชาติ\r', NULL, NULL, NULL, NULL, NULL),
	(16, '01038', 'ศูนย์อำนวยการรักษาผลประโยชน์ของชาติทางทะเล\r', NULL, NULL, NULL, NULL, NULL),
	(17, '01041', 'สำนักงานขับเคลื่อนการปฏิรูปประเทศ ยุทธศาสตร์ชาติ เเละการสร้างความสามัคคีปรองดอง\r', NULL, NULL, NULL, NULL, NULL),
	(18, '02001', 'สำนักงานปลัดกระทรวงกลาโหม\r', NULL, NULL, NULL, NULL, NULL),
	(19, '02004', 'กองทัพบก\r', NULL, NULL, NULL, NULL, NULL),
	(20, '02005', 'กองทัพเรือ\r', NULL, NULL, NULL, NULL, NULL),
	(21, '02006', 'กองทัพอากาศ\r', NULL, NULL, NULL, NULL, NULL),
	(22, '02008', 'กองบัญชาการกองทัพไทย\r', NULL, NULL, NULL, NULL, NULL),
	(23, '03002', 'สำนักงานปลัดกระทรวงการคลัง\r', NULL, NULL, NULL, NULL, NULL),
	(24, '03003', 'กรมธนารักษ์\r', NULL, NULL, NULL, NULL, NULL),
	(25, '03004', 'กรมบัญชีกลาง\r', NULL, NULL, NULL, NULL, NULL),
	(26, '03005', 'กรมศุลกากร\r', NULL, NULL, NULL, NULL, NULL),
	(27, '03006', 'กรมสรรพสามิต\r', NULL, NULL, NULL, NULL, NULL),
	(28, '03007', 'กรมสรรพากร\r', NULL, NULL, NULL, NULL, NULL),
	(29, '03008', 'สำนักงานคณะกรรมการนโยบายรัฐวิสาหกิจ\r', NULL, NULL, NULL, NULL, NULL),
	(30, '03009', 'สำนักงานบริหารหนี้สาธารณะ\r', NULL, NULL, NULL, NULL, NULL),
	(31, '03011', 'สำนักงานเศรษฐกิจการคลัง\r', NULL, NULL, NULL, NULL, NULL),
	(32, '04002', 'สำนักงานปลัดกระทรวงการต่างประเทศ\r', NULL, NULL, NULL, NULL, NULL),
	(33, '05002', 'สำนักงานปลัดกระทรวงการท่องเที่ยวและกีฬา\r', NULL, NULL, NULL, NULL, NULL),
	(34, '05003', 'กรมพลศึกษา\r', NULL, NULL, NULL, NULL, NULL),
	(35, '05004', 'กรมการท่องเที่ยว\r', NULL, NULL, NULL, NULL, NULL),
	(36, '05006', 'มหาวิทยาลัยการกีฬาเเห่งชาติ\r', NULL, NULL, NULL, NULL, NULL),
	(37, '06002', 'สำนักงานปลัดกระทรวงการพัฒนาสังคม และความมั่นคงของมนุษย์\r', NULL, NULL, NULL, NULL, NULL),
	(38, '06003', 'กรมพัฒนาสังคมและสวัสดิการ\r', NULL, NULL, NULL, NULL, NULL),
	(39, '06004', 'กรมกิจการสตรีและสถาบันครอบครัว\r', NULL, NULL, NULL, NULL, NULL),
	(40, '06005', 'กรมกิจการเด็กและเยาวชน\r', NULL, NULL, NULL, NULL, NULL),
	(41, '06007', 'กรมส่งเสริมและพัฒนาคุณภาพชีวิตคนพิการ\r', NULL, NULL, NULL, NULL, NULL),
	(42, '06008', 'กรมกิจการผู้สูงอายุ\r', NULL, NULL, NULL, NULL, NULL),
	(43, '07002', 'สำนักงานปลัดกระทรวงเกษตรและสหกรณ์\r', NULL, NULL, NULL, NULL, NULL),
	(44, '07003', 'กรมชลประทาน\r', NULL, NULL, NULL, NULL, NULL),
	(45, '07004', 'กรมตรวจบัญชีสหกรณ์\r', NULL, NULL, NULL, NULL, NULL),
	(46, '07005', 'กรมประมง\r', NULL, NULL, NULL, NULL, NULL),
	(47, '07006', 'กรมปศุสัตว์\r', NULL, NULL, NULL, NULL, NULL),
	(48, '07008', 'กรมพัฒนาที่ดิน\r', NULL, NULL, NULL, NULL, NULL),
	(49, '07009', 'กรมวิชาการเกษตร\r', NULL, NULL, NULL, NULL, NULL),
	(50, '07011', 'กรมส่งเสริมการเกษตร\r', NULL, NULL, NULL, NULL, NULL),
	(51, '07012', 'กรมส่งเสริมสหกรณ์\r', NULL, NULL, NULL, NULL, NULL),
	(52, '07013', 'สำนักงานการปฏิรูปที่ดินเพื่อเกษตรกรรม\r', NULL, NULL, NULL, NULL, NULL),
	(53, '07014', 'สำนักงานมาตรฐานสินค้าเกษตรและอาหารแห่งชาติ\r', NULL, NULL, NULL, NULL, NULL),
	(54, '07015', 'สำนักงานเศรษฐกิจการเกษตร\r', NULL, NULL, NULL, NULL, NULL),
	(55, '07018', 'กรมการข้าว\r', NULL, NULL, NULL, NULL, NULL),
	(56, '07020', 'กรมหม่อนไหม\r', NULL, NULL, NULL, NULL, NULL),
	(57, '07021', 'กรมฝนหลวงและการบินเกษตร\r', NULL, NULL, NULL, NULL, NULL),
	(58, '08002', 'สำนักงานปลัดกระทรวงคมนาคม\r', NULL, NULL, NULL, NULL, NULL),
	(59, '08003', 'กรมเจ้าท่า\r', NULL, NULL, NULL, NULL, NULL),
	(60, '08004', 'กรมการขนส่งทางบก\r', NULL, NULL, NULL, NULL, NULL),
	(61, '08006', 'กรมทางหลวง\r', NULL, NULL, NULL, NULL, NULL),
	(62, '08007', 'กรมทางหลวงชนบท\r', NULL, NULL, NULL, NULL, NULL),
	(63, '08008', 'สำนักงานนโยบายและแผนการขนส่งและจราจร\r', NULL, NULL, NULL, NULL, NULL),
	(64, '08009', 'กรมท่าอากาศยาน\r', NULL, NULL, NULL, NULL, NULL),
	(65, '08011', 'สำนักงานการบินพลเรือน\r', NULL, NULL, NULL, NULL, NULL),
	(66, '08012', 'กรมการขนส่งทางราง\r', NULL, NULL, NULL, NULL, NULL),
	(67, '09002', 'สำนักงานปลัดกระทรวงทรัพยากรธรรมชาติและสิ่งแวดล้อม\r', NULL, NULL, NULL, NULL, NULL),
	(68, '09003', 'กรมควบคุมมลพิษ\r', NULL, NULL, NULL, NULL, NULL),
	(69, '09004', 'กรมทรัพยากรทางทะเลและชายฝั่ง\r', NULL, NULL, NULL, NULL, NULL),
	(70, '09005', 'กรมทรัพยากรธรณี\r', NULL, NULL, NULL, NULL, NULL),
	(71, '09006', 'กรมทรัพยากรน้ำ\r', NULL, NULL, NULL, NULL, NULL),
	(72, '09007', 'กรมทรัพยากรน้ำบาดาล\r', NULL, NULL, NULL, NULL, NULL),
	(73, '09008', 'กรมส่งเสริมคุณภาพสิ่งแวดล้อม\r', NULL, NULL, NULL, NULL, NULL),
	(74, '09009', 'กรมอุทยานแห่งชาติ สัตว์ป่า และพันธุ์พืช\r', NULL, NULL, NULL, NULL, NULL),
	(75, '09011', 'สำนักงานนโยบายและแผนทรัพยากรธรรมชาติและสิ่งแวดล้อม\r', NULL, NULL, NULL, NULL, NULL),
	(76, '09012', 'กรมป่าไม้\r', NULL, NULL, NULL, NULL, NULL),
	(77, '11002', 'สำนักงานปลัดกระทรวงดิจิทัลเพื่อเศรษฐกิจและสังคม\r', NULL, NULL, NULL, NULL, NULL),
	(78, '11004', 'กรมอุตุนิยมวิทยา\r', NULL, NULL, NULL, NULL, NULL),
	(79, '11005', 'สำนักงานสถิติแห่งชาติ\r', NULL, NULL, NULL, NULL, NULL),
	(80, '11009', 'สำนักงานคณะกรรมการดิจิทัลเพื่อเศรษฐกิจและสังคมแห่งชาติ\r', NULL, NULL, NULL, NULL, NULL),
	(81, '12002', 'สำนักงานปลัดกระทรวงพลังงาน\r', NULL, NULL, NULL, NULL, NULL),
	(82, '12003', 'กรมเชื้อเพลิงธรรมชาติ\r', NULL, NULL, NULL, NULL, NULL),
	(83, '12004', 'กรมธุรกิจพลังงาน\r', NULL, NULL, NULL, NULL, NULL),
	(84, '12005', 'กรมพัฒนาพลังงานทดแทนและอนุรักษ์พลังงาน\r', NULL, NULL, NULL, NULL, NULL),
	(85, '12006', 'สำนักงานนโยบายและแผนพลังงาน\r', NULL, NULL, NULL, NULL, NULL),
	(86, '13002', 'สำนักงานปลัดกระทรวงพาณิชย์\r', NULL, NULL, NULL, NULL, NULL),
	(87, '13003', 'กรมการค้าต่างประเทศ\r', NULL, NULL, NULL, NULL, NULL),
	(88, '13004', 'กรมการค้าภายใน\r', NULL, NULL, NULL, NULL, NULL),
	(89, '13006', 'กรมเจรจาการค้าระหว่างประเทศ\r', NULL, NULL, NULL, NULL, NULL),
	(90, '13007', 'กรมทรัพย์สินทางปัญญา\r', NULL, NULL, NULL, NULL, NULL),
	(91, '13008', 'กรมพัฒนาธุรกิจการค้า\r', NULL, NULL, NULL, NULL, NULL),
	(92, '13009', 'กรมส่งเสริมการค้าระหว่างประเทศ\r', NULL, NULL, NULL, NULL, NULL),
	(93, '13013', 'สำนักงานนโยบายและยุทธศาสตร์การค้า\r', NULL, NULL, NULL, NULL, NULL),
	(94, '15002', 'สำนักงานปลัดกระทรวงมหาดไทย\r', NULL, NULL, NULL, NULL, NULL),
	(95, '15003', 'กรมการปกครอง\r', NULL, NULL, NULL, NULL, NULL),
	(96, '15004', 'กรมการพัฒนาชุมชน\r', NULL, NULL, NULL, NULL, NULL),
	(97, '15005', 'กรมที่ดิน\r', NULL, NULL, NULL, NULL, NULL),
	(98, '15006', 'กรมป้องกันและบรรเทาสาธารณภัย\r', NULL, NULL, NULL, NULL, NULL),
	(99, '15007', 'กรมโยธาธิการและผังเมือง\r', NULL, NULL, NULL, NULL, NULL),
	(100, '15008', 'กรมส่งเสริมการปกครองส่วนท้องถิ่น\r', NULL, NULL, NULL, NULL, NULL),
	(101, '16002', 'สำนักงานปลัดกระทรวงยุติธรรม \r', NULL, NULL, NULL, NULL, NULL),
	(102, '16003', 'กรมคุมประพฤติ\r', NULL, NULL, NULL, NULL, NULL),
	(103, '16004', 'กรมคุ้มครองสิทธิและเสรีภาพ\r', NULL, NULL, NULL, NULL, NULL),
	(104, '16005', 'กรมบังคับคดี\r', NULL, NULL, NULL, NULL, NULL),
	(105, '16006', 'กรมพินิจและคุ้มครองเด็กและเยาวชน\r', NULL, NULL, NULL, NULL, NULL),
	(106, '16007', 'กรมราชทัณฑ์\r', NULL, NULL, NULL, NULL, NULL),
	(107, '16008', 'กรมสอบสวนคดีพิเศษ\r', NULL, NULL, NULL, NULL, NULL),
	(108, '16009', 'สำนักงานกิจการยุติธรรม\r', NULL, NULL, NULL, NULL, NULL),
	(109, '16010', 'สถาบันนิติวิทยาศาสตร์\r', NULL, NULL, NULL, NULL, NULL),
	(110, '16011', 'สำนักงานคณะกรรมการป้องกันและปราบปรามยาเสพติด\r', NULL, NULL, NULL, NULL, NULL),
	(111, '17002', 'สำนักงานปลัดกระทรวงแรงงาน\r', NULL, NULL, NULL, NULL, NULL),
	(112, '17003', 'กรมการจัดหางาน\r', NULL, NULL, NULL, NULL, NULL),
	(113, '17004', 'กรมพัฒนาฝีมือแรงงาน\r', NULL, NULL, NULL, NULL, NULL),
	(114, '17005', 'กรมสวัสดิการและคุ้มครองแรงงาน\r', NULL, NULL, NULL, NULL, NULL),
	(115, '17006', 'สำนักงานประกันสังคม\r', NULL, NULL, NULL, NULL, NULL),
	(116, '18002', 'สำนักงานปลัดกระทรวงวัฒนธรรม\r', NULL, NULL, NULL, NULL, NULL),
	(117, '18003', 'กรมการศาสนา\r', NULL, NULL, NULL, NULL, NULL),
	(118, '18004', 'กรมศิลปากร\r', NULL, NULL, NULL, NULL, NULL),
	(119, '18005', 'กรมส่งเสริมวัฒนธรรม\r', NULL, NULL, NULL, NULL, NULL),
	(120, '18006', 'สำนักงานศิลปวัฒนธรรมร่วมสมัย\r', NULL, NULL, NULL, NULL, NULL),
	(121, '18008', 'สถาบันบัณฑิตพัฒนศิลป์\r', NULL, NULL, NULL, NULL, NULL),
	(122, '20002', 'สำนักงานปลัดกระทรวงศึกษาธิการ\r', NULL, NULL, NULL, NULL, NULL),
	(123, '20003', 'สำนักงานเลขาธิการสภาการศึกษา\r', NULL, NULL, NULL, NULL, NULL),
	(124, '20004', 'สำนักงานคณะกรรมการการศึกษาขั้นพื้นฐาน \r', NULL, NULL, NULL, NULL, NULL),
	(125, '20006', 'สำนักงานคณะกรรมการการอาชีวศึกษา\r', NULL, NULL, NULL, NULL, NULL),
	(126, '21002', 'สำนักงานปลัดกระทรวงสาธารณสุข\r', NULL, NULL, NULL, NULL, NULL),
	(127, '21003', 'กรมการแพทย์\r', NULL, NULL, NULL, NULL, NULL),
	(128, '21004', 'กรมควบคุมโรค\r', NULL, NULL, NULL, NULL, NULL),
	(129, '21005', 'กรมการเเพทย์เเผนไทยเเละการเเพทย์ทางเลือก\r', NULL, NULL, NULL, NULL, NULL),
	(130, '21006', 'กรมวิทยาศาสตร์การแพทย์\r', NULL, NULL, NULL, NULL, NULL),
	(131, '21007', 'กรมสนับสนุนบริการสุขภาพ\r', NULL, NULL, NULL, NULL, NULL),
	(132, '21008', 'กรมสุขภาพจิต\r', NULL, NULL, NULL, NULL, NULL),
	(133, '21009', 'กรมอนามัย\r', NULL, NULL, NULL, NULL, NULL),
	(134, '21010', 'สำนักงานคณะกรรมการอาหารและยา\r', NULL, NULL, NULL, NULL, NULL),
	(135, '21017', 'สถาบันพระบรมราชชนก\r', NULL, NULL, NULL, NULL, NULL),
	(136, '22002', 'สำนักงานปลัดกระทรวงอุตสาหกรรม\r', NULL, NULL, NULL, NULL, NULL),
	(137, '22003', 'กรมโรงงานอุตสาหกรรม\r', NULL, NULL, NULL, NULL, NULL),
	(138, '22004', 'กรมส่งเสริมอุตสาหกรรม\r', NULL, NULL, NULL, NULL, NULL),
	(139, '22005', 'กรมอุตสาหกรรมพื้นฐานและการเหมืองแร่\r', NULL, NULL, NULL, NULL, NULL),
	(140, '22006', 'สำนักงานคณะกรรมการอ้อยและน้ำตาลทราย\r', NULL, NULL, NULL, NULL, NULL),
	(141, '22007', 'สำนักงานมาตรฐานผลิตภัณฑ์อุตสาหกรรม\r', NULL, NULL, NULL, NULL, NULL),
	(142, '22008', 'สำนักงานเศรษฐกิจอุตสาหกรรม\r', NULL, NULL, NULL, NULL, NULL),
	(143, '23002', 'สำนักงานปลัดกระทรวงการอุดมศึกษา วิทยาศาสตร์ วิจัยและนวัตกรรม\r', NULL, NULL, NULL, NULL, NULL),
	(144, '23003', 'กรมวิทยาศาสตร์บริการ\r', NULL, NULL, NULL, NULL, NULL),
	(145, '23004', 'สำนักงานคณะกรรมการวิจัยแห่งชาติ\r', NULL, NULL, NULL, NULL, NULL),
	(146, '23005', 'สำนักงานปรมาณูเพื่อสันติ\r', NULL, NULL, NULL, NULL, NULL),
	(147, '23006', 'มหาวิทยาลัยรามคำแหง\r', NULL, NULL, NULL, NULL, NULL),
	(148, '23007', 'มหาวิทยาลัยสุโขทัยธรรมาธิราช\r', NULL, NULL, NULL, NULL, NULL),
	(149, '23008', 'มหาวิทยาลัยนเรศวร\r', NULL, NULL, NULL, NULL, NULL),
	(150, '23009', 'มหาวิทยาลัยอุบลราชธานี\r', NULL, NULL, NULL, NULL, NULL),
	(151, '23010', 'มหาวิทยาลัยมหาสารคาม\r', NULL, NULL, NULL, NULL, NULL),
	(152, '23011', 'มหาวิทยาลัยกาฬสินธุ์\r', NULL, NULL, NULL, NULL, NULL),
	(153, '23012', 'สถาบันเทคโนโลยีปทุมวัน\r', NULL, NULL, NULL, NULL, NULL),
	(154, '23013', 'มหาวิทยาลัยนราธิวาสราชนครินทร์\r', NULL, NULL, NULL, NULL, NULL),
	(155, '23014', 'มหาวิทยาลัยนครพนม\r', NULL, NULL, NULL, NULL, NULL),
	(156, '23015', 'สถาบันวิทยาลัยชุมชน\r', NULL, NULL, NULL, NULL, NULL),
	(157, '23016', 'ม.ราชภัฏเชียงราย\r', NULL, NULL, NULL, NULL, NULL),
	(158, '23017', 'ม.ราชภัฏเชียงใหม่\r', NULL, NULL, NULL, NULL, NULL),
	(159, '23018', 'ม.ราชภัฏลำปาง\r', NULL, NULL, NULL, NULL, NULL),
	(160, '23019', 'มหาวิทยาลัยราชภัฏอุตรดิตถ์\r', NULL, NULL, NULL, NULL, NULL),
	(161, '23020', 'ม.ราชภัฏกำแพงเพชร\r', NULL, NULL, NULL, NULL, NULL),
	(162, '23021', 'ม.ราชภัฏนครสวรรค์\r', NULL, NULL, NULL, NULL, NULL),
	(163, '23022', 'ม.ราชภัฏพิบูลสงคราม\r', NULL, NULL, NULL, NULL, NULL),
	(164, '23023', 'มหาวิทยาลัยราชภัฏเพชรบูรณ์\r', NULL, NULL, NULL, NULL, NULL),
	(165, '23024', 'ม.ราชภัฏมหาสารคาม\r', NULL, NULL, NULL, NULL, NULL),
	(166, '23025', 'ม.ราชภัฏเลย\r', NULL, NULL, NULL, NULL, NULL),
	(167, '23026', 'ม.ราชภัฏสกลนคร\r', NULL, NULL, NULL, NULL, NULL),
	(168, '23027', 'ม.ราชภัฏอุดรธานี\r', NULL, NULL, NULL, NULL, NULL),
	(169, '23028', 'ม.ราชภัฏนครราชสีมา\r', NULL, NULL, NULL, NULL, NULL),
	(170, '23029', 'ม.ราชภัฏบุรีรัมย์\r', NULL, NULL, NULL, NULL, NULL),
	(171, '23030', 'ม.ราชภัฏสุรินทร์\r', NULL, NULL, NULL, NULL, NULL),
	(172, '23031', 'ม.ราชภัฏอุบลราชธานี\r', NULL, NULL, NULL, NULL, NULL),
	(173, '23032', 'มหาวิทยาลัยราชภัฏราชนครินทร์\r', NULL, NULL, NULL, NULL, NULL),
	(174, '23033', 'ม.ราชภัฏเทพสตรี\r', NULL, NULL, NULL, NULL, NULL),
	(175, '23034', 'มหาวิทยาลัยราชภัฏพระนครศรีอยุธยา\r', NULL, NULL, NULL, NULL, NULL),
	(176, '23035', 'ม.ราชภัฏวไลยอลงกรณ์\r', NULL, NULL, NULL, NULL, NULL),
	(177, '23036', 'ม.ราชภัฏรำไพพรรณี\r', NULL, NULL, NULL, NULL, NULL),
	(178, '23037', 'ม.ราชภัฏกาญจนบุรี\r', NULL, NULL, NULL, NULL, NULL),
	(179, '23038', 'ม.ราชภัฏนครปฐม\r', NULL, NULL, NULL, NULL, NULL),
	(180, '23039', 'ม.ราชภัฏเพชรบุรี\r', NULL, NULL, NULL, NULL, NULL),
	(181, '23040', 'มหาวิทยาลัยราชภัฏหมู่บ้านจอมบึง\r', NULL, NULL, NULL, NULL, NULL),
	(182, '23041', 'มหาวิทยาลัยราชภัฏนครศรีธรรมราช\r', NULL, NULL, NULL, NULL, NULL),
	(183, '23042', 'ม.ราชภัฏภูเก็ต\r', NULL, NULL, NULL, NULL, NULL),
	(184, '23043', 'ม.ราชภัฏยะลา\r', NULL, NULL, NULL, NULL, NULL),
	(185, '23044', 'ม.ราชภัฏสงขลา\r', NULL, NULL, NULL, NULL, NULL),
	(186, '23045', 'ม.ราชภัฏสุราษฎร์ธานี\r', NULL, NULL, NULL, NULL, NULL),
	(187, '23046', 'ม.ราชภัฏจันทรเกษม\r', NULL, NULL, NULL, NULL, NULL),
	(188, '23047', 'ม.ราชภัฏธนบุรี\r', NULL, NULL, NULL, NULL, NULL),
	(189, '23048', 'มหาวิทยาลัยราชภัฏบ้านสมเด็จเจ้าพระยา\r', NULL, NULL, NULL, NULL, NULL),
	(190, '23049', 'ม.ราชภัฏพระนคร\r', NULL, NULL, NULL, NULL, NULL),
	(191, '23050', 'ม.ราชภัฏสวนสุนันทา\r', NULL, NULL, NULL, NULL, NULL),
	(192, '23051', 'ม.ราชภัฏชัยภูมิ\r', NULL, NULL, NULL, NULL, NULL),
	(193, '23052', 'ม.ราชภัฏร้อยเอ็ด\r', NULL, NULL, NULL, NULL, NULL),
	(194, '23053', 'ม.ราชภัฏศรีสะเกษ\r', NULL, NULL, NULL, NULL, NULL),
	(195, '23054', 'มหาวิทยาลัยเทคโนโลยีราชมงคลธัญบุรี\r', NULL, NULL, NULL, NULL, NULL),
	(196, '23055', 'มหาวิทยาลัยเทคโนโลยีราชมงคลกรุงเทพ\r', NULL, NULL, NULL, NULL, NULL),
	(197, '23056', 'มหาวิทยาลัยเทคโนโลยีราชมงคลตะวันออก\r', NULL, NULL, NULL, NULL, NULL),
	(198, '23057', 'มหาวิทยาลัยเทคโนโลยีราชมงคลพระนคร\r', NULL, NULL, NULL, NULL, NULL),
	(199, '23058', 'มหาวิทยาลัยเทคโนโลยีราชมงคลรัตนโกสินทร์\r', NULL, NULL, NULL, NULL, NULL),
	(200, '23059', 'มหาวิทยาลัยเทคโนโลยีราชมงคลล้านนา\r', NULL, NULL, NULL, NULL, NULL),
	(201, '23060', 'มหาวิทยาลัยเทคโนโลยีราชมงคลศรีวิชัย\r', NULL, NULL, NULL, NULL, NULL),
	(202, '23061', 'มหาวิทยาลัยเทคโนโลยีราชมงคลสุวรรณภูมิ\r', NULL, NULL, NULL, NULL, NULL),
	(203, '23062', 'มหาวิทยาลัยเทคโนโลยีราชมงคลอีสาน \r', NULL, NULL, NULL, NULL, NULL),
	(204, '25003', 'สำนักงานพระพุทธศาสนาแห่งชาติ\r', NULL, NULL, NULL, NULL, NULL),
	(205, '25004', 'สำนักงานคณะกรรมการพิเศษเพื่อประสานงานโครงการอันเนื่องมาจากพระราชดำริ\r', NULL, NULL, NULL, NULL, NULL),
	(206, '25006', 'สำนักงานราชบัณฑิตยสภา\r', NULL, NULL, NULL, NULL, NULL),
	(207, '25007', 'สำนักงานตำรวจแห่งชาติ\r', NULL, NULL, NULL, NULL, NULL),
	(208, '25008', 'สำนักงานป้องกันและปราบปรามการฟอกเงิน\r', NULL, NULL, NULL, NULL, NULL),
	(209, '25016', 'ศูนย์อำนวยการบริหารจังหวัดชายแดนภาคใต้\r', NULL, NULL, NULL, NULL, NULL),
	(210, '25017', 'สำนักงานคณะกรรมการป้องกันและปราบปรามการทุจริตในภาครัฐ\r', NULL, NULL, NULL, NULL, NULL),
	(211, '27001', 'สำนักงานเลขาธิการวุฒิสภา\r', NULL, NULL, NULL, NULL, NULL),
	(212, '27002', 'สำนักงานเลขาธิการสภาผู้แทนราษฎร\r', NULL, NULL, NULL, NULL, NULL),
	(213, '27003', 'สถาบันพระปกเกล้า\r', NULL, NULL, NULL, NULL, NULL),
	(214, '28001', 'สำนักงานศาลรัฐธรรมนูญ\r', NULL, NULL, NULL, NULL, NULL),
	(215, '28002', 'สำนักงานศาลยุติธรรม\r', NULL, NULL, NULL, NULL, NULL),
	(216, '28003', 'สำนักงานศาลปกครอง\r', NULL, NULL, NULL, NULL, NULL),
	(217, '29001', 'สำนักงานคณะกรรมการการเลือกตั้ง\r', NULL, NULL, NULL, NULL, NULL),
	(218, '29002', 'สำนักงานผู้ตรวจการแผ่นดิน\r', NULL, NULL, NULL, NULL, NULL),
	(219, '29003', 'สำนักงานคณะกรรมการป้องกันและปราบปรามการทุจริตแห่งชาติ\r', NULL, NULL, NULL, NULL, NULL),
	(220, '29004', 'สำนักงานการตรวจเงินแผ่นดิน\r', NULL, NULL, NULL, NULL, NULL),
	(221, '29005', 'สำนักงานคณะกรรมการสิทธิมนุษยชนแห่งชาติ\r', NULL, NULL, NULL, NULL, NULL),
	(222, '29006', 'สำนักงานอัยการสูงสุด\r', NULL, NULL, NULL, NULL, NULL),
	(223, '29009', 'สำนักงานคณะกรรมการกิจการกระจายเสียง กิจการโทรทัศน์และกิจการโทรคมนาคมแห่งชาติ\r', NULL, NULL, NULL, NULL, NULL),
	(224, '50101', 'องค์การตลาดเพื่อเกษตรกร\r', NULL, NULL, NULL, NULL, NULL),
	(225, '50102', 'องค์การสวนยาง\r', NULL, NULL, NULL, NULL, NULL),
	(226, '50103', 'องค์การสะพานปลา\r', NULL, NULL, NULL, NULL, NULL),
	(227, '50104', 'องค์การส่งเสริมกิจการโคนม\r', NULL, NULL, NULL, NULL, NULL),
	(228, '50105', 'องค์การอุตสาหกรรมป่าไม้\r', NULL, NULL, NULL, NULL, NULL),
	(229, '50110', 'การยางแห่งประเทศไทย\r', NULL, NULL, NULL, NULL, NULL),
	(230, '50201', 'การนิคมอุตสาหกรรมแห่งประเทศไทย\r', NULL, NULL, NULL, NULL, NULL),
	(231, '50204', 'องค์การเภสัชกรรม\r', NULL, NULL, NULL, NULL, NULL),
	(232, '50205', 'องค์การสุรา\r', NULL, NULL, NULL, NULL, NULL),
	(233, '50206', 'โรงงานไพ่\r', NULL, NULL, NULL, NULL, NULL),
	(234, '50207', 'การยาสูบแห่งประเทศไทย\r', NULL, NULL, NULL, NULL, NULL),
	(235, '50208', 'โรงพิมพ์ตำรวจ\r', NULL, NULL, NULL, NULL, NULL),
	(236, '50301', 'การทางพิเศษแห่งประเทศไทย\r', NULL, NULL, NULL, NULL, NULL),
	(237, '50302', 'องค์การขนส่งมวลชนกรุงเทพ\r', NULL, NULL, NULL, NULL, NULL),
	(238, '50304', 'การท่าเรือแห่งประเทศไทย\r', NULL, NULL, NULL, NULL, NULL),
	(239, '50306', 'บมจ. ท่าอากาศยานไทย\r', NULL, NULL, NULL, NULL, NULL),
	(240, '50307', 'บมจ. การบินไทย\r', NULL, NULL, NULL, NULL, NULL),
	(241, '50309', 'บริษัท ท่าอากาศยานสากลกรุงเทพแห่งใหม่ จำกัด\r', NULL, NULL, NULL, NULL, NULL),
	(242, '50310', 'บริษัท วิทยุการบินแห่งประเทศไทย จำกัด\r', NULL, NULL, NULL, NULL, NULL),
	(243, '50311', 'สถาบันการบินพลเรือน\r', NULL, NULL, NULL, NULL, NULL),
	(244, '50312', 'การรถไฟแห่งประเทศไทย\r', NULL, NULL, NULL, NULL, NULL),
	(245, '50313', 'การรถไฟฟ้าขนส่งมวลชนแห่งประเทศไทย\r', NULL, NULL, NULL, NULL, NULL),
	(246, '50314', 'บริษัท ขนส่ง จำกัด\r', NULL, NULL, NULL, NULL, NULL),
	(247, '50315', 'บริษัท อู่กรุงเทพ จำกัด\r', NULL, NULL, NULL, NULL, NULL),
	(248, '50316', 'บริษัท กสท โทรคมนาคม จำกัด (มหาชน)\r', NULL, NULL, NULL, NULL, NULL),
	(249, '50317', 'บริษัท ทีโอที จำกัด (มหาชน)\r', NULL, NULL, NULL, NULL, NULL),
	(250, '50318', 'บริษัท อสมท จำกัด (มหาชน)\r', NULL, NULL, NULL, NULL, NULL),
	(251, '50319', 'บริษัท ไปรษณีย์ไทย จำกัด\r', NULL, NULL, NULL, NULL, NULL),
	(252, '50401', 'องค์การตลาด\r', NULL, NULL, NULL, NULL, NULL),
	(253, '50402', 'องค์การคลังสินค้า\r', NULL, NULL, NULL, NULL, NULL),
	(254, '50403', 'สำนักงานสลากกินแบ่งรัฐบาล\r', NULL, NULL, NULL, NULL, NULL),
	(255, '50404', 'การท่องเที่ยวแห่งประเทศไทย\r', NULL, NULL, NULL, NULL, NULL),
	(256, '50405', 'บริษัท สหโรงแรมไทยและการท่องเที่ยว จำกัด\r', NULL, NULL, NULL, NULL, NULL),
	(257, '50501', 'สถาบันวิจัยวิทยาศาสตร์และเทคโนโลยีแห่งประเทศไทย\r', NULL, NULL, NULL, NULL, NULL),
	(258, '50502', 'องค์การพิพิธภัณฑ์วิทยาศาสตร์แห่งชาติ\r', NULL, NULL, NULL, NULL, NULL),
	(259, '50503', 'องค์การสวนพฤกษศาสตร์\r', NULL, NULL, NULL, NULL, NULL),
	(260, '50504', 'การไฟฟ้าฝ่ายผลิตแห่งประเทศไทย\r', NULL, NULL, NULL, NULL, NULL),
	(261, '50505', 'การไฟฟ้านครหลวง\r', NULL, NULL, NULL, NULL, NULL),
	(262, '50506', 'การไฟฟ้าส่วนภูมิภาค\r', NULL, NULL, NULL, NULL, NULL),
	(263, '50507', 'บริษัท ปตท. จำกัด (มหาชน)\r', NULL, NULL, NULL, NULL, NULL),
	(264, '50510', 'องค์การจัดการน้ำเสีย\r', NULL, NULL, NULL, NULL, NULL),
	(265, '50601', 'การประปานครหลวง\r', NULL, NULL, NULL, NULL, NULL),
	(266, '50602', 'การประปาส่วนภูมิภาค\r', NULL, NULL, NULL, NULL, NULL),
	(267, '50603', 'การเคหะแห่งชาติ\r', NULL, NULL, NULL, NULL, NULL),
	(268, '50604', 'การกีฬาแห่งประเทศไทย\r', NULL, NULL, NULL, NULL, NULL),
	(269, '50605', 'องค์การสวนสัตว์\r', NULL, NULL, NULL, NULL, NULL),
	(270, '50606', 'สำนักงานธนานุเคราะห์\r', NULL, NULL, NULL, NULL, NULL),
	(271, '50701', 'ธนาคารแห่งประเทศไทย\r', NULL, NULL, NULL, NULL, NULL),
	(272, '50702', 'บมจ.ธนาคารกรุงไทย\r', NULL, NULL, NULL, NULL, NULL),
	(273, '50703', 'ธนาคารเพื่อการเกษตรและสหกรณ์การเกษตร\r', NULL, NULL, NULL, NULL, NULL),
	(274, '50704', 'ธนาคารออมสิน\r', NULL, NULL, NULL, NULL, NULL),
	(275, '50705', 'ธนาคารอาคารสงเคราะห์\r', NULL, NULL, NULL, NULL, NULL),
	(276, '50706', 'ธนาคารเพื่อการส่งออกและนำเข้าแห่งประเทศไทย\r', NULL, NULL, NULL, NULL, NULL),
	(277, '50708', 'ธนาคารพัฒนาวิสาหกิจขนาดกลางและขนาดย่อมแห่งประเทศไทย\r', NULL, NULL, NULL, NULL, NULL),
	(278, '50709', 'ธนาคารอิสลามแห่งประเทศไทย\r', NULL, NULL, NULL, NULL, NULL),
	(279, '50710', 'บริษัทตลาดรองสินเชื่อที่อยู่อาศัย\r', NULL, NULL, NULL, NULL, NULL),
	(280, '50713', 'บริษัทบริหารสินทรัพย์ ธนาคารอิสลามแห่งประเทศไทย จำกัด\r', NULL, NULL, NULL, NULL, NULL),
	(281, '70010', 'กลุ่มจังหวัดภาคกลางตอนบน 1\r', NULL, NULL, NULL, NULL, NULL),
	(282, '70011', 'งบจังหวัดนนทบุรี\r', NULL, NULL, NULL, NULL, NULL),
	(283, '70012', 'งบจังหวัดปทุมธานี\r', NULL, NULL, NULL, NULL, NULL),
	(284, '70013', 'งบจังหวัดพระนครศรีอยุธยา\r', NULL, NULL, NULL, NULL, NULL),
	(285, '70014', 'งบจังหวัดสระบุรี\r', NULL, NULL, NULL, NULL, NULL),
	(286, '70020', 'กลุ่มจังหวัดภาคกลางตอนบน 2\r', NULL, NULL, NULL, NULL, NULL),
	(287, '70021', 'งบจังหวัดชัยนาท\r', NULL, NULL, NULL, NULL, NULL),
	(288, '70022', 'งบจังหวัดลพบุรี\r', NULL, NULL, NULL, NULL, NULL),
	(289, '70023', 'งบจังหวัดสิงห์บุรี\r', NULL, NULL, NULL, NULL, NULL),
	(290, '70024', 'งบจังหวัดอ่างทอง\r', NULL, NULL, NULL, NULL, NULL),
	(291, '70030', 'กลุ่มจังหวัดภาคกลางตอนกลาง\r', NULL, NULL, NULL, NULL, NULL),
	(292, '70031', 'งบจังหวัดฉะเชิงเทรา\r', NULL, NULL, NULL, NULL, NULL),
	(293, '70032', 'งบจังหวัดปราจีนบุรี\r', NULL, NULL, NULL, NULL, NULL),
	(294, '70033', 'งบจังหวัดสระแก้ว\r', NULL, NULL, NULL, NULL, NULL),
	(295, '70034', 'งบจังหวัดนครนายก\r', NULL, NULL, NULL, NULL, NULL),
	(296, '70035', 'งบจังหวัดสมุทรปราการ\r', NULL, NULL, NULL, NULL, NULL),
	(297, '70040', 'กลุ่มจังหวัดภาคกลางตอนล่าง 1\r', NULL, NULL, NULL, NULL, NULL),
	(298, '70041', 'งบจังหวัดกาญจนบุรี\r', NULL, NULL, NULL, NULL, NULL),
	(299, '70042', 'งบจังหวัดนครปฐม\r', NULL, NULL, NULL, NULL, NULL),
	(300, '70043', 'งบจังหวัดราชบุรี\r', NULL, NULL, NULL, NULL, NULL),
	(301, '70044', 'งบจังหวัดสุพรรณบุรี\r', NULL, NULL, NULL, NULL, NULL),
	(302, '70050', 'กลุ่มจังหวัดภาคกลางตอนล่าง 2\r', NULL, NULL, NULL, NULL, NULL),
	(303, '70051', 'งบจังหวัดประจวบคีรีขันธ์\r', NULL, NULL, NULL, NULL, NULL),
	(304, '70052', 'งบจังหวัดเพชรบุรี\r', NULL, NULL, NULL, NULL, NULL),
	(305, '70053', 'งบจังหวัดสมุทรสาคร\r', NULL, NULL, NULL, NULL, NULL),
	(306, '70054', 'งบจังหวัดสมุทรสงคราม\r', NULL, NULL, NULL, NULL, NULL),
	(307, '70060', 'กลุ่มจังหวัดภาคใต้ฝั่งอ่าวไทย\r', NULL, NULL, NULL, NULL, NULL),
	(308, '70061', 'งบจังหวัดชุมพร\r', NULL, NULL, NULL, NULL, NULL),
	(309, '70062', 'งบจังหวัดสุราษฎร์ธานี\r', NULL, NULL, NULL, NULL, NULL),
	(310, '70063', 'งบจังหวัดนครศรีธรรมราช\r', NULL, NULL, NULL, NULL, NULL),
	(311, '70064', 'งบจังหวัดพัทลุง\r', NULL, NULL, NULL, NULL, NULL),
	(312, '70070', 'กลุ่มจังหวัดภาคใต้ฝั่งอันดามัน\r', NULL, NULL, NULL, NULL, NULL),
	(313, '70071', 'งบจังหวัดระนอง\r', NULL, NULL, NULL, NULL, NULL),
	(314, '70072', 'งบจังหวัดพังงา\r', NULL, NULL, NULL, NULL, NULL),
	(315, '70073', 'งบจังหวัดภูเก็ต\r', NULL, NULL, NULL, NULL, NULL),
	(316, '70074', 'งบจังหวัดกระบี่\r', NULL, NULL, NULL, NULL, NULL),
	(317, '70075', 'งบจังหวัดตรัง\r', NULL, NULL, NULL, NULL, NULL),
	(318, '70080', 'กลุ่มจังหวัดภาคใต้ชายแดน\r', NULL, NULL, NULL, NULL, NULL),
	(319, '70081', 'งบจังหวัดสงขลา\r', NULL, NULL, NULL, NULL, NULL),
	(320, '70082', 'งบจังหวัดสตูล\r', NULL, NULL, NULL, NULL, NULL),
	(321, '70083', 'งบจังหวัดปัตตานี\r', NULL, NULL, NULL, NULL, NULL),
	(322, '70084', 'งบจังหวัดยะลา\r', NULL, NULL, NULL, NULL, NULL),
	(323, '70085', 'งบจังหวัดนราธิวาส\r', NULL, NULL, NULL, NULL, NULL),
	(324, '70090', 'กลุ่มจังหวัดภาคตะวันออก\r', NULL, NULL, NULL, NULL, NULL),
	(325, '70091', 'งบจังหวัดจันทบุรี\r', NULL, NULL, NULL, NULL, NULL),
	(326, '70092', 'งบจังหวัดชลบุรี\r', NULL, NULL, NULL, NULL, NULL),
	(327, '70093', 'งบจังหวัดระยอง\r', NULL, NULL, NULL, NULL, NULL),
	(328, '70094', 'งบจังหวัดตราด\r', NULL, NULL, NULL, NULL, NULL),
	(329, '70100', 'กลุ่มจังหวัดภาคตะวันออกเฉียงเหนือตอนบน 1\r', NULL, NULL, NULL, NULL, NULL),
	(330, '70101', 'งบจังหวัดหนองคาย\r', NULL, NULL, NULL, NULL, NULL),
	(331, '70102', 'งบจังหวัดเลย\r', NULL, NULL, NULL, NULL, NULL),
	(332, '70103', 'งบจังหวัดอุดรธานี\r', NULL, NULL, NULL, NULL, NULL),
	(333, '70104', 'งบจังหวัดหนองบัวลำภู\r', NULL, NULL, NULL, NULL, NULL),
	(334, '70105', 'งบจังหวัดบึงกาฬ\r', NULL, NULL, NULL, NULL, NULL),
	(335, '70110', 'กลุ่มจังหวัดภาคตะวันออกเฉียงเหนือตอนบน 2\r', NULL, NULL, NULL, NULL, NULL),
	(336, '70111', 'งบจังหวัดนครพนม\r', NULL, NULL, NULL, NULL, NULL),
	(337, '70112', 'งบจังหวัดมุกดาหาร\r', NULL, NULL, NULL, NULL, NULL),
	(338, '70113', 'งบจังหวัดสกลนคร\r', NULL, NULL, NULL, NULL, NULL),
	(339, '70120', 'กลุ่มจังหวัดภาคตะวันออกเฉียงเหนือตอนกลาง\r', NULL, NULL, NULL, NULL, NULL),
	(340, '70121', 'งบจังหวัดร้อยเอ็ด\r', NULL, NULL, NULL, NULL, NULL),
	(341, '70122', 'งบจังหวัดขอนแก่น\r', NULL, NULL, NULL, NULL, NULL),
	(342, '70123', 'งบจังหวัดมหาสารคาม\r', NULL, NULL, NULL, NULL, NULL),
	(343, '70124', 'งบจังหวัดกาฬสินธู์\r', NULL, NULL, NULL, NULL, NULL),
	(344, '70130', 'กลุ่มจังหวัดภาค ตอ.เหนือตอนล่าง 2\r', NULL, NULL, NULL, NULL, NULL),
	(345, '70131', 'งบจังหวัดอำนาจเจริญ\r', NULL, NULL, NULL, NULL, NULL),
	(346, '70132', 'งบจังหวัดศรีสะเกษ\r', NULL, NULL, NULL, NULL, NULL),
	(347, '70133', 'งบจังหวัดยโสธร\r', NULL, NULL, NULL, NULL, NULL),
	(348, '70134', 'งบจังหวัดอุบลราชธานี\r', NULL, NULL, NULL, NULL, NULL),
	(349, '70140', 'กลุ่มจังหวัดภาค ตอ.เหนือตอนล่าง 1\r', NULL, NULL, NULL, NULL, NULL),
	(350, '70141', 'งบจังหวัดสุรินทร์\r', NULL, NULL, NULL, NULL, NULL),
	(351, '70142', 'งบจังหวัดนครราชสีมา\r', NULL, NULL, NULL, NULL, NULL),
	(352, '70143', 'งบจังหวัดบุรีรัมย์\r', NULL, NULL, NULL, NULL, NULL),
	(353, '70144', 'งบจังหวัดชัยภูมิ\r', NULL, NULL, NULL, NULL, NULL),
	(354, '70150', 'กลุ่มจังหวัดภาคเหนือตอนบน 1\r', NULL, NULL, NULL, NULL, NULL),
	(355, '70151', 'งบจังหวัดเชียงใหม่\r', NULL, NULL, NULL, NULL, NULL),
	(356, '70152', 'งบจังหวัดแม่ฮ่องสอน\r', NULL, NULL, NULL, NULL, NULL),
	(357, '70153', 'งบจังหวัดลำปาง\r', NULL, NULL, NULL, NULL, NULL),
	(358, '70154', 'งบจังหวัดลำพูน\r', NULL, NULL, NULL, NULL, NULL),
	(359, '70160', 'กลุ่มจังหวัดภาคเหนือตอนบน 2\r', NULL, NULL, NULL, NULL, NULL),
	(360, '70161', 'งบจังหวัดน่าน\r', NULL, NULL, NULL, NULL, NULL),
	(361, '70162', 'งบจังหวัดพะเยา\r', NULL, NULL, NULL, NULL, NULL),
	(362, '70163', 'งบจังหวัดเชียงราย\r', NULL, NULL, NULL, NULL, NULL),
	(363, '70164', 'งบจังหวัดแพร่\r', NULL, NULL, NULL, NULL, NULL),
	(364, '70170', 'กลุ่มจังหวัดภาคเหนือตอนล่าง 1\r', NULL, NULL, NULL, NULL, NULL),
	(365, '70171', 'งบจังหวัดตาก\r', NULL, NULL, NULL, NULL, NULL),
	(366, '70172', 'งบจังหวัดพิษณุโลก\r', NULL, NULL, NULL, NULL, NULL),
	(367, '70173', 'งบจังหวัดสุโขทัย\r', NULL, NULL, NULL, NULL, NULL),
	(368, '70174', 'งบจังหวัดเพชรบูรณ์\r', NULL, NULL, NULL, NULL, NULL),
	(369, '70175', 'งบจังหวัดอุตรดิตถ์\r', NULL, NULL, NULL, NULL, NULL),
	(370, '70180', 'กลุ่มจังหวัดภาคเหนือตอนล่าง 2\r', NULL, NULL, NULL, NULL, NULL),
	(371, '70181', 'งบจังหวัดกำแพงเพชร\r', NULL, NULL, NULL, NULL, NULL),
	(372, '70182', 'งบจังหวัดพิจิตร\r', NULL, NULL, NULL, NULL, NULL),
	(373, '70183', 'งบจังหวัดนครสวรรค์\r', NULL, NULL, NULL, NULL, NULL),
	(374, '70184', 'งบจังหวัดอุทัยธานี\r', NULL, NULL, NULL, NULL, NULL),
	(375, '70190', 'กลุ่มจังหวัดภาคกลางปริมณฑล\r', NULL, NULL, NULL, NULL, NULL),
	(376, '70200', 'กลุ่มจังหวัดภาคกลางตอนบน\r', NULL, NULL, NULL, NULL, NULL),
	(377, '70210', 'กลุ่มจังหวัดภาคกลางตอนล่าง 1\r', NULL, NULL, NULL, NULL, NULL),
	(378, '70220', 'กลุ่มจังหวัดภาคใต้ฝั่งอ่าวไทย\r', NULL, NULL, NULL, NULL, NULL),
	(379, '70230', 'กลุ่มจังหวัดภาคใต้ฝั่งอันดามัน\r', NULL, NULL, NULL, NULL, NULL),
	(380, '70240', 'กลุ่มจังหวัดภาคใต้ชายแดน\r', NULL, NULL, NULL, NULL, NULL),
	(381, '70250', 'กลุ่มจังหวัดภาคตะวันออก 1\r', NULL, NULL, NULL, NULL, NULL),
	(382, '70260', 'กลุ่มจังหวัดภาคตะวันออก 2\r', NULL, NULL, NULL, NULL, NULL),
	(383, '75002', 'กรุงเทพมหานคร\r', NULL, NULL, NULL, NULL, NULL),
	(384, '75003', 'เมืองพัทยา\r', NULL, NULL, NULL, NULL, NULL);
/*!40000 ALTER TABLE `1_offices` ENABLE KEYS */;

-- Dumping structure for table refund2.2_refunds
CREATE TABLE IF NOT EXISTS `2_refunds` (
  `id` int(10) unsigned NOT NULL AUTO_INCREMENT,
  `office_id` int(10) unsigned NOT NULL,
  `approve_code` varchar(191) COLLATE utf8mb4_unicode_ci NOT NULL,
  `create_date` date NOT NULL,
  `sent_date` date DEFAULT NULL,
  `consider_date` date DEFAULT NULL,
  `consider_by` varchar(50) COLLATE utf8mb4_unicode_ci DEFAULT NULL,
  `return_date` date DEFAULT NULL,
  `return_by` varchar(50) COLLATE utf8mb4_unicode_ci DEFAULT NULL,
  `return_description` text COLLATE utf8mb4_unicode_ci,
  `draft_date` date DEFAULT NULL,
  `draft_by` varchar(50) COLLATE utf8mb4_unicode_ci DEFAULT NULL,
  `draft_description` text COLLATE utf8mb4_unicode_ci,
  `director_date` date DEFAULT NULL,
  `director_by` varchar(50) COLLATE utf8mb4_unicode_ci DEFAULT NULL,
  `director_description` text COLLATE utf8mb4_unicode_ci,
  `discuss_date` date DEFAULT NULL,
  `discuss_by` varchar(50) COLLATE utf8mb4_unicode_ci DEFAULT NULL,
  `discuss_description` text COLLATE utf8mb4_unicode_ci,
  `complete_date` date DEFAULT NULL,
  `complete_by` varchar(50) COLLATE utf8mb4_unicode_ci DEFAULT NULL,
  `complete_description` text COLLATE utf8mb4_unicode_ci,
  `status` tinyint(4) DEFAULT NULL,
  `created_at` timestamp NULL DEFAULT NULL,
  `updated_at` timestamp NULL DEFAULT NULL,
  PRIMARY KEY (`id`),
  UNIQUE KEY `2_refunds_id_unique` (`id`),
  KEY `2_refunds_office_id_index` (`office_id`),
  CONSTRAINT `2_refunds_office_id_foreign` FOREIGN KEY (`office_id`) REFERENCES `1_offices` (`id`) ON DELETE CASCADE
) ENGINE=InnoDB AUTO_INCREMENT=19 DEFAULT CHARSET=utf8mb4 COLLATE=utf8mb4_unicode_ci;

-- Dumping data for table refund2.2_refunds: ~0 rows (approximately)
/*!40000 ALTER TABLE `2_refunds` DISABLE KEYS */;
/*!40000 ALTER TABLE `2_refunds` ENABLE KEYS */;

-- Dumping structure for table refund2.3_contracts
CREATE TABLE IF NOT EXISTS `3_contracts` (
  `id` int(10) unsigned NOT NULL AUTO_INCREMENT,
  `refund_id` int(10) unsigned NOT NULL,
  `contract_party` varchar(191) COLLATE utf8mb4_unicode_ci NOT NULL,
  `contract_no` varchar(191) COLLATE utf8mb4_unicode_ci NOT NULL,
  `contract_date` date DEFAULT NULL,
  `budget` decimal(15,2) DEFAULT NULL,
  `penalty_type` tinyint(4) DEFAULT '1',
  `penalty_per_day` decimal(10,2) DEFAULT NULL,
  `penalty_per_day_percent` decimal(3,2) DEFAULT NULL,
  `contract_start` date DEFAULT NULL,
  `contract_end` date DEFAULT NULL,
  `created_at` timestamp NULL DEFAULT NULL,
  `updated_at` timestamp NULL DEFAULT NULL,
  PRIMARY KEY (`id`),
  KEY `3_contracts_refund_id_index` (`refund_id`),
  CONSTRAINT `3_contracts_refund_id_foreign` FOREIGN KEY (`refund_id`) REFERENCES `2_refunds` (`id`) ON DELETE CASCADE
) ENGINE=InnoDB AUTO_INCREMENT=50 DEFAULT CHARSET=utf8mb4 COLLATE=utf8mb4_unicode_ci;

-- Dumping data for table refund2.3_contracts: ~0 rows (approximately)
/*!40000 ALTER TABLE `3_contracts` DISABLE KEYS */;
/*!40000 ALTER TABLE `3_contracts` ENABLE KEYS */;

-- Dumping structure for table refund2.4_contract_budget_edits
CREATE TABLE IF NOT EXISTS `4_contract_budget_edits` (
  `id` int(10) unsigned NOT NULL AUTO_INCREMENT,
  `refund_id` int(10) unsigned NOT NULL,
  `budget_new` decimal(15,2) NOT NULL,
  `penalty_new` decimal(10,2) NOT NULL,
  `contract_edit_date` date NOT NULL,
  `created_at` timestamp NULL DEFAULT NULL,
  `updated_at` timestamp NULL DEFAULT NULL,
  PRIMARY KEY (`id`),
  KEY `4_contract_budget_edits_refund_id_index` (`refund_id`),
  CONSTRAINT `4_contract_budget_edits_refund_id_foreign` FOREIGN KEY (`refund_id`) REFERENCES `2_refunds` (`id`) ON DELETE CASCADE
) ENGINE=InnoDB DEFAULT CHARSET=utf8mb4 COLLATE=utf8mb4_unicode_ci;

-- Dumping data for table refund2.4_contract_budget_edits: ~0 rows (approximately)
/*!40000 ALTER TABLE `4_contract_budget_edits` DISABLE KEYS */;
/*!40000 ALTER TABLE `4_contract_budget_edits` ENABLE KEYS */;

-- Dumping structure for table refund2.5_contract_time_edits
CREATE TABLE IF NOT EXISTS `5_contract_time_edits` (
  `id` int(10) unsigned NOT NULL AUTO_INCREMENT,
  `refund_id` int(10) unsigned NOT NULL,
  `approve_date` date NOT NULL,
  `edit_type` varchar(191) COLLATE utf8mb4_unicode_ci NOT NULL,
  `edit_detail` varchar(191) COLLATE utf8mb4_unicode_ci DEFAULT NULL,
  `edit_days` int(11) DEFAULT NULL,
  `edit_start_date` date DEFAULT NULL,
  `edit_end_date` date DEFAULT NULL,
  `edit_budget` decimal(15,2) DEFAULT NULL,
  `approve_type` varchar(191) COLLATE utf8mb4_unicode_ci NOT NULL,
  `approve_other_desc` varchar(200) COLLATE utf8mb4_unicode_ci DEFAULT NULL,
  `approve_other_type` tinyint(4) DEFAULT NULL,
  `approve_case` varchar(191) COLLATE utf8mb4_unicode_ci DEFAULT NULL,
  `problem_end_date` date DEFAULT NULL,
  `book_date` date DEFAULT NULL,
  `created_at` timestamp NULL DEFAULT NULL,
  `updated_at` timestamp NULL DEFAULT NULL,
  PRIMARY KEY (`id`),
  KEY `5_contract_time_edits_refund_id_index` (`refund_id`),
  CONSTRAINT `5_contract_time_edits_refund_id_foreign` FOREIGN KEY (`refund_id`) REFERENCES `2_refunds` (`id`) ON DELETE CASCADE
) ENGINE=InnoDB AUTO_INCREMENT=6 DEFAULT CHARSET=utf8mb4 COLLATE=utf8mb4_unicode_ci;

-- Dumping data for table refund2.5_contract_time_edits: ~0 rows (approximately)
/*!40000 ALTER TABLE `5_contract_time_edits` DISABLE KEYS */;
/*!40000 ALTER TABLE `5_contract_time_edits` ENABLE KEYS */;

-- Dumping structure for table refund2.6_delivers
CREATE TABLE IF NOT EXISTS `6_delivers` (
  `id` int(10) unsigned NOT NULL AUTO_INCREMENT,
  `refund_id` int(10) unsigned NOT NULL,
  `delivery` varchar(150) COLLATE utf8mb4_unicode_ci NOT NULL,
  `detail` text COLLATE utf8mb4_unicode_ci,
  `delivery_date` date DEFAULT NULL,
  `overdue_start_date` date DEFAULT NULL,
  `overdue_end_date` date DEFAULT NULL,
  `overdue_days` int(11) DEFAULT NULL,
  `penalty` double(15,2) DEFAULT NULL,
  `created_at` timestamp NULL DEFAULT NULL,
  `updated_at` timestamp NULL DEFAULT NULL,
  PRIMARY KEY (`id`),
  KEY `6_delivers_refund_id_index` (`refund_id`),
  CONSTRAINT `6_delivers_refund_id_foreign` FOREIGN KEY (`refund_id`) REFERENCES `2_refunds` (`id`) ON DELETE CASCADE
) ENGINE=InnoDB AUTO_INCREMENT=82 DEFAULT CHARSET=utf8mb4 COLLATE=utf8mb4_unicode_ci;

-- Dumping data for table refund2.6_delivers: ~0 rows (approximately)
/*!40000 ALTER TABLE `6_delivers` DISABLE KEYS */;
/*!40000 ALTER TABLE `6_delivers` ENABLE KEYS */;

-- Dumping structure for table refund2.7_deposit_penalties
CREATE TABLE IF NOT EXISTS `7_deposit_penalties` (
  `id` int(10) unsigned NOT NULL AUTO_INCREMENT,
  `refund_id` int(10) unsigned NOT NULL,
  `deposit_no` varchar(191) COLLATE utf8mb4_unicode_ci NOT NULL,
  `deposit_date` date NOT NULL,
  `amount` double NOT NULL,
  `amount_in_contract` double DEFAULT NULL,
  `description` varchar(191) COLLATE utf8mb4_unicode_ci DEFAULT NULL,
  `created_at` timestamp NULL DEFAULT NULL,
  `updated_at` timestamp NULL DEFAULT NULL,
  PRIMARY KEY (`id`),
  KEY `7_deposit_penalties_refund_id_index` (`refund_id`),
  CONSTRAINT `7_deposit_penalties_refund_id_foreign` FOREIGN KEY (`refund_id`) REFERENCES `2_refunds` (`id`) ON DELETE CASCADE
) ENGINE=InnoDB AUTO_INCREMENT=67 DEFAULT CHARSET=utf8mb4 COLLATE=utf8mb4_unicode_ci;

-- Dumping data for table refund2.7_deposit_penalties: ~0 rows (approximately)
/*!40000 ALTER TABLE `7_deposit_penalties` DISABLE KEYS */;
/*!40000 ALTER TABLE `7_deposit_penalties` ENABLE KEYS */;

-- Dumping structure for table refund2.8_approve_refunds
CREATE TABLE IF NOT EXISTS `8_approve_refunds` (
  `id` int(10) unsigned NOT NULL AUTO_INCREMENT,
  `refund_id` int(10) unsigned NOT NULL,
  `receive_date` date DEFAULT NULL,
  `refund_days` int(11) NOT NULL,
  `refund_money` double(15,2) DEFAULT NULL,
  `refund_amount` double(15,2) NOT NULL,
  `approve_amount` double(15,2) NOT NULL,
  `created_at` timestamp NULL DEFAULT NULL,
  `updated_at` timestamp NULL DEFAULT NULL,
  PRIMARY KEY (`id`),
  UNIQUE KEY `8_approve_refunds_refund_id_unique` (`refund_id`),
  CONSTRAINT `8_approve_refunds_refund_id_foreign` FOREIGN KEY (`refund_id`) REFERENCES `2_refunds` (`id`) ON DELETE CASCADE
) ENGINE=InnoDB AUTO_INCREMENT=33 DEFAULT CHARSET=utf8mb4 COLLATE=utf8mb4_unicode_ci;

-- Dumping data for table refund2.8_approve_refunds: ~0 rows (approximately)
/*!40000 ALTER TABLE `8_approve_refunds` DISABLE KEYS */;
/*!40000 ALTER TABLE `8_approve_refunds` ENABLE KEYS */;

-- Dumping structure for table refund2.9_forms
CREATE TABLE IF NOT EXISTS `9_forms` (
  `id` int(10) unsigned NOT NULL AUTO_INCREMENT,
  `name1` varchar(191) COLLATE utf8mb4_unicode_ci NOT NULL,
  `name2` varchar(191) COLLATE utf8mb4_unicode_ci NOT NULL,
  `name3` varchar(191) COLLATE utf8mb4_unicode_ci NOT NULL,
  `type` tinyint(4) DEFAULT NULL,
  `minutes_date` date DEFAULT NULL,
  `book_no` varchar(191) COLLATE utf8mb4_unicode_ci DEFAULT NULL,
  `book_date` date DEFAULT NULL,
  `order` tinyint(4) NOT NULL,
  `create_by` varchar(191) COLLATE utf8mb4_unicode_ci NOT NULL,
  `status` tinyint(4) NOT NULL,
  `created_at` timestamp NULL DEFAULT NULL,
  `updated_at` timestamp NULL DEFAULT NULL,
  PRIMARY KEY (`id`)
) ENGINE=InnoDB AUTO_INCREMENT=40 DEFAULT CHARSET=utf8mb4 COLLATE=utf8mb4_unicode_ci;

-- Dumping data for table refund2.9_forms: ~6 rows (approximately)
/*!40000 ALTER TABLE `9_forms` DISABLE KEYS */;
INSERT INTO `9_forms` (`id`, `name1`, `name2`, `name3`, `type`, `minutes_date`, `book_no`, `book_date`, `order`, `create_by`, `status`, `created_at`, `updated_at`) VALUES
	(31, 'แบบการถอนคืนเงินรายได้แผ่นดิน ตามมติคณะรัฐมนตรีเมื่อวันที่ 8 สิงหาคม 2560', 'แจ้งตามหนังสือสำนักเลขาธิการคณะรัฐมนตรี ด่วนที่สุด ที่ นร 0505/ว 399 ลงวันที่ 10 สิงหาคม 2560', 'แบบถอนคืนตาม ว 399 ทางตรง', 1, NULL, NULL, NULL, 1, 'Songwut', 1, '2020-01-06 04:24:04', '2020-03-12 07:06:15'),
	(32, 'แบบการถอนคืนเงินรายได้แผ่นดิน ตามมติคณะรัฐมนตรีเมื่อวันที่ 6 กันยายน 2559', 'แจ้งตามหนังสือสำนักเลขาธิการคณะรัฐมนตรี', 'แบบถอนคืนตาม ว 272 กรณี 3', 1, '2016-09-06', 'ด่วนที่สุด ที่ นร 0505/ว 272', '2016-09-07', 2, 'Songwut', 1, '2020-01-06 07:33:01', '2020-06-15 04:13:14'),
	(33, 'แบบการถอนคืนเงินรายได้แผ่นดิน ตามมติคณะรัฐมนตรีเมื่อวันที่ 24 เมษายน 2562', 'แจ้งตามหนังสือสำนักเลขาธิการคณะรัฐมนตรี ด่วนที่สุด ที่ นร 0505/ว 165 ลงวันที่ 26 เมษายน 2562', 'แบบถอนคืนตาม ว 165', 1, NULL, NULL, NULL, 3, 'Songwut', 1, '2020-01-08 03:11:53', '2020-01-08 03:11:53'),
	(34, 'แบบการถอนคืนเงินรายได้แผ่นดิน ตาม พรบ.การจัดซื้อจัดจ้างและบริหารพัสดุภาครัฐ พ.ศ. 2560', 'หรือระเบียบ ข้อบังคับ ข้อบัญญัติ ว่าด้วยการพัสดุของหน่วยงานนั้น ๆ', 'แบบถอนคืนตาม พรบ. และระเบียบพัสดุ', 2, NULL, NULL, NULL, 4, 'Songwut', 1, '2020-03-03 07:03:48', '2020-03-03 07:18:48'),
	(35, 'ฟอร์ม หมายเลข 5', 'ฟอร์ม หมายเลข 5', 'ฟอร์ม หมายเลข 5', 3, NULL, NULL, NULL, 5, 'Songwut', 1, '2020-04-15 09:52:47', '2020-04-15 09:52:47'),
	(36, 'แบบการถอนคืนเงินรายได้แผ่นดิน ตามมติคณะรัฐมนตรีเมื่อวันที่ 8 สิงหาคม 2560', 'แจ้งตามหนังสือสำนักเลขาธิการคณะรัฐมนตรี ด่วนที่สุด ที่ นร 0505/ว 399 ลงวันที่ 10 สิงหาคม 2560', 'แบบถอนคืนตาม ว 399/1', 1, NULL, NULL, NULL, 6, 'Songwut', 1, '2020-05-05 13:01:20', '2020-05-05 13:01:20'),
	(39, 'แบบการถอนคืนเงินรายได้แผ่นดิน ตามมติคณะรัฐมนตรี', 'แจ้งตามหนังสือสำนักเลขาธิการคณะรัฐมนตรี', 'แบบถอนคืนตาม', 1, '2020-06-15', 'ด่วนที่สุด ที่ นร 0505/', '2020-06-16', 7, 'admin', 1, '2020-06-15 03:53:10', '2020-06-15 03:53:10');
/*!40000 ALTER TABLE `9_forms` ENABLE KEYS */;

-- Dumping structure for table refund2.gfmis
CREATE TABLE IF NOT EXISTS `gfmis` (
  `id` int(11) NOT NULL AUTO_INCREMENT,
  `office_id` varchar(5) DEFAULT NULL,
  `name` varchar(200) DEFAULT NULL,
  PRIMARY KEY (`id`)
) ENGINE=InnoDB AUTO_INCREMENT=385 DEFAULT CHARSET=utf8;

-- Dumping data for table refund2.gfmis: ~384 rows (approximately)
/*!40000 ALTER TABLE `gfmis` DISABLE KEYS */;
INSERT INTO `gfmis` (`id`, `office_id`, `name`) VALUES
	(1, '01001', 'สำนักงานปลัดสำนักนายกรัฐมนตรี\r'),
	(2, '01002', 'กรมประชาสัมพันธ์\r'),
	(3, '01003', 'สำนักงานคณะกรรมการคุ้มครองผู้บริโภค\r'),
	(4, '01004', 'สำนักเลขาธิการนายกรัฐมนตรี\r'),
	(5, '01005', 'สำนักเลขาธิการคณะรัฐมนตรี\r'),
	(6, '01006', 'สำนักข่าวกรองแห่งชาติ\r'),
	(7, '01007', 'สำนักงบประมาณ\r'),
	(8, '01008', 'สำนักงานสภาความมั่นคงแห่งชาติ\r'),
	(9, '01009', 'สำนักงานคณะกรรมการกฤษฎีกา\r'),
	(10, '01011', 'สำนักงานคณะกรรมการข้าราชการพลเรือน\r'),
	(11, '01012', 'สำนักงานสภาพัฒนาการเศรษฐกิจเเละสังคมเเห่งชาติ\r'),
	(12, '01019', 'กองอำนวยการรักษาความมั่นคงภายใน(กอ.รมน.)\r'),
	(13, '01021', 'สำนักงานคณะกรรมการพัฒนาระบบราชการ\r'),
	(14, '01032', 'สำนักงานคณะกรรมการส่งเสริมการลงทุน\r'),
	(15, '01035', 'สำนักงานทรัพยากรน้ำแห่งชาติ\r'),
	(16, '01038', 'ศูนย์อำนวยการรักษาผลประโยชน์ของชาติทางทะเล\r'),
	(17, '01041', 'สำนักงานขับเคลื่อนการปฏิรูปประเทศ ยุทธศาสตร์ชาติ เเละการสร้างความสามัคคีปรองดอง\r'),
	(18, '02001', 'สำนักงานปลัดกระทรวงกลาโหม\r'),
	(19, '02004', 'กองทัพบก\r'),
	(20, '02005', 'กองทัพเรือ\r'),
	(21, '02006', 'กองทัพอากาศ\r'),
	(22, '02008', 'กองบัญชาการกองทัพไทย\r'),
	(23, '03002', 'สำนักงานปลัดกระทรวงการคลัง\r'),
	(24, '03003', 'กรมธนารักษ์\r'),
	(25, '03004', 'กรมบัญชีกลาง\r'),
	(26, '03005', 'กรมศุลกากร\r'),
	(27, '03006', 'กรมสรรพสามิต\r'),
	(28, '03007', 'กรมสรรพากร\r'),
	(29, '03008', 'สำนักงานคณะกรรมการนโยบายรัฐวิสาหกิจ\r'),
	(30, '03009', 'สำนักงานบริหารหนี้สาธารณะ\r'),
	(31, '03011', 'สำนักงานเศรษฐกิจการคลัง\r'),
	(32, '04002', 'สำนักงานปลัดกระทรวงการต่างประเทศ\r'),
	(33, '05002', 'สำนักงานปลัดกระทรวงการท่องเที่ยวและกีฬา\r'),
	(34, '05003', 'กรมพลศึกษา\r'),
	(35, '05004', 'กรมการท่องเที่ยว\r'),
	(36, '05006', 'มหาวิทยาลัยการกีฬาเเห่งชาติ\r'),
	(37, '06002', 'สำนักงานปลัดกระทรวงการพัฒนาสังคม และความมั่นคงของมนุษย์\r'),
	(38, '06003', 'กรมพัฒนาสังคมและสวัสดิการ\r'),
	(39, '06004', 'กรมกิจการสตรีและสถาบันครอบครัว\r'),
	(40, '06005', 'กรมกิจการเด็กและเยาวชน\r'),
	(41, '06007', 'กรมส่งเสริมและพัฒนาคุณภาพชีวิตคนพิการ\r'),
	(42, '06008', 'กรมกิจการผู้สูงอายุ\r'),
	(43, '07002', 'สำนักงานปลัดกระทรวงเกษตรและสหกรณ์\r'),
	(44, '07003', 'กรมชลประทาน\r'),
	(45, '07004', 'กรมตรวจบัญชีสหกรณ์\r'),
	(46, '07005', 'กรมประมง\r'),
	(47, '07006', 'กรมปศุสัตว์\r'),
	(48, '07008', 'กรมพัฒนาที่ดิน\r'),
	(49, '07009', 'กรมวิชาการเกษตร\r'),
	(50, '07011', 'กรมส่งเสริมการเกษตร\r'),
	(51, '07012', 'กรมส่งเสริมสหกรณ์\r'),
	(52, '07013', 'สำนักงานการปฏิรูปที่ดินเพื่อเกษตรกรรม\r'),
	(53, '07014', 'สำนักงานมาตรฐานสินค้าเกษตรและอาหารแห่งชาติ\r'),
	(54, '07015', 'สำนักงานเศรษฐกิจการเกษตร\r'),
	(55, '07018', 'กรมการข้าว\r'),
	(56, '07020', 'กรมหม่อนไหม\r'),
	(57, '07021', 'กรมฝนหลวงและการบินเกษตร\r'),
	(58, '08002', 'สำนักงานปลัดกระทรวงคมนาคม\r'),
	(59, '08003', 'กรมเจ้าท่า\r'),
	(60, '08004', 'กรมการขนส่งทางบก\r'),
	(61, '08006', 'กรมทางหลวง\r'),
	(62, '08007', 'กรมทางหลวงชนบท\r'),
	(63, '08008', 'สำนักงานนโยบายและแผนการขนส่งและจราจร\r'),
	(64, '08009', 'กรมท่าอากาศยาน\r'),
	(65, '08011', 'สำนักงานการบินพลเรือน\r'),
	(66, '08012', 'กรมการขนส่งทางราง\r'),
	(67, '09002', 'สำนักงานปลัดกระทรวงทรัพยากรธรรมชาติและสิ่งแวดล้อม\r'),
	(68, '09003', 'กรมควบคุมมลพิษ\r'),
	(69, '09004', 'กรมทรัพยากรทางทะเลและชายฝั่ง\r'),
	(70, '09005', 'กรมทรัพยากรธรณี\r'),
	(71, '09006', 'กรมทรัพยากรน้ำ\r'),
	(72, '09007', 'กรมทรัพยากรน้ำบาดาล\r'),
	(73, '09008', 'กรมส่งเสริมคุณภาพสิ่งแวดล้อม\r'),
	(74, '09009', 'กรมอุทยานแห่งชาติ สัตว์ป่า และพันธุ์พืช\r'),
	(75, '09011', 'สำนักงานนโยบายและแผนทรัพยากรธรรมชาติและสิ่งแวดล้อม\r'),
	(76, '09012', 'กรมป่าไม้\r'),
	(77, '11002', 'สำนักงานปลัดกระทรวงดิจิทัลเพื่อเศรษฐกิจและสังคม\r'),
	(78, '11004', 'กรมอุตุนิยมวิทยา\r'),
	(79, '11005', 'สำนักงานสถิติแห่งชาติ\r'),
	(80, '11009', 'สำนักงานคณะกรรมการดิจิทัลเพื่อเศรษฐกิจและสังคมแห่งชาติ\r'),
	(81, '12002', 'สำนักงานปลัดกระทรวงพลังงาน\r'),
	(82, '12003', 'กรมเชื้อเพลิงธรรมชาติ\r'),
	(83, '12004', 'กรมธุรกิจพลังงาน\r'),
	(84, '12005', 'กรมพัฒนาพลังงานทดแทนและอนุรักษ์พลังงาน\r'),
	(85, '12006', 'สำนักงานนโยบายและแผนพลังงาน\r'),
	(86, '13002', 'สำนักงานปลัดกระทรวงพาณิชย์\r'),
	(87, '13003', 'กรมการค้าต่างประเทศ\r'),
	(88, '13004', 'กรมการค้าภายใน\r'),
	(89, '13006', 'กรมเจรจาการค้าระหว่างประเทศ\r'),
	(90, '13007', 'กรมทรัพย์สินทางปัญญา\r'),
	(91, '13008', 'กรมพัฒนาธุรกิจการค้า\r'),
	(92, '13009', 'กรมส่งเสริมการค้าระหว่างประเทศ\r'),
	(93, '13013', 'สำนักงานนโยบายและยุทธศาสตร์การค้า\r'),
	(94, '15002', 'สำนักงานปลัดกระทรวงมหาดไทย\r'),
	(95, '15003', 'กรมการปกครอง\r'),
	(96, '15004', 'กรมการพัฒนาชุมชน\r'),
	(97, '15005', 'กรมที่ดิน\r'),
	(98, '15006', 'กรมป้องกันและบรรเทาสาธารณภัย\r'),
	(99, '15007', 'กรมโยธาธิการและผังเมือง\r'),
	(100, '15008', 'กรมส่งเสริมการปกครองส่วนท้องถิ่น\r'),
	(101, '16002', 'สำนักงานปลัดกระทรวงยุติธรรม \r'),
	(102, '16003', 'กรมคุมประพฤติ\r'),
	(103, '16004', 'กรมคุ้มครองสิทธิและเสรีภาพ\r'),
	(104, '16005', 'กรมบังคับคดี\r'),
	(105, '16006', 'กรมพินิจและคุ้มครองเด็กและเยาวชน\r'),
	(106, '16007', 'กรมราชทัณฑ์\r'),
	(107, '16008', 'กรมสอบสวนคดีพิเศษ\r'),
	(108, '16009', 'สำนักงานกิจการยุติธรรม\r'),
	(109, '16010', 'สถาบันนิติวิทยาศาสตร์\r'),
	(110, '16011', 'สำนักงานคณะกรรมการป้องกันและปราบปรามยาเสพติด\r'),
	(111, '17002', 'สำนักงานปลัดกระทรวงแรงงาน\r'),
	(112, '17003', 'กรมการจัดหางาน\r'),
	(113, '17004', 'กรมพัฒนาฝีมือแรงงาน\r'),
	(114, '17005', 'กรมสวัสดิการและคุ้มครองแรงงาน\r'),
	(115, '17006', 'สำนักงานประกันสังคม\r'),
	(116, '18002', 'สำนักงานปลัดกระทรวงวัฒนธรรม\r'),
	(117, '18003', 'กรมการศาสนา\r'),
	(118, '18004', 'กรมศิลปากร\r'),
	(119, '18005', 'กรมส่งเสริมวัฒนธรรม\r'),
	(120, '18006', 'สำนักงานศิลปวัฒนธรรมร่วมสมัย\r'),
	(121, '18008', 'สถาบันบัณฑิตพัฒนศิลป์\r'),
	(122, '20002', 'สำนักงานปลัดกระทรวงศึกษาธิการ\r'),
	(123, '20003', 'สำนักงานเลขาธิการสภาการศึกษา\r'),
	(124, '20004', 'สำนักงานคณะกรรมการการศึกษาขั้นพื้นฐาน \r'),
	(125, '20006', 'สำนักงานคณะกรรมการการอาชีวศึกษา\r'),
	(126, '21002', 'สำนักงานปลัดกระทรวงสาธารณสุข\r'),
	(127, '21003', 'กรมการแพทย์\r'),
	(128, '21004', 'กรมควบคุมโรค\r'),
	(129, '21005', 'กรมการเเพทย์เเผนไทยเเละการเเพทย์ทางเลือก\r'),
	(130, '21006', 'กรมวิทยาศาสตร์การแพทย์\r'),
	(131, '21007', 'กรมสนับสนุนบริการสุขภาพ\r'),
	(132, '21008', 'กรมสุขภาพจิต\r'),
	(133, '21009', 'กรมอนามัย\r'),
	(134, '21010', 'สำนักงานคณะกรรมการอาหารและยา\r'),
	(135, '21017', 'สถาบันพระบรมราชชนก\r'),
	(136, '22002', 'สำนักงานปลัดกระทรวงอุตสาหกรรม\r'),
	(137, '22003', 'กรมโรงงานอุตสาหกรรม\r'),
	(138, '22004', 'กรมส่งเสริมอุตสาหกรรม\r'),
	(139, '22005', 'กรมอุตสาหกรรมพื้นฐานและการเหมืองแร่\r'),
	(140, '22006', 'สำนักงานคณะกรรมการอ้อยและน้ำตาลทราย\r'),
	(141, '22007', 'สำนักงานมาตรฐานผลิตภัณฑ์อุตสาหกรรม\r'),
	(142, '22008', 'สำนักงานเศรษฐกิจอุตสาหกรรม\r'),
	(143, '23002', 'สำนักงานปลัดกระทรวงการอุดมศึกษา วิทยาศาสตร์ วิจัยและนวัตกรรม\r'),
	(144, '23003', 'กรมวิทยาศาสตร์บริการ\r'),
	(145, '23004', 'สำนักงานคณะกรรมการวิจัยแห่งชาติ\r'),
	(146, '23005', 'สำนักงานปรมาณูเพื่อสันติ\r'),
	(147, '23006', 'มหาวิทยาลัยรามคำแหง\r'),
	(148, '23007', 'มหาวิทยาลัยสุโขทัยธรรมาธิราช\r'),
	(149, '23008', 'มหาวิทยาลัยนเรศวร\r'),
	(150, '23009', 'มหาวิทยาลัยอุบลราชธานี\r'),
	(151, '23010', 'มหาวิทยาลัยมหาสารคาม\r'),
	(152, '23011', 'มหาวิทยาลัยกาฬสินธุ์\r'),
	(153, '23012', 'สถาบันเทคโนโลยีปทุมวัน\r'),
	(154, '23013', 'มหาวิทยาลัยนราธิวาสราชนครินทร์\r'),
	(155, '23014', 'มหาวิทยาลัยนครพนม\r'),
	(156, '23015', 'สถาบันวิทยาลัยชุมชน\r'),
	(157, '23016', 'ม.ราชภัฏเชียงราย\r'),
	(158, '23017', 'ม.ราชภัฏเชียงใหม่\r'),
	(159, '23018', 'ม.ราชภัฏลำปาง\r'),
	(160, '23019', 'มหาวิทยาลัยราชภัฏอุตรดิตถ์\r'),
	(161, '23020', 'ม.ราชภัฏกำแพงเพชร\r'),
	(162, '23021', 'ม.ราชภัฏนครสวรรค์\r'),
	(163, '23022', 'ม.ราชภัฏพิบูลสงคราม\r'),
	(164, '23023', 'มหาวิทยาลัยราชภัฏเพชรบูรณ์\r'),
	(165, '23024', 'ม.ราชภัฏมหาสารคาม\r'),
	(166, '23025', 'ม.ราชภัฏเลย\r'),
	(167, '23026', 'ม.ราชภัฏสกลนคร\r'),
	(168, '23027', 'ม.ราชภัฏอุดรธานี\r'),
	(169, '23028', 'ม.ราชภัฏนครราชสีมา\r'),
	(170, '23029', 'ม.ราชภัฏบุรีรัมย์\r'),
	(171, '23030', 'ม.ราชภัฏสุรินทร์\r'),
	(172, '23031', 'ม.ราชภัฏอุบลราชธานี\r'),
	(173, '23032', 'มหาวิทยาลัยราชภัฏราชนครินทร์\r'),
	(174, '23033', 'ม.ราชภัฏเทพสตรี\r'),
	(175, '23034', 'มหาวิทยาลัยราชภัฏพระนครศรีอยุธยา\r'),
	(176, '23035', 'ม.ราชภัฏวไลยอลงกรณ์\r'),
	(177, '23036', 'ม.ราชภัฏรำไพพรรณี\r'),
	(178, '23037', 'ม.ราชภัฏกาญจนบุรี\r'),
	(179, '23038', 'ม.ราชภัฏนครปฐม\r'),
	(180, '23039', 'ม.ราชภัฏเพชรบุรี\r'),
	(181, '23040', 'มหาวิทยาลัยราชภัฏหมู่บ้านจอมบึง\r'),
	(182, '23041', 'มหาวิทยาลัยราชภัฏนครศรีธรรมราช\r'),
	(183, '23042', 'ม.ราชภัฏภูเก็ต\r'),
	(184, '23043', 'ม.ราชภัฏยะลา\r'),
	(185, '23044', 'ม.ราชภัฏสงขลา\r'),
	(186, '23045', 'ม.ราชภัฏสุราษฎร์ธานี\r'),
	(187, '23046', 'ม.ราชภัฏจันทรเกษม\r'),
	(188, '23047', 'ม.ราชภัฏธนบุรี\r'),
	(189, '23048', 'มหาวิทยาลัยราชภัฏบ้านสมเด็จเจ้าพระยา\r'),
	(190, '23049', 'ม.ราชภัฏพระนคร\r'),
	(191, '23050', 'ม.ราชภัฏสวนสุนันทา\r'),
	(192, '23051', 'ม.ราชภัฏชัยภูมิ\r'),
	(193, '23052', 'ม.ราชภัฏร้อยเอ็ด\r'),
	(194, '23053', 'ม.ราชภัฏศรีสะเกษ\r'),
	(195, '23054', 'มหาวิทยาลัยเทคโนโลยีราชมงคลธัญบุรี\r'),
	(196, '23055', 'มหาวิทยาลัยเทคโนโลยีราชมงคลกรุงเทพ\r'),
	(197, '23056', 'มหาวิทยาลัยเทคโนโลยีราชมงคลตะวันออก\r'),
	(198, '23057', 'มหาวิทยาลัยเทคโนโลยีราชมงคลพระนคร\r'),
	(199, '23058', 'มหาวิทยาลัยเทคโนโลยีราชมงคลรัตนโกสินทร์\r'),
	(200, '23059', 'มหาวิทยาลัยเทคโนโลยีราชมงคลล้านนา\r'),
	(201, '23060', 'มหาวิทยาลัยเทคโนโลยีราชมงคลศรีวิชัย\r'),
	(202, '23061', 'มหาวิทยาลัยเทคโนโลยีราชมงคลสุวรรณภูมิ\r'),
	(203, '23062', 'มหาวิทยาลัยเทคโนโลยีราชมงคลอีสาน \r'),
	(204, '25003', 'สำนักงานพระพุทธศาสนาแห่งชาติ\r'),
	(205, '25004', 'สำนักงานคณะกรรมการพิเศษเพื่อประสานงานโครงการอันเนื่องมาจากพระราชดำริ\r'),
	(206, '25006', 'สำนักงานราชบัณฑิตยสภา\r'),
	(207, '25007', 'สำนักงานตำรวจแห่งชาติ\r'),
	(208, '25008', 'สำนักงานป้องกันและปราบปรามการฟอกเงิน\r'),
	(209, '25016', 'ศูนย์อำนวยการบริหารจังหวัดชายแดนภาคใต้\r'),
	(210, '25017', 'สำนักงานคณะกรรมการป้องกันและปราบปรามการทุจริตในภาครัฐ\r'),
	(211, '27001', 'สำนักงานเลขาธิการวุฒิสภา\r'),
	(212, '27002', 'สำนักงานเลขาธิการสภาผู้แทนราษฎร\r'),
	(213, '27003', 'สถาบันพระปกเกล้า\r'),
	(214, '28001', 'สำนักงานศาลรัฐธรรมนูญ\r'),
	(215, '28002', 'สำนักงานศาลยุติธรรม\r'),
	(216, '28003', 'สำนักงานศาลปกครอง\r'),
	(217, '29001', 'สำนักงานคณะกรรมการการเลือกตั้ง\r'),
	(218, '29002', 'สำนักงานผู้ตรวจการแผ่นดิน\r'),
	(219, '29003', 'สำนักงานคณะกรรมการป้องกันและปราบปรามการทุจริตแห่งชาติ\r'),
	(220, '29004', 'สำนักงานการตรวจเงินแผ่นดิน\r'),
	(221, '29005', 'สำนักงานคณะกรรมการสิทธิมนุษยชนแห่งชาติ\r'),
	(222, '29006', 'สำนักงานอัยการสูงสุด\r'),
	(223, '29009', 'สำนักงานคณะกรรมการกิจการกระจายเสียง กิจการโทรทัศน์และกิจการโทรคมนาคมแห่งชาติ\r'),
	(224, '50101', 'องค์การตลาดเพื่อเกษตรกร\r'),
	(225, '50102', 'องค์การสวนยาง\r'),
	(226, '50103', 'องค์การสะพานปลา\r'),
	(227, '50104', 'องค์การส่งเสริมกิจการโคนม\r'),
	(228, '50105', 'องค์การอุตสาหกรรมป่าไม้\r'),
	(229, '50110', 'การยางแห่งประเทศไทย\r'),
	(230, '50201', 'การนิคมอุตสาหกรรมแห่งประเทศไทย\r'),
	(231, '50204', 'องค์การเภสัชกรรม\r'),
	(232, '50205', 'องค์การสุรา\r'),
	(233, '50206', 'โรงงานไพ่\r'),
	(234, '50207', 'การยาสูบแห่งประเทศไทย\r'),
	(235, '50208', 'โรงพิมพ์ตำรวจ\r'),
	(236, '50301', 'การทางพิเศษแห่งประเทศไทย\r'),
	(237, '50302', 'องค์การขนส่งมวลชนกรุงเทพ\r'),
	(238, '50304', 'การท่าเรือแห่งประเทศไทย\r'),
	(239, '50306', 'บมจ. ท่าอากาศยานไทย\r'),
	(240, '50307', 'บมจ. การบินไทย\r'),
	(241, '50309', 'บริษัท ท่าอากาศยานสากลกรุงเทพแห่งใหม่ จำกัด\r'),
	(242, '50310', 'บริษัท วิทยุการบินแห่งประเทศไทย จำกัด\r'),
	(243, '50311', 'สถาบันการบินพลเรือน\r'),
	(244, '50312', 'การรถไฟแห่งประเทศไทย\r'),
	(245, '50313', 'การรถไฟฟ้าขนส่งมวลชนแห่งประเทศไทย\r'),
	(246, '50314', 'บริษัท ขนส่ง จำกัด\r'),
	(247, '50315', 'บริษัท อู่กรุงเทพ จำกัด\r'),
	(248, '50316', 'บริษัท กสท โทรคมนาคม จำกัด (มหาชน)\r'),
	(249, '50317', 'บริษัท ทีโอที จำกัด (มหาชน)\r'),
	(250, '50318', 'บริษัท อสมท จำกัด (มหาชน)\r'),
	(251, '50319', 'บริษัท ไปรษณีย์ไทย จำกัด\r'),
	(252, '50401', 'องค์การตลาด\r'),
	(253, '50402', 'องค์การคลังสินค้า\r'),
	(254, '50403', 'สำนักงานสลากกินแบ่งรัฐบาล\r'),
	(255, '50404', 'การท่องเที่ยวแห่งประเทศไทย\r'),
	(256, '50405', 'บริษัท สหโรงแรมไทยและการท่องเที่ยว จำกัด\r'),
	(257, '50501', 'สถาบันวิจัยวิทยาศาสตร์และเทคโนโลยีแห่งประเทศไทย\r'),
	(258, '50502', 'องค์การพิพิธภัณฑ์วิทยาศาสตร์แห่งชาติ\r'),
	(259, '50503', 'องค์การสวนพฤกษศาสตร์\r'),
	(260, '50504', 'การไฟฟ้าฝ่ายผลิตแห่งประเทศไทย\r'),
	(261, '50505', 'การไฟฟ้านครหลวง\r'),
	(262, '50506', 'การไฟฟ้าส่วนภูมิภาค\r'),
	(263, '50507', 'บริษัท ปตท. จำกัด (มหาชน)\r'),
	(264, '50510', 'องค์การจัดการน้ำเสีย\r'),
	(265, '50601', 'การประปานครหลวง\r'),
	(266, '50602', 'การประปาส่วนภูมิภาค\r'),
	(267, '50603', 'การเคหะแห่งชาติ\r'),
	(268, '50604', 'การกีฬาแห่งประเทศไทย\r'),
	(269, '50605', 'องค์การสวนสัตว์\r'),
	(270, '50606', 'สำนักงานธนานุเคราะห์\r'),
	(271, '50701', 'ธนาคารแห่งประเทศไทย\r'),
	(272, '50702', 'บมจ.ธนาคารกรุงไทย\r'),
	(273, '50703', 'ธนาคารเพื่อการเกษตรและสหกรณ์การเกษตร\r'),
	(274, '50704', 'ธนาคารออมสิน\r'),
	(275, '50705', 'ธนาคารอาคารสงเคราะห์\r'),
	(276, '50706', 'ธนาคารเพื่อการส่งออกและนำเข้าแห่งประเทศไทย\r'),
	(277, '50708', 'ธนาคารพัฒนาวิสาหกิจขนาดกลางและขนาดย่อมแห่งประเทศไทย\r'),
	(278, '50709', 'ธนาคารอิสลามแห่งประเทศไทย\r'),
	(279, '50710', 'บริษัทตลาดรองสินเชื่อที่อยู่อาศัย\r'),
	(280, '50713', 'บริษัทบริหารสินทรัพย์ ธนาคารอิสลามแห่งประเทศไทย จำกัด\r'),
	(281, '70010', 'กลุ่มจังหวัดภาคกลางตอนบน 1\r'),
	(282, '70011', 'งบจังหวัดนนทบุรี\r'),
	(283, '70012', 'งบจังหวัดปทุมธานี\r'),
	(284, '70013', 'งบจังหวัดพระนครศรีอยุธยา\r'),
	(285, '70014', 'งบจังหวัดสระบุรี\r'),
	(286, '70020', 'กลุ่มจังหวัดภาคกลางตอนบน 2\r'),
	(287, '70021', 'งบจังหวัดชัยนาท\r'),
	(288, '70022', 'งบจังหวัดลพบุรี\r'),
	(289, '70023', 'งบจังหวัดสิงห์บุรี\r'),
	(290, '70024', 'งบจังหวัดอ่างทอง\r'),
	(291, '70030', 'กลุ่มจังหวัดภาคกลางตอนกลาง\r'),
	(292, '70031', 'งบจังหวัดฉะเชิงเทรา\r'),
	(293, '70032', 'งบจังหวัดปราจีนบุรี\r'),
	(294, '70033', 'งบจังหวัดสระแก้ว\r'),
	(295, '70034', 'งบจังหวัดนครนายก\r'),
	(296, '70035', 'งบจังหวัดสมุทรปราการ\r'),
	(297, '70040', 'กลุ่มจังหวัดภาคกลางตอนล่าง 1\r'),
	(298, '70041', 'งบจังหวัดกาญจนบุรี\r'),
	(299, '70042', 'งบจังหวัดนครปฐม\r'),
	(300, '70043', 'งบจังหวัดราชบุรี\r'),
	(301, '70044', 'งบจังหวัดสุพรรณบุรี\r'),
	(302, '70050', 'กลุ่มจังหวัดภาคกลางตอนล่าง 2\r'),
	(303, '70051', 'งบจังหวัดประจวบคีรีขันธ์\r'),
	(304, '70052', 'งบจังหวัดเพชรบุรี\r'),
	(305, '70053', 'งบจังหวัดสมุทรสาคร\r'),
	(306, '70054', 'งบจังหวัดสมุทรสงคราม\r'),
	(307, '70060', 'กลุ่มจังหวัดภาคใต้ฝั่งอ่าวไทย\r'),
	(308, '70061', 'งบจังหวัดชุมพร\r'),
	(309, '70062', 'งบจังหวัดสุราษฎร์ธานี\r'),
	(310, '70063', 'งบจังหวัดนครศรีธรรมราช\r'),
	(311, '70064', 'งบจังหวัดพัทลุง\r'),
	(312, '70070', 'กลุ่มจังหวัดภาคใต้ฝั่งอันดามัน\r'),
	(313, '70071', 'งบจังหวัดระนอง\r'),
	(314, '70072', 'งบจังหวัดพังงา\r'),
	(315, '70073', 'งบจังหวัดภูเก็ต\r'),
	(316, '70074', 'งบจังหวัดกระบี่\r'),
	(317, '70075', 'งบจังหวัดตรัง\r'),
	(318, '70080', 'กลุ่มจังหวัดภาคใต้ชายแดน\r'),
	(319, '70081', 'งบจังหวัดสงขลา\r'),
	(320, '70082', 'งบจังหวัดสตูล\r'),
	(321, '70083', 'งบจังหวัดปัตตานี\r'),
	(322, '70084', 'งบจังหวัดยะลา\r'),
	(323, '70085', 'งบจังหวัดนราธิวาส\r'),
	(324, '70090', 'กลุ่มจังหวัดภาคตะวันออก\r'),
	(325, '70091', 'งบจังหวัดจันทบุรี\r'),
	(326, '70092', 'งบจังหวัดชลบุรี\r'),
	(327, '70093', 'งบจังหวัดระยอง\r'),
	(328, '70094', 'งบจังหวัดตราด\r'),
	(329, '70100', 'กลุ่มจังหวัดภาคตะวันออกเฉียงเหนือตอนบน 1\r'),
	(330, '70101', 'งบจังหวัดหนองคาย\r'),
	(331, '70102', 'งบจังหวัดเลย\r'),
	(332, '70103', 'งบจังหวัดอุดรธานี\r'),
	(333, '70104', 'งบจังหวัดหนองบัวลำภู\r'),
	(334, '70105', 'งบจังหวัดบึงกาฬ\r'),
	(335, '70110', 'กลุ่มจังหวัดภาคตะวันออกเฉียงเหนือตอนบน 2\r'),
	(336, '70111', 'งบจังหวัดนครพนม\r'),
	(337, '70112', 'งบจังหวัดมุกดาหาร\r'),
	(338, '70113', 'งบจังหวัดสกลนคร\r'),
	(339, '70120', 'กลุ่มจังหวัดภาคตะวันออกเฉียงเหนือตอนกลาง\r'),
	(340, '70121', 'งบจังหวัดร้อยเอ็ด\r'),
	(341, '70122', 'งบจังหวัดขอนแก่น\r'),
	(342, '70123', 'งบจังหวัดมหาสารคาม\r'),
	(343, '70124', 'งบจังหวัดกาฬสินธู์\r'),
	(344, '70130', 'กลุ่มจังหวัดภาค ตอ.เหนือตอนล่าง 2\r'),
	(345, '70131', 'งบจังหวัดอำนาจเจริญ\r'),
	(346, '70132', 'งบจังหวัดศรีสะเกษ\r'),
	(347, '70133', 'งบจังหวัดยโสธร\r'),
	(348, '70134', 'งบจังหวัดอุบลราชธานี\r'),
	(349, '70140', 'กลุ่มจังหวัดภาค ตอ.เหนือตอนล่าง 1\r'),
	(350, '70141', 'งบจังหวัดสุรินทร์\r'),
	(351, '70142', 'งบจังหวัดนครราชสีมา\r'),
	(352, '70143', 'งบจังหวัดบุรีรัมย์\r'),
	(353, '70144', 'งบจังหวัดชัยภูมิ\r'),
	(354, '70150', 'กลุ่มจังหวัดภาคเหนือตอนบน 1\r'),
	(355, '70151', 'งบจังหวัดเชียงใหม่\r'),
	(356, '70152', 'งบจังหวัดแม่ฮ่องสอน\r'),
	(357, '70153', 'งบจังหวัดลำปาง\r'),
	(358, '70154', 'งบจังหวัดลำพูน\r'),
	(359, '70160', 'กลุ่มจังหวัดภาคเหนือตอนบน 2\r'),
	(360, '70161', 'งบจังหวัดน่าน\r'),
	(361, '70162', 'งบจังหวัดพะเยา\r'),
	(362, '70163', 'งบจังหวัดเชียงราย\r'),
	(363, '70164', 'งบจังหวัดแพร่\r'),
	(364, '70170', 'กลุ่มจังหวัดภาคเหนือตอนล่าง 1\r'),
	(365, '70171', 'งบจังหวัดตาก\r'),
	(366, '70172', 'งบจังหวัดพิษณุโลก\r'),
	(367, '70173', 'งบจังหวัดสุโขทัย\r'),
	(368, '70174', 'งบจังหวัดเพชรบูรณ์\r'),
	(369, '70175', 'งบจังหวัดอุตรดิตถ์\r'),
	(370, '70180', 'กลุ่มจังหวัดภาคเหนือตอนล่าง 2\r'),
	(371, '70181', 'งบจังหวัดกำแพงเพชร\r'),
	(372, '70182', 'งบจังหวัดพิจิตร\r'),
	(373, '70183', 'งบจังหวัดนครสวรรค์\r'),
	(374, '70184', 'งบจังหวัดอุทัยธานี\r'),
	(375, '70190', 'กลุ่มจังหวัดภาคกลางปริมณฑล\r'),
	(376, '70200', 'กลุ่มจังหวัดภาคกลางตอนบน\r'),
	(377, '70210', 'กลุ่มจังหวัดภาคกลางตอนล่าง 1\r'),
	(378, '70220', 'กลุ่มจังหวัดภาคใต้ฝั่งอ่าวไทย\r'),
	(379, '70230', 'กลุ่มจังหวัดภาคใต้ฝั่งอันดามัน\r'),
	(380, '70240', 'กลุ่มจังหวัดภาคใต้ชายแดน\r'),
	(381, '70250', 'กลุ่มจังหวัดภาคตะวันออก 1\r'),
	(382, '70260', 'กลุ่มจังหวัดภาคตะวันออก 2\r'),
	(383, '75002', 'กรุงเทพมหานคร\r'),
	(384, '75003', 'เมืองพัทยา\r');
/*!40000 ALTER TABLE `gfmis` ENABLE KEYS */;

-- Dumping structure for table refund2.migrations
CREATE TABLE IF NOT EXISTS `migrations` (
  `id` int(10) unsigned NOT NULL AUTO_INCREMENT,
  `migration` varchar(191) COLLATE utf8mb4_unicode_ci NOT NULL,
  `batch` int(11) NOT NULL,
  PRIMARY KEY (`id`)
) ENGINE=InnoDB AUTO_INCREMENT=36 DEFAULT CHARSET=utf8mb4 COLLATE=utf8mb4_unicode_ci;

-- Dumping data for table refund2.migrations: ~34 rows (approximately)
/*!40000 ALTER TABLE `migrations` DISABLE KEYS */;
INSERT INTO `migrations` (`id`, `migration`, `batch`) VALUES
	(2, '2014_10_12_100000_create_password_resets_table', 1),
	(3, '2019_02_26_065640_create_offices_table', 1),
	(4, '2019_02_26_065741_create_refunds_table', 1),
	(5, '2019_02_26_071313_create_contracts_table', 1),
	(6, '2019_02_26_072926_create_contract_budget_edits_table', 1),
	(7, '2019_02_26_073325_create_contract_time_edits_table', 1),
	(8, '2019_02_28_060828_create_delivers_table', 1),
	(9, '2019_02_28_061714_create_deposit_penalties_table', 1),
	(10, '2019_03_01_041558_create_approve_refunds_table', 1),
	(11, '2019_04_03_065038_create_forms_table', 1),
	(12, '2019_04_03_070239_create_refund_forms_table', 1),
	(13, '2019_04_03_070715_create_form_rules_table', 1),
	(14, '2019_04_03_071418_create_form_conditions_table', 1),
	(15, '2019_07_15_024751_add_condition_to_rules_table', 1),
	(16, '2019_08_06_072551_create_considers_table', 1),
	(17, '2019_08_26_032504_add_description_on_considers_table', 1),
	(18, '2019_09_12_034811_create_refund_details_table', 1),
	(19, '2019_11_14_091048_modify_contract_budget_edit', 1),
	(20, '2019_11_19_081214_modify_3_contracts_float_to_decimal', 1),
	(21, '2019_11_20_013925_modify_contract_time_edit_add_column', 1),
	(22, '2019_11_21_070101_modify_delivers', 1),
	(23, '2019_11_22_111718_modify_approve_table_refund_id_set_unique', 1),
	(24, '2019_11_30_083347_edit_refund_detail_add_col_result_type', 2),
	(25, '2019_12_22_144315_create_refund_files_table', 3),
	(26, '2014_10_12_000000_create_users_table', 4),
	(27, '2016_06_01_000001_create_oauth_auth_codes_table', 4),
	(28, '2016_06_01_000002_create_oauth_access_tokens_table', 4),
	(29, '2016_06_01_000003_create_oauth_refresh_tokens_table', 4),
	(30, '2016_06_01_000004_create_oauth_clients_table', 4),
	(31, '2016_06_01_000005_create_oauth_personal_access_clients_table', 4),
	(32, '2020_02_21_080015_modify_contract_time_edit', 5),
	(33, '2020_02_24_092135_modify_delivers_add_col_start_end', 6),
	(34, '2020_02_24_142345_modify_deposit_add_column_amount_contract', 7),
	(35, '2020_03_11_064020_modify_approve_refund_add_column_refund_money', 8);
/*!40000 ALTER TABLE `migrations` ENABLE KEYS */;

-- Dumping structure for table refund2.oauth_access_tokens
CREATE TABLE IF NOT EXISTS `oauth_access_tokens` (
  `id` varchar(100) COLLATE utf8mb4_unicode_ci NOT NULL,
  `user_id` bigint(20) DEFAULT NULL,
  `client_id` int(10) unsigned NOT NULL,
  `name` varchar(191) COLLATE utf8mb4_unicode_ci DEFAULT NULL,
  `scopes` text COLLATE utf8mb4_unicode_ci,
  `revoked` tinyint(1) NOT NULL,
  `created_at` timestamp NULL DEFAULT NULL,
  `updated_at` timestamp NULL DEFAULT NULL,
  `expires_at` datetime DEFAULT NULL,
  PRIMARY KEY (`id`),
  KEY `oauth_access_tokens_user_id_index` (`user_id`)
) ENGINE=InnoDB DEFAULT CHARSET=utf8mb4 COLLATE=utf8mb4_unicode_ci;

-- Dumping data for table refund2.oauth_access_tokens: ~307 rows (approximately)
/*!40000 ALTER TABLE `oauth_access_tokens` DISABLE KEYS */;
INSERT INTO `oauth_access_tokens` (`id`, `user_id`, `client_id`, `name`, `scopes`, `revoked`, `created_at`, `updated_at`, `expires_at`) VALUES
	('00a78b0b93a84ee4b86a0591a56bb907512741df1358080b694941303aa90db0bd5b0903bc3f01ba', 1, 3, 'Refund', '[]', 0, '2020-06-02 09:46:54', '2020-06-02 09:46:54', '2021-06-02 09:46:54'),
	('016c3aa69e63547e5a88472ed7debc6872920aac93f62f6b243cb0de267bea458204485b10caea36', 1, 2, NULL, '[]', 0, '2019-12-26 07:08:53', '2019-12-26 07:08:53', '2020-12-26 07:08:53'),
	('01af581eb98db03aed0ca1c163e79df1cf07bf636db55e785c670e4f52cbe638ae9d1f5c0b5e0d74', 2, 3, 'Laravel', '[]', 0, '2020-05-03 15:04:14', '2020-05-03 15:04:14', '2021-05-03 15:04:14'),
	('0290332d75432323a8a6c7bb2e56e9ea235695eded98885a824e2d9b01977e5c929816c577b83a7f', 1, 1, 'Laravel', '[]', 0, '2020-05-03 09:30:18', '2020-05-03 09:30:18', '2021-05-03 09:30:18'),
	('0293ac9451050eef858c3b07d66c6eac0dfb68c9fb0835f3d7b59b01c09f5fdd0f41c5f310a9dfb0', 2, 3, 'Refund', '[]', 0, '2020-06-04 04:46:13', '2020-06-04 04:46:13', '2021-06-04 04:46:13'),
	('0381d9eaf74a5c9bdb5a31556cfa23754db73993749f43d9dd6676b1a49e5c251e99ff05999768d9', 1, 3, 'Refund', '[]', 0, '2020-05-06 10:02:04', '2020-05-06 10:02:04', '2021-05-06 10:02:04'),
	('03d89768ebb42d3712af96d49381642a12dc03c42e01c8f41d48ea1c930a48f598f55a3940e1a1c9', 1, 1, 'Laravel', '[]', 0, '2020-03-10 09:43:48', '2020-03-10 09:43:48', '2021-03-10 09:43:48'),
	('045f93d0611dc7cde9d2d04f9d267cea636d7568ec73879672e8bb1c0db004ef0cea307523a484c1', 1, 1, 'Laravel', '[]', 0, '2020-01-06 04:00:22', '2020-01-06 04:00:22', '2021-01-06 04:00:22'),
	('0660ce36bc330e198d6914f373cc780674177ea9d3376e330a92ed0f07a26ddadb6cd9121669b42a', 1, 1, 'Laravel', '[]', 0, '2020-01-06 04:08:38', '2020-01-06 04:08:38', '2021-01-06 04:08:38'),
	('06b6b8acfeaf6237af70c8531c7ce13cde2fb9c84c46a66706f4cdadd7e56f81127baf84970cd492', 2, 1, 'Laravel', '[]', 0, '2020-04-17 06:17:15', '2020-04-17 06:17:15', '2021-04-17 06:17:15'),
	('070f051567091be4abf94d50750ad52d722f43a00306f183fa6f480cbb3a75b7da6765b46296ec8f', 1, 1, 'Laravel', '[]', 0, '2020-05-02 18:47:28', '2020-05-02 18:47:28', '2021-05-02 18:47:28'),
	('089f917a26548a99dbc6c303854f49d27b9bf6b737cea5f7180067cd18e36f5fff5762358d8c07e5', 1, 3, 'Refund', '[]', 0, '2020-05-04 10:42:00', '2020-05-04 10:42:00', '2021-05-04 10:42:00'),
	('08c440864271ded5c7d919c5bcf2f36cb1adb6ffcbafa0ceb1e6183ba663411ce2b0415e588c428a', 1, 1, 'Laravel', '[]', 0, '2020-01-06 04:08:37', '2020-01-06 04:08:37', '2021-01-06 04:08:37'),
	('0903269bf1838addd3d5408df6a37f4b53fd1374c39ece86e198ed5a4fd9eadfd10b90534fe2cffe', 2, 1, 'Laravel', '[]', 0, '2020-03-02 02:42:17', '2020-03-02 02:42:17', '2021-03-02 02:42:17'),
	('095f170e998c5e1b0825bbac51230a0d970576695a5b89adb164d60304192f36b5bcb6e5c2a7277a', 2, 3, 'Refund', '[]', 0, '2020-05-06 07:23:17', '2020-05-06 07:23:17', '2021-05-06 07:23:17'),
	('0a75908f383fe03a1f81985cfc342a3a6230f5bf0ab8b0d84c6b9a35cef77e0ce9f54758111009ff', 1, 3, 'Refund', '[]', 0, '2020-05-06 07:23:42', '2020-05-06 07:23:42', '2021-05-06 07:23:42'),
	('0b475b5a0233ed0c8721e9ab72a5baf02beea5b9f18e652f4d61a5b024cae9924da91411ce4ccc45', 1, 3, 'Refund', '[]', 0, '2020-05-06 10:09:29', '2020-05-06 10:09:29', '2021-05-06 10:09:29'),
	('0cb8b56ed29bdb1c8b6420a618cef8ac92e234623ae7c3e9ce7c71a2274470778ab8988c7ff0f211', 1, 3, 'Refund', '[]', 0, '2020-06-18 02:58:12', '2020-06-18 02:58:12', '2021-06-18 02:58:12'),
	('0cb9032e2ae0617e7a3a1c216b404bb40e3e96dfde3a76c1be99ae5c09edca220e7ca71c37e991bb', 1, 3, 'Refund', '[]', 0, '2020-05-04 09:16:44', '2020-05-04 09:16:44', '2021-05-04 09:16:44'),
	('0cf2f802185e860b456a123386ab36b99fcbd1577add40e8f270303dddd41e1cfefb343d10d9cc7b', 1, 1, 'Laravel', '[]', 0, '2020-03-04 02:16:51', '2020-03-04 02:16:51', '2021-03-04 02:16:51'),
	('0d52946c68e6b5db8815c20351897b50736e8663977e38b8bf2b90b1649f8f433f3879d99ce8f8cf', 1, 1, 'Laravel', '[]', 0, '2020-01-06 03:54:34', '2020-01-06 03:54:34', '2021-01-06 03:54:34'),
	('0d8e80fe35f54a192b60b2cd606ada0f63e51b83e6611fc87805cb9c3e78227b1a5538bb100d0481', 2, 1, 'Laravel', '[]', 0, '2020-05-02 11:41:06', '2020-05-02 11:41:06', '2021-05-02 11:41:06'),
	('0eed087318ea48f9ee82c37d5d36ae2d0b01a802963f4dfa06a8380a25ad1f43f94ad13399c40485', 1, 1, 'Laravel', '[]', 0, '2020-05-02 18:30:39', '2020-05-02 18:30:39', '2021-05-02 18:30:39'),
	('0f2c73da98167c980f2c6550049b1ee95ded30141cba261768038c174261f0f4d6b5f7cffe4d273f', 1, 1, 'Laravel', '[]', 0, '2020-01-06 04:08:20', '2020-01-06 04:08:20', '2021-01-06 04:08:20'),
	('102d14fe136fb087d49c69d0c1a28e92e91e51be2f5c0bf56d3c99b01f7deaaff85cc67b86c4eb76', 2, 1, 'Laravel', '[]', 0, '2020-03-02 02:24:29', '2020-03-02 02:24:29', '2021-03-02 02:24:29'),
	('1052229ddee491bc3c8100070b9c1fb4876abb888f528061f28f961559f50eee3a1b3761ae0499b5', 1, 1, 'Laravel', '[]', 0, '2020-05-02 16:51:47', '2020-05-02 16:51:47', '2021-05-02 16:51:47'),
	('107eccb27a6c53dc771f289b9cb304f706a0b205181bbfecf2a687670a98c38b5dcfff38357a777d', 1, 3, 'Refund', '[]', 0, '2020-05-06 10:33:25', '2020-05-06 10:33:25', '2021-05-06 10:33:25'),
	('12afc8c859bc746a74e56b06f226e393d2bf814a494d78eb07b5b3a5efbaed55cf3fb552bfc80253', 1, 1, 'Laravel', '[]', 0, '2020-01-06 04:08:17', '2020-01-06 04:08:17', '2021-01-06 04:08:17'),
	('12cfb4451aa2ec1f18de64e031e81715f182878fdffc8cdb935c7a6eb30633c7822c1bc45aa515b6', 1, 1, 'Laravel', '[]', 0, '2020-01-06 03:54:00', '2020-01-06 03:54:00', '2021-01-06 03:54:00'),
	('12f30190da8d6072e0bc87369850b578486ae6e22290691e6cd56b61e27c86abe8a6c23b1218e2d5', 1, 3, 'Refund', '[]', 0, '2020-05-03 16:13:51', '2020-05-03 16:13:51', '2021-05-03 16:13:51'),
	('13400fbf0d73abec749142e899b6433fc9c30c7419a0239f6582135af597b3f5443a8bba93d5b900', 1, 1, 'Laravel', '[]', 0, '2020-01-06 04:08:39', '2020-01-06 04:08:39', '2021-01-06 04:08:39'),
	('13cd50649769efa5491cecb80b4f7da606a74464c6450b0d5b4a7a4b6720ff49ea173f2bbfc7d3d3', 1, 3, 'Refund', '[]', 0, '2020-05-06 10:48:13', '2020-05-06 10:48:13', '2021-05-06 10:48:13'),
	('157bdc5375a8bb1378793832bad8c086b267c9922c08a71ff419aa7823cd90343a50eac99fcbd978', 2, 1, 'Laravel', '[]', 0, '2020-05-02 20:02:37', '2020-05-02 20:02:37', '2021-05-02 20:02:37'),
	('1827a74e27309c05ca828e6b551077fc1391d87660ef62f0f7eb3adf5e597332fa66eb2c4905d884', 1, 1, 'Laravel', '[]', 0, '2020-01-06 03:54:36', '2020-01-06 03:54:36', '2021-01-06 03:54:36'),
	('186f356f9218131981ad6afebd48c83566ed1bb6523eb927f2f94d91bcb51caf01067d137d811450', 1, 3, 'Refund', '[]', 0, '2020-05-05 04:58:06', '2020-05-05 04:58:06', '2021-05-05 04:58:06'),
	('1ad0f9175ea3497f14472d24c8ad63d8b2dbfc95306e0d695ae1e55db4054a2f801ece7963fa6f58', 1, 1, 'Laravel', '[]', 0, '2020-03-05 08:49:05', '2020-03-05 08:49:05', '2021-03-05 08:49:05'),
	('1ad604cb39494783a242372097d237ded1c46a1609c68ead9684b092cb967a50d8384ecb49c3599a', 1, 1, 'Laravel', '[]', 0, '2020-05-02 17:02:21', '2020-05-02 17:02:21', '2021-05-02 17:02:21'),
	('1bb1797e970bc8aae3a76ee20bb6ae68352e1a510dfc2dfb2d66bcfc82203fa81ad9d4e81b608c1b', 1, 1, 'Laravel', '[]', 0, '2020-05-02 15:07:11', '2020-05-02 15:07:11', '2021-05-02 15:07:11'),
	('1ca0bc256aebe5b8e19dd00338c0d7badea69560cbc02fdb7b76a96baaf094bc472932d9c1e18995', 2, 1, 'Laravel', '[]', 0, '2020-03-02 02:35:18', '2020-03-02 02:35:18', '2021-03-02 02:35:18'),
	('1d859da5faf1a3a6e213c93bef7a72d224648843db96ad6673cf84dd41e0d4dd70c7ff23bee93eeb', 2, 1, 'Laravel', '[]', 0, '2020-05-02 17:51:36', '2020-05-02 17:51:36', '2021-05-02 17:51:36'),
	('1e62fb6fe0d6a59762ad977112138d056b7a9078183055001bb61b22682b5ed3563ce3dd4fd5aec6', 2, 1, 'Laravel', '[]', 0, '2020-03-03 06:58:55', '2020-03-03 06:58:55', '2021-03-03 06:58:55'),
	('1e701feb8490743f981347c3e8f422e7ef47549ac0c8f78ea28ece6dbc02f4c2cf201ea5a504b84f', 2, 3, 'Refund', '[]', 0, '2020-05-04 09:14:23', '2020-05-04 09:14:23', '2021-05-04 09:14:23'),
	('1faf228a8fd99b5553dad2ca1918b99fb37497e601c01fadd3ad2ae68674998bef5e899ae2f907a2', 1, 3, 'Refund', '[]', 0, '2020-05-06 10:29:56', '2020-05-06 10:29:56', '2021-05-06 10:29:56'),
	('2094027a9d498454929babd6b252de0a584fa504ab06de2943f156aae1880d3fcd2ffe41c124193d', 2, 1, 'Laravel', '[]', 0, '2020-03-04 01:42:57', '2020-03-04 01:42:57', '2021-03-04 01:42:57'),
	('210d1550bef41f00358c97e6ce6cfa800cbd8a1d186e9c1cff737f96ae3865c50227646aa906e0f5', 2, 1, 'Laravel', '[]', 0, '2020-03-11 03:30:46', '2020-03-11 03:30:46', '2021-03-11 03:30:46'),
	('2353ae11b023e0b79a4266d23e0495f350ad882ed65b744f591e9fada161b78198d591ed7a01c588', 1, 1, 'Laravel', '[]', 0, '2020-05-02 18:13:07', '2020-05-02 18:13:07', '2021-05-02 18:13:07'),
	('23f64741e04a2d62a2b25ec0ce68848eebb2b0a8b7e1494b3a9fb8f6672bbd3d66293dfbcf5d8c7c', 1, 1, 'Laravel', '[]', 0, '2020-01-06 04:04:24', '2020-01-06 04:04:24', '2021-01-06 04:04:24'),
	('25c7efd2a1fde6006fc8c03e62a3776c5550efd884efadfe6b9aaa92971b518411619992a1f2f1a2', 1, 2, NULL, '[]', 0, '2019-12-26 07:44:49', '2019-12-26 07:44:49', '2020-12-26 07:44:49'),
	('26e2ef51d7954f77e4703df924dfb8cc92f7526a75b7a7294bc8a045091de65b466447afbfaceb62', 1, 1, 'Laravel', '[]', 0, '2020-05-02 16:53:17', '2020-05-02 16:53:17', '2021-05-02 16:53:17'),
	('27aeff5a4b060de16b835c05677033389e04a8955c2d350dd26cf2d037fd3d66bd2f5f6774115af1', 1, 3, 'Refund', '[]', 0, '2020-05-06 10:24:46', '2020-05-06 10:24:46', '2021-05-06 10:24:46'),
	('2869d20a2e429fac7e09ecbe62b243f3c4e882c4c3b7961ba42c37639858256966d434d83feda29e', 1, 1, 'Laravel', '[]', 0, '2020-01-06 04:04:29', '2020-01-06 04:04:29', '2021-01-06 04:04:29'),
	('28da955b5c2fa55866a2df7a83cc5eb2982cf16b9c2f54e62cf0600bab6a95b3831dbb7b9c4132fe', 2, 1, 'Laravel', '[]', 0, '2019-12-27 01:09:38', '2019-12-27 01:09:38', '2020-12-27 01:09:38'),
	('29738b30bca41a9e0010bc7e0695a1480f2ccdca5690b2d104ec31634a6e9f42c2ee0d9f4378f4e4', 1, 1, 'Laravel', '[]', 0, '2020-01-06 03:57:23', '2020-01-06 03:57:23', '2021-01-06 03:57:23'),
	('2a25e18b1a94f7ae4688d12e5c701b2c0f542472caf5cbd1c623aff8682bbca2ef993eb711729d52', 1, 1, 'Laravel', '[]', 0, '2020-01-06 03:56:25', '2020-01-06 03:56:25', '2021-01-06 03:56:25'),
	('2a395ddf9cbef8071241c1f635ca76d47c5fbec58891e6a032783f2a4c7f245027848816adb53a4f', 1, 3, 'Refund', '[]', 0, '2020-05-04 08:15:20', '2020-05-04 08:15:20', '2021-05-04 08:15:20'),
	('2a69e6d6aea5b5c1fdcebeeb730e376fe28a1c70aa10678c61e1bc9f0d073ca4f4931cdda3d7b63d', 2, 1, 'Laravel', '[]', 0, '2020-03-02 02:36:47', '2020-03-02 02:36:47', '2021-03-02 02:36:47'),
	('2a773933cf29b0f805e01bd4d1ea73a506dd90c38335f2d5f836a53b760e807eb7ccd55ee74340f3', 1, 1, 'Laravel', '[]', 0, '2020-05-03 10:40:35', '2020-05-03 10:40:35', '2021-05-03 10:40:35'),
	('2a81837c4510192c1d4200a4b21b3ae1b87dd27af3647b7d592c128011d29d63b4a48507be9875f9', 2, 1, 'Laravel', '[]', 0, '2020-03-04 01:48:20', '2020-03-04 01:48:20', '2021-03-04 01:48:20'),
	('2c9fc22fd3bf8040abe9db1b9996bdc407b9a7212429f5c2af3051b5a602885874828801bce94f28', 2, 1, 'Laravel', '[]', 0, '2020-05-02 03:30:06', '2020-05-02 03:30:06', '2021-05-02 03:30:06'),
	('2dfadc77b46fed5c4b3b1c6b0a7382dc5106ca65228f8581d25ba02b4a4b7ffd4a41a2eb2a8ac4d8', 2, 1, 'Laravel', '[]', 0, '2020-03-03 02:27:58', '2020-03-03 02:27:58', '2021-03-03 02:27:58'),
	('2f49741e0cb1df5c8edd8dd40dd62a657a2aad74bc6c5d4a71a07f7252f56806de2f01a77ef195cb', 1, 1, 'Laravel', '[]', 0, '2020-05-02 17:32:43', '2020-05-02 17:32:43', '2021-05-02 17:32:43'),
	('300bc05e701381d02694a2ffdb9011a61a6a0f809ac6e56ad8501d4f3d83e8f58a727fc1ebee367e', 1, 1, 'Laravel', '[]', 0, '2020-05-02 17:07:33', '2020-05-02 17:07:33', '2021-05-02 17:07:33'),
	('31ca900fc4f5681554c3fb4f3b3523067cefdddc80b4b2f1700c834a6f53e6f7e80d85fb515bbebe', 1, 1, 'Laravel', '[]', 0, '2020-03-06 06:12:19', '2020-03-06 06:12:19', '2021-03-06 06:12:19'),
	('3205fa3a681e401e1a7ee4440773abcf1aeb5d4acc95accddbfbe65c4fbc7327e5f7ba8eb2d2247f', 3, 3, 'Refund', '[]', 0, '2020-05-04 09:12:15', '2020-05-04 09:12:15', '2021-05-04 09:12:15'),
	('344e04f463d34d0fcc215ee0e96d44956e29357b303f87146682175bcd83376633099d3aa957b612', 2, 1, 'Laravel', '[]', 0, '2020-03-03 06:57:51', '2020-03-03 06:57:51', '2021-03-03 06:57:51'),
	('34711a79abc7e7244d7224c222b710a434488bc7a6c4c4d7d3b6c0bc932763b2c4c7a7617c5020f3', 2, 1, 'Laravel', '[]', 0, '2020-01-06 03:54:07', '2020-01-06 03:54:07', '2021-01-06 03:54:07'),
	('371ecb50b83d3d0c1f97efe30d75d5bcbb44c7315b81481df6e09e9743337c34c800792cfd8abaf2', 1, 2, NULL, '[]', 0, '2019-12-26 08:06:28', '2019-12-26 08:06:28', '2020-12-26 08:06:28'),
	('373b0bae4abaeb91efea79f4fa9a7a403c022711a9e8950a3d0b4283222bdb6478db7dc173869b5c', 1, 1, 'Laravel', '[]', 0, '2020-01-06 04:08:37', '2020-01-06 04:08:37', '2021-01-06 04:08:37'),
	('37791ef4b6fa94536f5d457a70c637b7f6cf2ae982e60559e59da1dad1f3c621d5e08a0e1c1d03cf', 1, 3, 'Refund', '[]', 0, '2020-05-04 09:40:44', '2020-05-04 09:40:44', '2021-05-04 09:40:44'),
	('383295e62847518408bd0eb4fcbf5d0ddf36339baf294b8f62ed014ecfc3119905fd57f616e721c8', 1, 1, 'Laravel', '[]', 0, '2020-01-06 04:08:37', '2020-01-06 04:08:37', '2021-01-06 04:08:37'),
	('390851d3bb258d1f69d47c8f5ec87ddc869c8b0f1a9cb010d149ba5eb5e8c8be054c6d08b594be64', 1, 3, 'Refund', '[]', 0, '2020-05-06 10:07:05', '2020-05-06 10:07:05', '2021-05-06 10:07:05'),
	('3916cb5ce8720856ebf4013ce7645fd7a840a4e21ee6aa4df062280265cf23820b64f74839703f52', 1, 1, 'Laravel', '[]', 0, '2020-05-02 17:51:16', '2020-05-02 17:51:16', '2021-05-02 17:51:16'),
	('391cc9402b703fb96a5478212cec01718f396689ff8d832aceb850258af11e4209ccf97ca1d2cfcc', 1, 3, 'Laravel', '[]', 0, '2020-05-03 15:02:20', '2020-05-03 15:02:20', '2021-05-03 15:02:20'),
	('3b29e38f9f6f4a9af7169e04f89ae01b1b178c598b197a22823d66c3e111afe454906ca95c94cf85', 1, 2, NULL, '[]', 0, '2019-12-26 09:28:56', '2019-12-26 09:28:56', '2020-12-26 09:28:56'),
	('3b2c120217a418c5b4576180c7a0a5d6c9895498d326215a59ee50c917b4a9957ae42c6885e20683', 1, 1, 'Laravel', '[]', 0, '2020-01-06 04:08:20', '2020-01-06 04:08:20', '2021-01-06 04:08:20'),
	('3b352e1659803ffe66f69776acdfca85731a563c6b85c8b023dd02d0336576abcaf499c0e0bad956', 1, 1, 'Laravel', '[]', 0, '2020-01-06 03:56:07', '2020-01-06 03:56:07', '2021-01-06 03:56:07'),
	('3ba8a6b82f957caf97588ec662bb306daf17a37dfb0da907413c2cd6e20b82947194d589d8110e06', 2, 1, 'Laravel', '[]', 0, '2020-05-02 17:09:29', '2020-05-02 17:09:29', '2021-05-02 17:09:29'),
	('3ca345fc875f70486f3050ff2af206d48cb42607e5df74f4d75c7365ec2e5ee6e227baa02e51476b', 2, 1, 'Laravel', '[]', 0, '2020-04-21 02:01:53', '2020-04-21 02:01:53', '2021-04-21 02:01:53'),
	('3d6e531074b4f955c943b4e12005b1ccf04b2b3f0cb68f0d76cc5e308e43b94762d0afa85d58e749', 1, 1, 'Laravel', '[]', 0, '2020-05-02 19:17:19', '2020-05-02 19:17:19', '2021-05-02 19:17:19'),
	('3ea7b2cce29ab782baa14527fce7210e49a9fdbb97ff3f688c6597f323d6ddb5e4184e50ba56e417', 3, 3, 'Refund', '[]', 0, '2020-05-04 10:08:26', '2020-05-04 10:08:26', '2021-05-04 10:08:26'),
	('3f1ca5ad33d334eda9077ecae64861d018093d83113f3eff3769359cf9d44143b7b1cfd48514fee1', 2, 1, 'Laravel', '[]', 0, '2020-03-04 08:05:01', '2020-03-04 08:05:01', '2021-03-04 08:05:01'),
	('3f288e39d3bd88797abd03c112e0154b954e6e2a619e11cda71aa24463d8751aaebb08f02bb2d247', 1, 1, 'Laravel', '[]', 0, '2020-05-02 17:12:44', '2020-05-02 17:12:44', '2021-05-02 17:12:44'),
	('40f2ead59ddf10ab906177ac44847797ab8905335e0de316bc265eb1a11fe199d83726234efd7133', 1, 1, 'Laravel', '[]', 0, '2020-05-03 11:13:17', '2020-05-03 11:13:17', '2021-05-03 11:13:17'),
	('439a682a626f11102e45e88677fdceef641bfda989a2be8345359e0688b8b6b3c862858d94a490fb', 2, 1, 'Laravel', '[]', 0, '2020-03-03 04:19:20', '2020-03-03 04:19:20', '2021-03-03 04:19:20'),
	('44406ff9dd3893002d5f9cb628b629375ec5e02108fa26ae5af5d7cc33d8a8633b5e20ab34b5ea16', 1, 3, 'Refund', '[]', 0, '2020-05-06 07:02:31', '2020-05-06 07:02:31', '2021-05-06 07:02:31'),
	('44a411cddf7297a8ee01b99774485f39961b88e82ad7bd33b8186c9ed821a5c387800a38e2f24bac', 1, 1, 'Laravel', '[]', 0, '2020-01-06 03:53:59', '2020-01-06 03:53:59', '2021-01-06 03:53:59'),
	('4680184a91dc31200b6f1e00d039bd0a7ccfca53f9530d417684626bf6a380458be658c1b037bd03', 2, 1, 'Laravel', '[]', 0, '2020-05-02 17:42:23', '2020-05-02 17:42:23', '2021-05-02 17:42:23'),
	('475ec490c5508fbf87d19bd50bdb17a709a17c26e386507746dde94c9c5448014d9c4f451aa8d02f', 2, 1, 'Laravel', '[]', 0, '2020-03-05 09:09:03', '2020-03-05 09:09:03', '2021-03-05 09:09:03'),
	('478f7338c9c5950273b2d232f6c854bfa46f59d2b5866803c946b20ec32896ecbbdeeeb915c3f94f', 2, 1, 'Laravel', '[]', 0, '2020-05-01 17:39:01', '2020-05-01 17:39:01', '2021-05-01 17:39:01'),
	('47c1c87d029380c23ed7b9db25387e8732d09c07429bfaf19b9beca9f1938d57551ba523dc4d6d0e', 2, 3, 'Refund', '[]', 0, '2020-05-14 02:51:12', '2020-05-14 02:51:12', '2021-05-14 02:51:12'),
	('49405b939eac65046d8f6d50dc4896f1ed8c8198e435694ce6ee21fa5c60c5926505c583942d07fe', 1, 1, 'Laravel', '[]', 0, '2020-03-04 02:04:53', '2020-03-04 02:04:53', '2021-03-04 02:04:53'),
	('4955994dda9538cbe2d183fceb6c32b3fada9e27f33cd107a51a8418c68c9320a478f8ee24171b10', 1, 1, 'Laravel', '[]', 0, '2020-01-06 04:08:16', '2020-01-06 04:08:16', '2021-01-06 04:08:16'),
	('497809afaaad1c5c40351e51751b1a20c4e05c81e4e06c0e60493ef0134d46a9fbe4536c2c9ad8fa', 1, 3, 'Laravel', '[]', 0, '2020-05-03 14:43:54', '2020-05-03 14:43:54', '2021-05-03 14:43:54'),
	('4a5b3ea9e0a230eb0112a391d9a56a395f9ef59fbbc5c8ffe8041928d3ce11eb4e28d6bd54f06989', 1, 3, 'Refund', '[]', 0, '2020-05-04 08:24:30', '2020-05-04 08:24:30', '2021-05-04 08:24:30'),
	('4a5d86f4cffca2076a755e8658713782f1e225e7677a2a99d85fceaec7fd1ba7c546443cf605655b', 2, 1, 'Laravel', '[]', 0, '2020-03-03 07:27:35', '2020-03-03 07:27:35', '2021-03-03 07:27:35'),
	('4ad3ebcee59d3d0ef83c9ad95928810ce60c67f5ec5156fe40e75cff04240c60b2b057aadf5a263b', 1, 1, 'Laravel', '[]', 0, '2020-01-06 03:55:59', '2020-01-06 03:55:59', '2021-01-06 03:55:59'),
	('4b5d76698b28e6b833ddfa081500e53961042f8cef6224861d47199a64ef6ce5d9ca9278170a0b0b', 1, 1, 'Laravel', '[]', 0, '2020-01-06 04:00:23', '2020-01-06 04:00:23', '2021-01-06 04:00:23'),
	('4c6b981b4772ab6263b7c7979418ec14c922b4ec93b4966d5137d40bdd01f67d619a020e568fb0ab', 2, 1, 'Laravel', '[]', 0, '2020-04-15 06:27:51', '2020-04-15 06:27:51', '2021-04-15 06:27:51'),
	('4dc85ba3a4caf03df9da4923a678f9e69a939a8d79891cae27c0fb9fdb6553b6626c46b0522a36a0', 2, 1, 'Laravel', '[]', 0, '2020-05-02 19:11:22', '2020-05-02 19:11:22', '2021-05-02 19:11:22'),
	('4e06dcf5dd8071cd50b15b03780e719d8b359b2f6d272a4ea92e8eb4b820e46980b08767a2627ace', 2, 1, 'Laravel', '[]', 0, '2020-05-02 18:59:07', '2020-05-02 18:59:07', '2021-05-02 18:59:07'),
	('4ee56af08df50121348c5c1a0da5e6cd8e56fe80f93beed2d69bd47ae9aa12809efb841bd43c09b9', 1, 3, 'Refund', '[]', 0, '2020-05-06 09:57:40', '2020-05-06 09:57:40', '2021-05-06 09:57:40'),
	('4fe489bf76c7fcd2fb18349017e4547725ef4f4b32cce0bb95047db2fa9451a10f0936c039abbb08', 1, 1, 'Laravel', '[]', 0, '2020-05-02 17:07:25', '2020-05-02 17:07:25', '2021-05-02 17:07:25'),
	('501859d02d5afed3e33c3508007f272bd94169074bc21cbe2391a42aa4336957ae48ce0c83b337db', 1, 1, 'Laravel', '[]', 0, '2020-01-06 04:08:18', '2020-01-06 04:08:18', '2021-01-06 04:08:18'),
	('50d59a7e4e8e5487c7900ddee3d171960b26d968a3ac20ff64f135331fa2f4ee913d4f5cfe34713d', 1, 1, 'Laravel', '[]', 0, '2020-05-02 18:23:12', '2020-05-02 18:23:12', '2021-05-02 18:23:12'),
	('5339b67227df1bb4516e42d6b15e4400beea05f35924f748a3820417733f5f80faaa177579a83470', 1, 3, 'Refund', '[]', 0, '2020-06-05 03:08:02', '2020-06-05 03:08:02', '2021-06-05 03:08:02'),
	('53d67321fb06e16feaffae33a3e15fd10cd39494717a36918b345f15da88b96aedafb2b43e63771e', 1, 1, 'Laravel', '[]', 0, '2020-01-06 03:55:09', '2020-01-06 03:55:09', '2021-01-06 03:55:09'),
	('54ea4ec50f9d380775042e5fd05f61be94268f398af618bee4181e30d60ed0d406e276a25cc30cdc', 1, 1, 'Laravel', '[]', 0, '2020-01-06 03:57:22', '2020-01-06 03:57:22', '2021-01-06 03:57:22'),
	('556ef5f2e5a54a59a6c71e93a0aca601b3f3f237d7ccc8ff0e1e483bb5c035fb3d81db7f65aa9386', 2, 3, 'Refund', '[]', 0, '2020-05-05 04:12:04', '2020-05-05 04:12:04', '2021-05-05 04:12:04'),
	('55be0d9529258c196cbdaa7a9702c5e8108799db86b6c73115db04a0e6fe7e0375d6aa1f59ad5753', 2, 3, 'Refund', '[]', 0, '2020-05-05 03:56:26', '2020-05-05 03:56:26', '2021-05-05 03:56:26'),
	('55d109ec7d4f20643048e28fa45002bc0a7c92bc84cdba42b2e59c4d95300750d789e103a228066a', 2, 3, 'Refund', '[]', 0, '2020-06-18 02:42:14', '2020-06-18 02:42:14', '2021-06-18 02:42:14'),
	('55e3e4481b6c86faa210c62f92b126c809b9d7a674787211519d2c0ac0588f071761790712440d62', 3, 3, 'Refund', '[]', 0, '2020-05-04 09:43:25', '2020-05-04 09:43:25', '2021-05-04 09:43:25'),
	('560cb399f76425331e448e3795f2cfdb7b863cd395799b0fd9e54d6e146e38eb0622425df2d75273', 1, 1, 'Laravel', '[]', 0, '2020-01-06 03:55:46', '2020-01-06 03:55:46', '2021-01-06 03:55:46'),
	('5627f0cfabc33c030a45433b76a3eecfad1453c1c33f49726e477f8fa282847640be68f748175378', 2, 1, 'Laravel', '[]', 0, '2019-12-27 02:48:09', '2019-12-27 02:48:09', '2020-12-27 02:48:09'),
	('56b8a57f3b56825bb9b0895141907cbbbc552d396e82a5e5eb67c0b6fdf0bc87080f25c5c32529fc', 1, 1, 'Laravel', '[]', 0, '2020-01-06 04:04:24', '2020-01-06 04:04:24', '2021-01-06 04:04:24'),
	('56fc6d6ea7745b54ad3abbbc79fd79a2951757de72df18b0967f85aad2054e31c68173ca72f1b116', 1, 1, 'Laravel', '[]', 0, '2020-05-03 10:37:12', '2020-05-03 10:37:12', '2021-05-03 10:37:12'),
	('58251b9f0814527d3b04eea1361a40c6a25cb65193e93dedd8c3c658852785089721b5fecbece58b', 1, 3, 'Refund', '[]', 0, '2020-05-06 19:41:15', '2020-05-06 19:41:15', '2021-05-06 19:41:15'),
	('587946a4e394e077faacb51fc95ebb01caff5b82c109ad1fb78dd586ef10d1aafa0c02f28298dcde', 1, 1, 'Laravel', '[]', 0, '2020-01-06 04:08:18', '2020-01-06 04:08:18', '2021-01-06 04:08:18'),
	('592bf9215f7500e5cc20abe7b1dc19c9312b4e3c16a42d8b7c313ba6974748b475dc5b7ce85661ea', 2, 1, 'Laravel', '[]', 0, '2020-03-12 07:05:59', '2020-03-12 07:05:59', '2021-03-12 07:05:59'),
	('59bec2689b90e584c873a8f3add78f907b369564e97b7f0c0cd33fbd9e6f17f43d2ebbc91f6a932d', 1, 3, 'Refund', '[]', 0, '2020-05-06 10:09:39', '2020-05-06 10:09:39', '2021-05-06 10:09:39'),
	('59beddf5f16e14cfa88ebd4e89adc12ca111222c8593d3892b22c2c37d6e7501b2ec024916e472ed', 1, 3, 'Refund', '[]', 0, '2020-05-06 10:31:22', '2020-05-06 10:31:22', '2021-05-06 10:31:22'),
	('5acaccbc4389afcbcb4d6f35f352d9792b3e69a076c244f7d75b338d89c0308a7ca439efaa412734', 2, 3, 'Refund', '[]', 0, '2020-05-06 07:17:11', '2020-05-06 07:17:11', '2021-05-06 07:17:11'),
	('5bd05c78277d19d3dd8c410404a98a0df364ae8c69425f46106215a0009476ac13e3840de524eb53', 2, 1, 'Laravel', '[]', 0, '2020-05-02 17:40:01', '2020-05-02 17:40:01', '2021-05-02 17:40:01'),
	('5bfd2ecc65ad2bd4a38da3c1aab6165f16baa32c7b8fe3b5d9879b1475c3c430eaef01e0e838acce', 2, 3, 'Refund', '[]', 0, '2020-05-06 07:23:52', '2020-05-06 07:23:52', '2021-05-06 07:23:52'),
	('5d3a83a271f07abe8824332311ca1f343017d29edcf640ab57ffc09d4d18e2022a462122a5ae5e17', 1, 3, 'Refund', '[]', 0, '2020-05-09 16:32:58', '2020-05-09 16:32:58', '2021-05-09 16:32:58'),
	('5d86d3a77e23bdfea4e182fa4bb2ec309ce57fa4f75c52263ea91bb51d7906ee4add1b4154161026', 2, 1, 'Laravel', '[]', 0, '2020-03-10 08:12:59', '2020-03-10 08:12:59', '2021-03-10 08:12:59'),
	('5f13929a41572621e347cb42b303f001898b86ae195c77299bc4d8f4d4b991421d8983069673a50b', 1, 3, 'Refund', '[]', 0, '2020-05-12 04:28:14', '2020-05-12 04:28:14', '2021-05-12 04:28:14'),
	('5f36821cc2474f46369e068e1d9e0e380462a2a6ec1f22d00d889bbe394e6cbd5b15d1eebfdfb10f', 1, 1, 'Laravel', '[]', 0, '2020-01-06 04:08:17', '2020-01-06 04:08:17', '2021-01-06 04:08:17'),
	('5fccaaec12e16068008ff73be4308a7e1956a68a241a869366e15b16c929c9361fcf76352f376fe6', 2, 1, 'Laravel', '[]', 0, '2020-03-02 08:14:09', '2020-03-02 08:14:09', '2021-03-02 08:14:09'),
	('60a51eb8ea608637d18d3f7178e496feb0ec54304d7d593222cdd6d61acde910ec8ac257f37a5b7a', 1, 1, 'Laravel', '[]', 0, '2020-05-03 13:17:37', '2020-05-03 13:17:37', '2021-05-03 13:17:37'),
	('61b172024365fee7af46c983901f59f2715332b578203cbbeb0b771ccd98662a5a21f5622f982888', 1, 3, 'Refund', '[]', 0, '2020-05-06 10:32:11', '2020-05-06 10:32:11', '2021-05-06 10:32:11'),
	('62e9cd18556c0d430c23dcaaea7a039678aa1db34b6cf608390cbd81be19822f41ceed9c3ee53089', 2, 1, 'Laravel', '[]', 0, '2020-04-09 02:20:57', '2020-04-09 02:20:57', '2021-04-09 02:20:57'),
	('63c30c36c96970742d90b85faf4db6d4ec2482ea81a29e68ed0cd75660d3be3b0192d481de5371ea', 1, 3, 'Refund', '[]', 0, '2020-05-06 10:32:53', '2020-05-06 10:32:53', '2021-05-06 10:32:53'),
	('664cda5e0fbc61c98416d091a8519d50d2a3b51e29e8f8bda9ff237d81a5d99455d7a0f61d07586d', 1, 2, NULL, '[]', 0, '2019-12-26 02:19:31', '2019-12-26 02:19:31', '2020-12-26 02:19:31'),
	('665d549029842ebc710b19d5056f4c8c13e9ea336e5a9af6b18cbe5ad86662e3a2f7caec46aa3bcc', 1, 3, 'Refund', '[]', 0, '2020-05-08 14:18:17', '2020-05-08 14:18:17', '2021-05-08 14:18:17'),
	('66a0cfef02fb0570b862017874701ac2ed9f00a512deff2c302d7bdf3f26f640d37cc01f1990f2d0', 1, 1, 'Laravel', '[]', 0, '2020-03-04 08:36:06', '2020-03-04 08:36:06', '2021-03-04 08:36:06'),
	('66a286e5b560b86a6e21e87af14c2e6ae937757ac5240317229f8f0776c8d98879bb1dbdcd0f43d1', 3, 3, 'Refund', '[]', 0, '2020-05-04 13:30:00', '2020-05-04 13:30:00', '2021-05-04 13:30:00'),
	('671042faa588d523cc3b9083fed78e5e50f35a3cc94516954c74bf868ac5da1a9ece2bcbe24af92e', 2, 1, 'Laravel', '[]', 0, '2019-12-27 02:27:01', '2019-12-27 02:27:01', '2020-12-27 02:27:01'),
	('67f1c3a93a173375543c5c614ba119054ab96f8dec983518e6d251d2ffca258b2c4c92b677d75921', 1, 3, 'Laravel', '[]', 0, '2020-05-03 14:53:19', '2020-05-03 14:53:19', '2021-05-03 14:53:19'),
	('68b0105ebd7031b90c99a70cade436f3c0c6cb5686cc5d0493ccb4244cdc720f641ad8bb0bd32dfb', 1, 1, 'Laravel', '[]', 0, '2020-01-06 04:08:21', '2020-01-06 04:08:21', '2021-01-06 04:08:21'),
	('6ab923028505420d17f60bff6ea6f741fd61090aff78e2e3faf025534d2b805d6ee243cba078e6e5', 2, 1, 'Laravel', '[]', 0, '2020-01-06 03:54:08', '2020-01-06 03:54:08', '2021-01-06 03:54:08'),
	('6afa0ae13ca86e482994ad0f01609133d5763627194d1e08fcabeb884fb83c60cd9fe098891b3650', 2, 3, 'Refund', '[]', 0, '2020-05-04 10:04:16', '2020-05-04 10:04:16', '2021-05-04 10:04:16'),
	('6b36d5fb5da1063d3245ff32e6fd71d0163f24af4bf5ec9fce146eaf3eb16c938983dd3fd8960146', 1, 1, 'Laravel', '[]', 0, '2020-01-06 04:08:19', '2020-01-06 04:08:19', '2021-01-06 04:08:19'),
	('6c7f4891a88c960744641b3677a18bade6a84570e5d386c336e5e5f7dbca4b7260b0aba28afa3b44', 2, 1, 'Laravel', '[]', 0, '2020-03-02 02:36:48', '2020-03-02 02:36:48', '2021-03-02 02:36:48'),
	('6d16767bffbeb59430d05f58f5f9406501a3899be27a1d061ed3b0b3ad6de952ae50e5bbbd0d0bfc', 1, 1, 'Laravel', '[]', 0, '2020-01-06 03:53:41', '2020-01-06 03:53:41', '2021-01-06 03:53:41'),
	('6d2a2c16f96a5543864aee14b7bb2bf3cce12403d61fd6a789178eb07f61175469ca2817fee8a646', 1, 3, 'Refund', '[]', 0, '2020-05-04 09:39:27', '2020-05-04 09:39:27', '2021-05-04 09:39:27'),
	('6e84e29bfa56fb918ed6b97fc033ffcad0bb63717962e80e6e5418914356eee747191c9053271072', 1, 1, 'Laravel', '[]', 0, '2020-01-06 03:54:35', '2020-01-06 03:54:35', '2021-01-06 03:54:35'),
	('6fce3bd364d20e370039cc574bbec85044b8794d4482ce87120acf0cf7032bdd2664b0668d161bd9', 1, 1, 'Laravel', '[]', 0, '2020-05-03 14:13:26', '2020-05-03 14:13:26', '2021-05-03 14:13:26'),
	('727a06cf4d85c9e1fb08864e8a5a39526443186074215383b4513ff150cf6e79192c3052609f76d7', 1, 1, 'Laravel', '[]', 0, '2020-05-02 17:13:50', '2020-05-02 17:13:50', '2021-05-02 17:13:50'),
	('742077ba158a620df75e7eb90eaf4332593fbedc7963df881fed1c448e3c8da4978da4e0b40f719b', 2, 1, 'Laravel', '[]', 0, '2020-03-02 02:36:18', '2020-03-02 02:36:18', '2021-03-02 02:36:18'),
	('74563a9a32f7b5dbe13e667badc9b1c9031867f0338949bd375bcb135e1b6cbf4bec9c6f6f7e2e2e', 3, 3, 'Refund', '[]', 0, '2020-05-04 13:18:17', '2020-05-04 13:18:17', '2021-05-04 13:18:17'),
	('74da5a27ed2da05b4b260a4686b802e97e6cc299022bfce62243cefcfda076a178f68a74b1ca1dba', 1, 3, 'Refund', '[]', 0, '2020-06-04 04:04:28', '2020-06-04 04:04:28', '2021-06-04 04:04:28'),
	('752bb65f29b7cc0ebe049a1594f5dccee5a36ac52c98788a2587d5df5f0f5ea4968c280187737305', 2, 1, 'Laravel', '[]', 0, '2020-05-02 17:09:18', '2020-05-02 17:09:18', '2021-05-02 17:09:18'),
	('7618807fcb6b0b61de59231f57e7b81b5b7e31d42927e026cf55382e42cfc8541f59c2d3e60f5019', 2, 1, 'Laravel', '[]', 0, '2020-03-04 01:46:37', '2020-03-04 01:46:37', '2021-03-04 01:46:37'),
	('766443607ec058045336958a7408dac4253d4f18162206254fba1ac0149d9c0e01c2c772f5ace2e3', 1, 1, 'Laravel', '[]', 0, '2020-01-06 04:04:25', '2020-01-06 04:04:25', '2021-01-06 04:04:25'),
	('778c47be836cd48aee6474e56df228bbcb9b7ee35e34c7fff47112b3d7474f84c0535693d0ac9bc7', 1, 3, 'Refund', '[]', 0, '2020-05-06 10:26:04', '2020-05-06 10:26:04', '2021-05-06 10:26:04'),
	('77f72a45e3946b01f020f0c9cf71e9efbf5a0b2dc2843451ec18f8809babfe43af1e242cf5b192a6', 1, 1, 'Laravel', '[]', 0, '2020-05-02 15:05:32', '2020-05-02 15:05:32', '2021-05-02 15:05:32'),
	('7880faca73d3e2730b59cc388b6a5f2faae2c289da49d1716e4228f02c16c7a0aa812ff2050bf576', 2, 1, 'Laravel', '[]', 0, '2020-03-06 02:00:19', '2020-03-06 02:00:19', '2021-03-06 02:00:19'),
	('789c21e9111e0a823e5d39f5ec870dde55835df43073538306450d12f74a8b896a066f13200ec196', 1, 2, NULL, '[]', 0, '2019-12-26 07:50:06', '2019-12-26 07:50:06', '2020-12-26 07:50:06'),
	('78afa159f7990139f1b32e13fb2ad7c96f7bfec731efc081f2fd358bdd644523c57972360887ac17', 1, 1, 'Laravel', '[]', 0, '2020-01-06 03:57:21', '2020-01-06 03:57:21', '2021-01-06 03:57:21'),
	('7a720f7053b440adb40503aabd080e282c3ca969dff0e46609ef297db7baed0d31d6cb08fa502113', 2, 3, 'Refund', '[]', 0, '2020-05-03 16:16:04', '2020-05-03 16:16:04', '2021-05-03 16:16:04'),
	('7b81d305cad2454b2072af3a05f9bcde6928779080a4b5e1e412aec3f0d6d53fa0d816cec4b7ce92', 1, 3, 'Refund', '[]', 0, '2020-05-05 12:43:45', '2020-05-05 12:43:45', '2021-05-05 12:43:45'),
	('7bde60ab2574c5cf7cbc049188ed2d4dc8aca71a38654ea15601496f81fb3ebdd2827cf623a27f42', 1, 1, 'Laravel', '[]', 0, '2020-05-02 17:06:07', '2020-05-02 17:06:07', '2021-05-02 17:06:07'),
	('7c01876c435172787b7d1c96b817e2c275ac561130525728aad5ce09df34fc2718274c4851f91799', 1, 1, 'Laravel', '[]', 0, '2020-05-02 18:12:02', '2020-05-02 18:12:02', '2021-05-02 18:12:02'),
	('7c02c061635b2de196fe5f6e6dad8f386382aac49e5e263b8d9efdd05c0da90c46c5ce3ff5c21003', 1, 3, 'Refund', '[]', 0, '2020-05-14 02:51:50', '2020-05-14 02:51:50', '2021-05-14 02:51:50'),
	('7c3964f1a6c1968f4214b3091c81edcab8a316af600f6d85a9796ae3091d191bd588aa51a59bdd16', 2, 1, 'Laravel', '[]', 0, '2020-01-06 04:11:14', '2020-01-06 04:11:14', '2021-01-06 04:11:14'),
	('7c567406be073db22277e6a12027b2b97d5f7016d55ade40dc8769aad755a6b0a708fed13b3bd555', 2, 1, 'Laravel', '[]', 0, '2020-03-03 06:43:01', '2020-03-03 06:43:01', '2021-03-03 06:43:01'),
	('7cbab2ffe6cd16ca86739a32806d733b1560027234a56e7fe8df883ca77a92709edf1e9609d6b7f9', 1, 3, 'Refund', '[]', 0, '2020-05-06 10:28:49', '2020-05-06 10:28:49', '2021-05-06 10:28:49'),
	('7d9d4a8f68eb3f3addbd9cdf36107edf50a2942168e952150ae46b911aa002c1f0decbdbff6d1945', 1, 1, 'Laravel', '[]', 0, '2020-04-07 07:37:18', '2020-04-07 07:37:18', '2021-04-07 07:37:18'),
	('7dab3837fc9f428e45360724d40c30cd635f5881856e59d0a2458a886892f2e83ce15fc545105a80', 1, 1, 'Laravel', '[]', 0, '2020-01-06 03:53:58', '2020-01-06 03:53:58', '2021-01-06 03:53:58'),
	('7ec1ecf90b1237f3cf88a8dd042bc125b67ad354f877439e49e5e4f8bc55083c10823090f487e8d3', 1, 1, 'Laravel', '[]', 0, '2020-01-06 04:08:21', '2020-01-06 04:08:21', '2021-01-06 04:08:21'),
	('7f36e1328b7f71d974c1e02686524bdd5cfac2c2d9222944963078479a461aee32639399db0bccd2', 1, 1, 'Laravel', '[]', 0, '2020-01-06 03:55:45', '2020-01-06 03:55:45', '2021-01-06 03:55:45'),
	('7f9ac34f89cba38e40df48a6e7c4e71118c9b62aef89b94a41dc20b74e078eacb2802d91a2dcddcf', 2, 1, 'Laravel', '[]', 0, '2020-03-03 08:28:54', '2020-03-03 08:28:54', '2021-03-03 08:28:54'),
	('809f8f9cd3b25e4e561d0b56ee5da371b6be3d31d3fcae7615501345f27acbf70052facb2dd8bd7b', 2, 1, 'Laravel', '[]', 0, '2020-04-14 04:41:45', '2020-04-14 04:41:45', '2021-04-14 04:41:45'),
	('8113322b6e6674256d9a14f7265d064acb84e5ba95cfae2dd6baa193853ab64b3944f7d2384204ac', 1, 1, 'Laravel', '[]', 0, '2020-03-05 09:08:31', '2020-03-05 09:08:31', '2021-03-05 09:08:31'),
	('81147f13984e741eb45308a9298f4f46ef7c803038b3fcce3d6eb8020d35cb6ad0be815ac8778bb5', 1, 1, 'Laravel', '[]', 0, '2020-03-02 02:23:29', '2020-03-02 02:23:29', '2021-03-02 02:23:29'),
	('81738e0471894f7dd029d861945f9ed773cc14e9b255b9ce8176bd51aeb5c03f4bd8b7ecd8c4ab79', 2, 3, 'Refund', '[]', 0, '2020-05-13 04:16:44', '2020-05-13 04:16:44', '2021-05-13 04:16:44'),
	('82d3f016cc5b33871d63719f45095ee8f090df588242685a8d113dd4ca81fd91cccd22252dd2e3a6', 1, 1, 'Laravel', '[]', 0, '2020-05-02 17:11:29', '2020-05-02 17:11:29', '2021-05-02 17:11:29'),
	('83372fec64917ac6e7de39001ef7a40c40cc208e4a43e8957c7733f7b0a5ec2e9fc202676aa78fad', 1, 3, 'Refund', '[]', 0, '2020-05-06 10:11:02', '2020-05-06 10:11:02', '2021-05-06 10:11:02'),
	('8461b4e48bb020f020f6c4ee23d64a1c2dcf36adf5d1f7fac29579e66210896e3c78a1c0b8eeab08', 2, 1, 'Laravel', '[]', 0, '2020-04-20 03:32:54', '2020-04-20 03:32:54', '2021-04-20 03:32:54'),
	('84da2740a73717550f05256f3330c246bd31bf70fbda24e9577d59cb0e44ba87c8908896012adb13', 1, 1, 'Laravel', '[]', 0, '2020-05-02 16:58:21', '2020-05-02 16:58:21', '2021-05-02 16:58:21'),
	('86ef118f67aaf4ac52f7da633fcf5627dd0955ba61b74c85e30fe5b5faf594684be519d8f6857539', 1, 1, 'Laravel', '[]', 0, '2020-05-02 17:33:22', '2020-05-02 17:33:22', '2021-05-02 17:33:22'),
	('870255da01368a9ab2a046b5b55896f435d878e1cf2b6eb727bd5bb96b10dd06652df8b2fabce07c', 2, 3, 'Refund', '[]', 0, '2020-06-16 03:11:21', '2020-06-16 03:11:21', '2021-06-16 03:11:21'),
	('87b22cc9bcd5d9b7de0d38baf58519dbb0b5c0234205141ca77b431fa5451198203ff8bb288dcda6', 2, 1, 'Laravel', '[]', 0, '2020-05-03 13:18:27', '2020-05-03 13:18:27', '2021-05-03 13:18:27'),
	('8d793e15cedf522ecc2c726657f10b0e309c5af8db28ee8bcbc2d22d121413c24bd0f942758a1cfa', 1, 1, 'Laravel', '[]', 0, '2020-01-06 04:08:19', '2020-01-06 04:08:19', '2021-01-06 04:08:19'),
	('8e75f57edc93d79c6ad1f64a47494a61565035f62bf0a8180115fa74d651f0421d84b8a083a2e7ec', 1, 2, NULL, '[]', 0, '2019-12-26 03:46:48', '2019-12-26 03:46:48', '2020-12-26 03:46:48'),
	('8eaaf9e94d88ef51655e25e33c7426f47f95950d62f262e071b89950b9324fea4a334b319be502ec', 1, 1, 'Laravel', '[]', 0, '2020-01-06 04:10:57', '2020-01-06 04:10:57', '2021-01-06 04:10:57'),
	('90d4208e070a71282aa061c4df59765a241d3565a4e460705f20d074e1e2dad72e51a9baf1b36a3f', 1, 1, 'Laravel', '[]', 0, '2019-12-27 02:40:38', '2019-12-27 02:40:38', '2020-12-27 02:40:38'),
	('90e1dc92606400adf777789e15125bd9cfc379aa7eedaf2d427ebf93d4714eff9442caba56c08245', 1, 1, 'Laravel', '[]', 0, '2020-01-06 03:54:00', '2020-01-06 03:54:00', '2021-01-06 03:54:00'),
	('9405948c4057a6d8491acbe1d91f5c81f1d1fcaab0432e9cdb07371cf189ec29d0295243d6e3de63', 2, 3, 'Refund', '[]', 0, '2020-06-17 09:22:00', '2020-06-17 09:22:00', '2021-06-17 09:22:00'),
	('94c8a1faa47cf6a6260aca258288e79f91c76703f4e5b6fcf16843ff90708c17afce624451b438e8', 1, 1, 'Laravel', '[]', 0, '2020-01-06 04:00:22', '2020-01-06 04:00:22', '2021-01-06 04:00:22'),
	('955c5ba6602457bb75aea4aebdbd5ab7a61ddeb761906517349d9e34878ffae02ed99d183f4a4ddf', 1, 1, 'Laravel', '[]', 0, '2020-03-04 02:01:18', '2020-03-04 02:01:18', '2021-03-04 02:01:18'),
	('960508d7772e6d119f6895bbabbe08e0e7af65d076c87927d2b9f1ee5e82269b140b6d547dc2584d', 1, 1, 'Laravel', '[]', 0, '2020-05-02 17:51:49', '2020-05-02 17:51:49', '2021-05-02 17:51:49'),
	('965d7070ff828007646620b457a7d3ed3f0f073e2f8c7efd68f555ebb9c6e8469ee477a74a527506', 2, 3, 'Refund', '[]', 0, '2020-05-06 06:10:55', '2020-05-06 06:10:55', '2021-05-06 06:10:55'),
	('9694c2fc0aded38becd68502107ad0c83eadcc9c70ed3d8ff7d71ad7eed4a942914cd0352c6137e5', 2, 3, 'Refund', '[]', 0, '2020-06-01 09:31:56', '2020-06-01 09:31:56', '2021-06-01 09:31:56'),
	('9760ccdd118b6d8992ccd8139e0051c27f306da0b8b0c05ebc81a4bdc0bd9d54babcad60bc969ad3', 1, 1, 'Laravel', '[]', 0, '2020-01-06 04:00:16', '2020-01-06 04:00:16', '2021-01-06 04:00:16'),
	('989da299b479b7e56672a28bc3a8e2514920c9d032839cd9397c17c71434557a06c3970a469751b8', 1, 3, 'Refund', '[]', 0, '2020-05-06 10:26:16', '2020-05-06 10:26:16', '2021-05-06 10:26:16'),
	('98ce6319faaaf9224a88510ea4c8ead74b9ab08f00cd8c1507e1e00cdd3c05eaca4ad183b3db450f', 1, 1, 'Laravel', '[]', 0, '2020-01-06 03:53:47', '2020-01-06 03:53:47', '2021-01-06 03:53:47'),
	('99370bb5baef4edd3a1397084f8fd09eced861f1c85863d8acba4e18d378bbfa68d1d08c74413ae0', 1, 1, 'Laravel', '[]', 0, '2020-01-06 03:53:59', '2020-01-06 03:53:59', '2021-01-06 03:53:59'),
	('9ab2ad9730d3d6896631811a4e3b32a9ce6d6925002d5e48ec4b85d00c9a46a7be3b35978612cca6', 1, 3, 'Laravel', '[]', 0, '2020-05-03 15:03:17', '2020-05-03 15:03:17', '2021-05-03 15:03:17'),
	('9c73adbd103bad585b5e795a7b5157b5a18cbcf40c9ad7f3dc1af01e48f2e2892634f6072173c7ab', 2, 1, 'Laravel', '[]', 0, '2020-04-30 12:52:20', '2020-04-30 12:52:20', '2021-04-30 12:52:20'),
	('9e13d329b509a58db1d8de5f07ee3e3abce142b43d7a6920ca5d492fa0ac3aa0ea62343f0d3c2d59', 2, 3, 'Refund', '[]', 0, '2020-05-03 16:17:59', '2020-05-03 16:17:59', '2021-05-03 16:17:59'),
	('9f8540f9e96cc53c0f014baead9270df72fa907dde08ce33adf5198d37471534616416fc256d1344', 1, 3, 'Refund', '[]', 0, '2020-05-03 16:25:35', '2020-05-03 16:25:35', '2021-05-03 16:25:35'),
	('a07defe3fd5f7132c6010a2b23e74d343544bc1f3a97fc38f15d1ed4c63e76ad08526e306814c75f', 2, 1, 'Laravel', '[]', 0, '2020-05-02 17:42:25', '2020-05-02 17:42:25', '2021-05-02 17:42:25'),
	('a0a8cc081add98f1261a83c3de05b7c776741fb5fd0c29c5e741caaa2734aeef048b13653b3297a3', 2, 1, 'Laravel', '[]', 0, '2020-03-02 02:37:47', '2020-03-02 02:37:47', '2021-03-02 02:37:47'),
	('a1d1ea768ef4ff1dfb218cf983c590de522e1786b9587d61b7ec235e2166530837ed11397f67944f', 1, 3, 'Refund', '[]', 0, '2020-05-13 03:25:29', '2020-05-13 03:25:29', '2021-05-13 03:25:29'),
	('a2b325a9ecb709dbe1185e7f001ff1a5341c72d2d45b9a81d5f9e29ab5b50a762b582d6b1194b9a4', 1, 1, 'Laravel', '[]', 0, '2019-12-27 01:09:22', '2019-12-27 01:09:22', '2020-12-27 01:09:22'),
	('a377050abd689309d3ce4f0a439a1026ccac79b9f0b346748995a664848291eec0c47165c3a7e9df', 2, 3, 'Refund', '[]', 0, '2020-05-06 11:14:23', '2020-05-06 11:14:23', '2021-05-06 11:14:23'),
	('a3fa7aed35287dbc0bbc55e0cefd023df69ded906b13b5fb0e46dbb556689803466b0dfb9369b024', 2, 1, 'Laravel', '[]', 0, '2020-05-02 17:08:00', '2020-05-02 17:08:00', '2021-05-02 17:08:00'),
	('a4160cdccc03adb40482e0d99897e210047521979684521ccea99105368326dcd89f19ca022d41c6', 1, 1, 'Laravel', '[]', 0, '2020-01-06 04:04:25', '2020-01-06 04:04:25', '2021-01-06 04:04:25'),
	('a430a8a4d1848ed13ecbcd0212fa5f2ddadf2d422512a44154ac62180b948c91e1b2757da4266e33', 1, 1, 'Laravel', '[]', 0, '2020-05-02 17:06:20', '2020-05-02 17:06:20', '2021-05-02 17:06:20'),
	('a443cc723a0bf6cc2f7411699d79510eaa241ce179b364af5f1affd3f3358c12435bdd1722b6bd24', 1, 3, 'Laravel', '[]', 0, '2020-05-03 14:55:22', '2020-05-03 14:55:22', '2021-05-03 14:55:22'),
	('a678bb314f918dc86349e603313030fd533e9413ca81acefbf658eadcc8c49a8d63b7e7f64707f6b', 1, 1, 'Laravel', '[]', 0, '2020-05-02 20:02:22', '2020-05-02 20:02:22', '2021-05-02 20:02:22'),
	('a6d6d7924f657fbe46c270ad3f4dd4032343243cbaad7f2fe158fef00d39b414baa0b3392950e6ce', 1, 1, 'Laravel', '[]', 0, '2020-05-02 18:55:17', '2020-05-02 18:55:17', '2021-05-02 18:55:17'),
	('a6dc243f90f666441a3bdab58acf9748932f25c3cf8fed3cfd1a6060e49395698d3d3455d05e4b89', 2, 1, 'Laravel', '[]', 0, '2020-04-28 13:21:42', '2020-04-28 13:21:42', '2021-04-28 13:21:42'),
	('a6f4691263be7c0c08da6597533db7c3a505fe9b1a28b361251076a90dc89186195cbf7585fe5f4e', 3, 3, 'Refund', '[]', 0, '2020-05-04 09:16:20', '2020-05-04 09:16:20', '2021-05-04 09:16:20'),
	('a80c7127b51b1f618f2359c6ccd6fed3e7c71b511b4d45537e2744d11607d3123e3a7895a2c55e10', 1, 1, 'Laravel', '[]', 0, '2020-05-03 14:12:43', '2020-05-03 14:12:43', '2021-05-03 14:12:43'),
	('aa1b3287f74b23d1bf5c02149a810564411c83b2a82635934b3032a48b37b5ff8ae771e1f2438fda', 1, 1, 'Laravel', '[]', 0, '2020-05-02 16:49:37', '2020-05-02 16:49:37', '2021-05-02 16:49:37'),
	('ab50e9938d16399b7708697d37be1b41c8b51581ad6a2c29f4fdfb8be595a2e38945fe39cfeed858', 1, 3, 'Refund', '[]', 0, '2020-05-06 10:21:56', '2020-05-06 10:21:56', '2021-05-06 10:21:56'),
	('abf809ee7344dd99b1781fc0669b3cf86e0e9c18ee46e4800458e4f8f8cba3dce9d18daa8b4f1866', 2, 1, 'Laravel', '[]', 0, '2020-04-08 07:59:55', '2020-04-08 07:59:55', '2021-04-08 07:59:55'),
	('ad6c5fdca72a5d11f57cba583a2dc377e27fbba37c87990af99b385fab44405f99a54430291ab0c7', 1, 3, 'Refund', '[]', 0, '2020-05-06 10:02:18', '2020-05-06 10:02:18', '2021-05-06 10:02:18'),
	('ade894434f51e6ca9d98d40aac594e9d4cde129d2ca52061ec9cc6a7a78bd84608446d6225c8bf28', 1, 3, 'Refund', '[]', 0, '2020-05-06 10:08:43', '2020-05-06 10:08:43', '2021-05-06 10:08:43'),
	('ae29d591c38a9c0af5afa44ca422482062ca7134fe2952019f25a9a2f683d52587073948296069e1', 2, 1, 'Laravel', '[]', 0, '2020-01-06 03:54:09', '2020-01-06 03:54:09', '2021-01-06 03:54:09'),
	('af3ac773c93d4f62874d4c7bb058b332f3d755973e6436303cfaf13c0c52c466ff077f7d81c4638d', 1, 1, 'Laravel', '[]', 0, '2020-01-06 04:00:22', '2020-01-06 04:00:22', '2021-01-06 04:00:22'),
	('b0578594aa4a46ba38d427b2b4c31ae994e1592cc21165b1b639b7d2b6b855ffc6a2622532a9a5ed', 1, 1, 'Laravel', '[]', 0, '2020-03-04 02:09:25', '2020-03-04 02:09:25', '2021-03-04 02:09:25'),
	('b0ade71f064d6cb7cde8269e53db929e2878b65bc4f8ac4c8dc77f112071257862da2a92f9107dc3', 3, 3, 'Refund', '[]', 0, '2020-05-04 10:06:29', '2020-05-04 10:06:29', '2021-05-04 10:06:29'),
	('b118b6d0b5e201f4a1ac77e533ed613704c97d859021ab1852727158608f24b7322a689547a24658', 1, 2, NULL, '[]', 0, '2019-12-26 02:07:12', '2019-12-26 02:07:12', '2020-12-26 02:07:12'),
	('b1293037b0f8a3d2a6357177b5b2f05d65de9cb0f2a595c5db6a664e460678e1a34574518c71b48e', 1, 3, 'Refund', '[]', 0, '2020-05-06 10:05:52', '2020-05-06 10:05:52', '2021-05-06 10:05:52'),
	('b2ab46081fe52f6574a64545a84ac45901c51624d669e14a4f56d14da4e080494813fede61b620ab', 7, 3, 'Refund', '[]', 0, '2020-06-19 09:25:23', '2020-06-19 09:25:23', '2021-06-19 09:25:23'),
	('b2dd1b47a18a52e699358d855512bd2749a28bc788780df5695e6d97af5f17031dc5b2439d7e3296', 2, 3, 'Refund', '[]', 0, '2020-05-04 09:36:03', '2020-05-04 09:36:03', '2021-05-04 09:36:03'),
	('b365905f21156a73d097f63dcac620362dfeaeeb7f6315f2a41ef2989cd2a2cfe1d1ab474d2b1ed3', 2, 1, 'Laravel', '[]', 0, '2020-04-07 07:41:29', '2020-04-07 07:41:29', '2021-04-07 07:41:29'),
	('b4c91bf6d9505649c929e653db8216420f7f8cbef9aa7e7739e4d1b8deaf95f69339598511c8b6e9', 1, 1, 'Laravel', '[]', 0, '2020-01-06 04:00:21', '2020-01-06 04:00:21', '2021-01-06 04:00:21'),
	('b50b8face2b92560644f8a598188e399efc29264a0b8d22561e24b427f1ea758a66eddc064d19db1', 1, 1, 'Laravel', '[]', 0, '2020-05-02 18:30:23', '2020-05-02 18:30:23', '2021-05-02 18:30:23'),
	('b5fc3f6ba79ddf82f22b2eed422cb775ca844d08c257d143b3c96b9d4331de72c2930de286b12a22', 1, 1, 'Laravel', '[]', 0, '2020-05-03 07:58:10', '2020-05-03 07:58:10', '2021-05-03 07:58:10'),
	('b877e705ddec56e2161a26d144a0423a7dedaa39242538883398f024786b7606eae91349a593e28e', 2, 3, 'Refund', '[]', 0, '2020-05-05 03:38:10', '2020-05-05 03:38:10', '2021-05-05 03:38:10'),
	('b89871077e5279d45c65069db8f5781e3e70f4d0cf367f10672ddffd814bff3521a7a6384b17fd31', 1, 1, 'Laravel', '[]', 0, '2020-05-02 17:13:56', '2020-05-02 17:13:56', '2021-05-02 17:13:56'),
	('ba4654e90a09bcf9c38237e204b9b28e6b82e69d809a5253d850464bd62e14ace7eac89ffb430dfb', 1, 2, NULL, '[]', 0, '2019-12-26 09:11:16', '2019-12-26 09:11:16', '2020-12-26 09:11:16'),
	('bc18a6b2730dde13b7c241f42ac147e05b5e6dce306426ae576819a37935544846b2206ed8a320d2', 2, 3, 'Refund', '[]', 0, '2020-05-06 19:28:38', '2020-05-06 19:28:38', '2021-05-06 19:28:38'),
	('bcf11fc8570c1fc008049a0e9d8741e57f715310dabba9283ddb354e8b23d367177577dfa069a57c', 2, 1, 'Laravel', '[]', 0, '2020-03-03 06:59:51', '2020-03-03 06:59:51', '2021-03-03 06:59:51'),
	('be3225ee4c0004f57653df312a8c5dc141cb54dab5dc3fd7ffcc3ac1f36193094f9e6a05966d42d8', 1, 1, 'Laravel', '[]', 0, '2020-05-02 19:09:30', '2020-05-02 19:09:30', '2021-05-02 19:09:30'),
	('bf51332d6a50271edde78c55f1322d9010df8be74be42d1e049a1292a7988f3306bf37d1fb6552af', 1, 1, 'Laravel', '[]', 0, '2020-01-06 03:55:05', '2020-01-06 03:55:05', '2021-01-06 03:55:05'),
	('bf5594aeaf3b8ce32d57a24c55c4f8d19a39a109b32ada37d9ec63a305c26b8285915f525989038c', 2, 1, 'Laravel', '[]', 0, '2020-04-13 02:07:05', '2020-04-13 02:07:05', '2021-04-13 02:07:05'),
	('bffaf8dba849a21a61eb5f006eeb9614980ee8339ed904c39780c5948ddcfd520d50769f08df5557', 1, 3, 'Refund', '[]', 0, '2020-05-05 10:02:24', '2020-05-05 10:02:24', '2021-05-05 10:02:24'),
	('c01c891c22679f00815339364c67591263a05df7e901f3d949fd988d66e5d8ddc6e774c5601e3dc6', 1, 3, 'Refund', '[]', 0, '2020-05-06 10:02:45', '2020-05-06 10:02:45', '2021-05-06 10:02:45'),
	('c1ce2b03baec2c9362315ead64b8f7a99ca4ca4356f5b0b6b6fece9ff11196a287e1091b15ca4767', 2, 1, 'Laravel', '[]', 0, '2020-03-03 06:42:09', '2020-03-03 06:42:09', '2021-03-03 06:42:09'),
	('c20e49bbb41b30eb43bc0bffba47c3e5d9a88f4ed1049029c3064f2c16d968b13439017ebbd37650', 1, 1, 'Laravel', '[]', 0, '2020-05-02 17:03:37', '2020-05-02 17:03:37', '2021-05-02 17:03:37'),
	('c28a28aae6ba5e0f2e76e02c5a16854bde9064258e820a334fb5c72e7c53f689d0ff11afd15d7957', 1, 1, 'Laravel', '[]', 0, '2020-05-03 11:14:07', '2020-05-03 11:14:07', '2021-05-03 11:14:07'),
	('c29935a9aff577ddec22810aaa6d294aabc88d7938149be68b9dce92629fb6906cba921ac0c78b87', 1, 1, 'Laravel', '[]', 0, '2020-04-09 06:58:55', '2020-04-09 06:58:55', '2021-04-09 06:58:55'),
	('c2fbdecacd978944958ab819f312e9158b8ea7ec5d35151667d3dfca7874feb98841578a25efdd7a', 1, 1, 'Laravel', '[]', 0, '2020-05-03 09:29:45', '2020-05-03 09:29:45', '2021-05-03 09:29:45'),
	('c4187957d31f389d9cf512e7910c7dc920d7d577b0de00f22908fffce773d0c0fdf9d26d23c2b60b', 1, 3, 'Refund', '[]', 0, '2020-05-06 10:18:18', '2020-05-06 10:18:18', '2021-05-06 10:18:18'),
	('c457c6ef07f99a8d236b6b7c61f4b15cbdf61faecd2f5488e6a9c88f848dbe5ab146f32725bc3421', 2, 1, 'Laravel', '[]', 0, '2020-04-07 02:33:01', '2020-04-07 02:33:01', '2021-04-07 02:33:01'),
	('c4b39fdec8e36737a0e07188bfa6acc2fd7c07181383e6a3b1679cc0cc76429c9fee517ac95e7c4d', 2, 1, 'Laravel', '[]', 0, '2020-03-06 03:17:19', '2020-03-06 03:17:19', '2021-03-06 03:17:19'),
	('c4d2b4cbe1473941f13c79c3d403973879bf2fc3392dd8fb568cc9aa4b5e735329115f4f285d5933', 2, 1, 'Laravel', '[]', 0, '2020-03-03 07:00:44', '2020-03-03 07:00:44', '2021-03-03 07:00:44'),
	('c4d66df2799b52423a3d14850b1d5df69f2cc2c1f2b1f730656d041b3eb681118f64602b874086d0', 2, 1, 'Laravel', '[]', 0, '2020-03-04 08:40:09', '2020-03-04 08:40:09', '2021-03-04 08:40:09'),
	('c4d9ac8ca172a6006eef94a107090f3534847a851ec9dff7d8d8f9b8c98a062314147ece61e449af', 1, 1, 'Laravel', '[]', 0, '2020-01-06 03:55:59', '2020-01-06 03:55:59', '2021-01-06 03:55:59'),
	('c60c8aede7d1f5ecb364906c43bc8fa7f11d67b4c858c45157e80647457cea08e36c3df8caaa6973', 2, 1, 'Laravel', '[]', 0, '2020-04-10 02:30:17', '2020-04-10 02:30:17', '2021-04-10 02:30:17'),
	('c71dd2b11e0e81ee25ceca75a830ec4184308b2a90ab272cc15676936b45bfaf5649793eebd9636e', 2, 1, 'Laravel', '[]', 0, '2020-05-02 11:16:14', '2020-05-02 11:16:14', '2021-05-02 11:16:14'),
	('c8bb9fdb9cc5aa842b5021dd2dc640c7e3bf2bb6045466e62fa533f3cf5d77178e5679487e6e3fb3', 1, 1, 'Laravel', '[]', 0, '2020-01-06 03:54:34', '2020-01-06 03:54:34', '2021-01-06 03:54:34'),
	('ca2692def5b21aeaa2509af0fe61c03f381d0403e9470087fb15b001cfef74055ea554dad61dab35', 1, 1, 'Laravel', '[]', 0, '2020-01-06 04:00:23', '2020-01-06 04:00:23', '2021-01-06 04:00:23'),
	('cbf1b87aca6c66b90f06651edc0e51da5e86fe30718e98df2c4c55512e74078722bc4e246ea13e86', 1, 3, 'Refund', '[]', 0, '2020-05-06 14:46:25', '2020-05-06 14:46:25', '2021-05-06 14:46:25'),
	('cc43a474f22b2eb3d889819151424fa4d31245ee1a5c2e457056a563a31e7090265902f8c9e8c9a3', 1, 1, 'Laravel', '[]', 0, '2020-05-02 19:17:59', '2020-05-02 19:17:59', '2021-05-02 19:17:59'),
	('ccae057eb13e78189d1b1a7f5d0b665fba1f89e77a07b2b2e006c0b2c96b4a3bf57c652263a9706c', 1, 3, 'Refund', '[]', 0, '2020-05-04 10:07:51', '2020-05-04 10:07:51', '2021-05-04 10:07:51'),
	('cd5983ffa92ddc2d701ea83fac2f8cebc20f9e05370d2d1d2b3f8bf3ed69a7059c24bee6cd977c72', 1, 1, 'Laravel', '[]', 0, '2020-01-06 04:10:39', '2020-01-06 04:10:39', '2021-01-06 04:10:39'),
	('ce14a53d7a96c9c49eb0e1aa0247c0c1d9d12b02751ff9d1352d88e2263f4e2edf855c379bd32b45', 1, 3, 'Refund', '[]', 0, '2020-05-06 10:13:46', '2020-05-06 10:13:46', '2021-05-06 10:13:46'),
	('ce327d7b8ef8c781bbe84115de4a94ba69e32c478be77b59ecccfc4c7c1c70dc873409eebd676613', 2, 1, 'Laravel', '[]', 0, '2020-05-01 13:18:15', '2020-05-01 13:18:15', '2021-05-01 13:18:15'),
	('cf1888d3de15823cd71ab09c7b3658c08f1cf6366d196e0ff2626c1d48166a8c9f9c28ead978d241', 2, 3, 'Refund', '[]', 0, '2020-05-05 13:50:27', '2020-05-05 13:50:27', '2021-05-05 13:50:27'),
	('cf3420c4e1369e4eca52b0cf7ae3c56bcb79ba54fb985cb4c0bc0d7926ce11693982ca2607e323e4', 1, 1, 'Laravel', '[]', 0, '2020-05-02 19:13:18', '2020-05-02 19:13:18', '2021-05-02 19:13:18'),
	('cfbbf46c69f2c9986b2b967c7148b92af6e500a8da3dfeff24b5d2afb317e40d3b01e876f367ee53', 2, 3, 'Refund', '[]', 0, '2020-05-03 15:49:59', '2020-05-03 15:49:59', '2021-05-03 15:49:59'),
	('d0518cb9adb3a44c71051672026af04263f3019bab46e102a883cbb826646871f5f09e9597d5ee3c', 1, 1, 'Laravel', '[]', 0, '2019-12-27 06:57:13', '2019-12-27 06:57:13', '2020-12-27 06:57:13'),
	('d0d2034e3ad74cd6a2a425f51c501770c52c39c5577a912a8216439d5ef038b67a465cfeec81f5e7', 1, 1, 'Laravel', '[]', 0, '2020-01-06 03:57:22', '2020-01-06 03:57:22', '2021-01-06 03:57:22'),
	('d20b95875c3faab328483da4b3cb4c8a8770ee882bf149e8415f4a705ae71bd1b86e68ef1e193380', 1, 1, 'Laravel', '[]', 0, '2020-05-02 17:51:26', '2020-05-02 17:51:26', '2021-05-02 17:51:26'),
	('d30b450a670c5468fc5f3547b8e27a45b2384acb3857a706e3e99b17b36dc9ef99b5fef82377c63c', 1, 1, 'Laravel', '[]', 0, '2020-01-06 03:57:23', '2020-01-06 03:57:23', '2021-01-06 03:57:23'),
	('d4ee16271e7262e293a9362ffb1c50ff15e65897637a3b281d8df505760d4edbba146b8bfa8feb50', 2, 1, 'Laravel', '[]', 0, '2019-12-27 06:57:28', '2019-12-27 06:57:28', '2020-12-27 06:57:28'),
	('d531f73d4fcc943d203f96ca65406acd42fdb069863045703436299cea99760dbbe84814c95a081d', 1, 3, 'Refund', '[]', 0, '2020-05-06 10:12:48', '2020-05-06 10:12:48', '2021-05-06 10:12:48'),
	('d5adce49f477818608608d1adefa5969387362bb0181d59875cdc3c58bf095a4cba444dc581ec9f4', 2, 1, 'Laravel', '[]', 0, '2020-03-02 07:01:59', '2020-03-02 07:01:59', '2021-03-02 07:01:59'),
	('d6895f05716b9ceb12d3caf8b672963904660aa493dcf3312e76d580aae09b3adc89ef8d57cd78f5', 1, 1, 'Laravel', '[]', 0, '2020-01-06 03:57:23', '2020-01-06 03:57:23', '2021-01-06 03:57:23'),
	('d79fb7c8ac43a6a9e0c8e9a20e1bd38598b73ae21bfd10463b8afa72fed3f4de83053612edab2908', 2, 1, 'Laravel', '[]', 0, '2020-03-03 02:41:18', '2020-03-03 02:41:18', '2021-03-03 02:41:18'),
	('d892e745dcbb6d3c63ebba3cddaf6f33572346e9328d877781dfa7964cfe9120c9dcdba24ad49232', 1, 1, 'Laravel', '[]', 0, '2020-01-06 03:55:08', '2020-01-06 03:55:08', '2021-01-06 03:55:08'),
	('d89866c242afad676d3a5cfecbce96133daff1cd8a04c25b66a39f367a7f24d577a62ce2dbe2a9f6', 1, 1, 'Laravel', '[]', 0, '2020-05-02 18:13:46', '2020-05-02 18:13:46', '2021-05-02 18:13:46'),
	('d8d1d0da1548cf3edad13e5b66dd83b78afa8379fcafebef1b6e98bb0d20edb8ec6b9f221cd1585c', 1, 3, 'Refund', '[]', 0, '2020-05-06 10:16:27', '2020-05-06 10:16:27', '2021-05-06 10:16:27'),
	('da6d37a0a781d7318d9972a2bc71ae3c4d0c54318a5f036a7a2d0fa5381e4e4a42e232e3e2c59cd0', 2, 1, 'Laravel', '[]', 0, '2020-04-07 07:27:40', '2020-04-07 07:27:40', '2021-04-07 07:27:40'),
	('db30cf4b68e52fc637d10d6062d75ac7c63e206ec269d7f7563cabc9d73327a0ba81a7bab895b506', 2, 1, 'Laravel', '[]', 0, '2020-05-03 07:58:23', '2020-05-03 07:58:23', '2021-05-03 07:58:23'),
	('dbff927e28087f964bd61e92c44059dc0d3c73de2f4cecdd2261b8bd6152009c1e921807eb713549', 1, 1, 'Laravel', '[]', 0, '2020-01-06 03:55:08', '2020-01-06 03:55:08', '2021-01-06 03:55:08'),
	('dccd385f4fbc85783850ad783dee5c1fd62b0b275d28838c1b9a561f8b3a422ab5d96119ff7ab52a', 2, 3, 'Refund', '[]', 0, '2020-05-04 13:20:07', '2020-05-04 13:20:07', '2021-05-04 13:20:07'),
	('dd6a801b533c446a681d238f004e23cd71df14b2d24eb540f1527138af8299f6cf9441686d3abedc', 1, 1, 'Laravel', '[]', 0, '2020-01-06 04:04:24', '2020-01-06 04:04:24', '2021-01-06 04:04:24'),
	('e0e0e3c696e79b98665a0d10dfb52fb941c8f7ca4e8df0594d2dd7e744cacc2f5e0f931416fb59a8', 2, 1, 'Laravel', '[]', 0, '2020-05-02 19:13:49', '2020-05-02 19:13:49', '2021-05-02 19:13:49'),
	('e1639cc2147ab719b6b22f6b040fb60c02d57bc1370c7d3c01b8b8ce675377447b00fa4af3273014', 1, 1, 'Laravel', '[]', 0, '2020-01-06 04:08:19', '2020-01-06 04:08:19', '2021-01-06 04:08:19'),
	('e226e2f599e8c7c70b835c72e4bd98fea1ca35043545aeb89c400aeee86e39cc262cb1bde2032dba', 1, 1, 'Laravel', '[]', 0, '2020-01-06 04:08:20', '2020-01-06 04:08:20', '2021-01-06 04:08:20'),
	('e256b915af4e0776ddb7a8a98098061e1c3c956d56e646259c41fbfe2316b5f5f17edcdc49898046', 1, 2, NULL, '[]', 0, '2019-12-26 09:17:21', '2019-12-26 09:17:21', '2020-12-26 09:17:21'),
	('e2fad9b4b7d65da8da484dc7090d5dca79ce2e8493461a361bf89166e2835b6b93d946701feec414', 1, 1, 'Laravel', '[]', 0, '2020-05-02 17:44:13', '2020-05-02 17:44:13', '2021-05-02 17:44:13'),
	('e351c03e00730fec8ccc050aaa33c55d45c8359a16f3291a1ac44e722823acab75e02a53e43bc511', 1, 3, 'Laravel', '[]', 0, '2020-05-03 14:34:57', '2020-05-03 14:34:57', '2021-05-03 14:34:57'),
	('e3ccb8823a497c2704bb3a1517384dbe16a39ad8b91762dee98bf60d1ca6d4a068c9e5bea4274006', 1, 1, 'Laravel', '[]', 0, '2020-04-08 08:56:38', '2020-04-08 08:56:38', '2021-04-08 08:56:38'),
	('e403b47ce0a69eb52e9f14d68a8b6cf326b74c3938d47325413955c59b6bc8dd99ef35b5d796224f', 2, 3, 'Refund', '[]', 0, '2020-05-04 08:43:22', '2020-05-04 08:43:22', '2021-05-04 08:43:22'),
	('e498b9ba8f39b42a9763d79727a13d11d51f574820db1934e45b8f36485a662e291c9ffb94aae8de', 1, 1, 'Laravel', '[]', 0, '2020-01-06 03:57:24', '2020-01-06 03:57:24', '2021-01-06 03:57:24'),
	('e527953494234fb229e556b691a264ac816ff7bc502f883d328e90b14a094b9fb605e02cba9854fd', 1, 1, 'Laravel', '[]', 0, '2020-01-06 03:54:35', '2020-01-06 03:54:35', '2021-01-06 03:54:35'),
	('e7139172614d4bcf9ad0e8c330bf33f3082853d14f6158b874c4fc9520d6554f44a3a51daca7976e', 2, 1, 'Laravel', '[]', 0, '2020-04-08 04:43:40', '2020-04-08 04:43:40', '2021-04-08 04:43:40'),
	('e7c3d1185faa7a6300d05ed57f7a51fb28dc1176d0dd4ab0fb7d90669d00c9122a079d354e06ab77', 1, 3, 'Refund', '[]', 0, '2020-05-06 10:19:39', '2020-05-06 10:19:39', '2021-05-06 10:19:39'),
	('e8312add844ff671585be9c4a62d74a9f0ec35b32144aeacf31f36082c05d449a2590c639ad090ba', 1, 1, 'Laravel', '[]', 0, '2020-01-06 04:08:18', '2020-01-06 04:08:18', '2021-01-06 04:08:18'),
	('e8781c6d578b9d6af860b15a7dc40c23a4d30414d6ee99fd019ad242ccd004fd5e08e4c23fce4eaa', 1, 1, 'Laravel', '[]', 0, '2020-05-02 17:05:56', '2020-05-02 17:05:56', '2021-05-02 17:05:56'),
	('e8cd62d59f9a83df2de0f175e7ab1dfb3050dd3cb7c4dcd1d7dc8b2c4fbbe0ca8b45bcd4f6dc1897', 2, 3, 'Refund', '[]', 0, '2020-05-06 18:44:45', '2020-05-06 18:44:45', '2021-05-06 18:44:45'),
	('eb2f0e71f5c38b97101ded17a8a195afec09ee43a9058ec95277c247f8883f0ddb11b20d44b7a041', 1, 3, 'Laravel', '[]', 0, '2020-05-03 14:45:29', '2020-05-03 14:45:29', '2021-05-03 14:45:29'),
	('eba7a67cc45e05cce4d28c256393ea1ea3c44db6037700f38514b43185c080d394fe71cac9841d36', 1, 1, 'Laravel', '[]', 0, '2020-03-02 02:40:11', '2020-03-02 02:40:11', '2021-03-02 02:40:11'),
	('ec5714588e13b343a3f57aa74bde197c03e3789fb91014ab551eba0fe864afd2810474edb171c809', 1, 1, 'Laravel', '[]', 0, '2020-05-02 17:14:10', '2020-05-02 17:14:10', '2021-05-02 17:14:10'),
	('ec5e5836be8b10ed6b7abf3ed1801f8256aa45f4eed9095ca7e9fe24b5f62c16a3b6d794e82e8e1c', 2, 1, 'Laravel', '[]', 0, '2020-03-11 01:28:18', '2020-03-11 01:28:18', '2021-03-11 01:28:18'),
	('ede6b75832ef3c64eea347883615d1b9e9835f39439f25ea66982fc0fbf6116591e4c5f1a4d39dc4', 2, 1, 'Laravel', '[]', 0, '2020-03-02 03:46:19', '2020-03-02 03:46:19', '2021-03-02 03:46:19'),
	('ee360785c5feb76e60d0b699129170f4341da13b77100bd74e5528884559bb22b876dade2bd63d78', 1, 1, 'Laravel', '[]', 0, '2020-01-06 04:08:16', '2020-01-06 04:08:16', '2021-01-06 04:08:16'),
	('f0dcbfb00ed10429be2ba82ca42ec764955ef82acb3b138985656171ac223e8bececb57a92d9e9c8', 2, 1, 'Laravel', '[]', 0, '2020-01-06 03:54:08', '2020-01-06 03:54:08', '2021-01-06 03:54:08'),
	('f194840fcf7e7ad676606cc3a68170c459505c7327849bc8ff91a5638be2501a3373358fd8fc18a7', 1, 2, NULL, '[]', 0, '2019-12-26 03:42:31', '2019-12-26 03:42:31', '2020-12-26 03:42:31'),
	('f1b1c9c6028dd2926d3e636cad2deafb2f5ae215fc8424d0d2611677b50bdfe0a7927654479ecd31', 2, 3, 'Refund', '[]', 0, '2020-05-05 12:47:31', '2020-05-05 12:47:31', '2021-05-05 12:47:31'),
	('f26534bdd418d1d567c45f8754ea527f4e71e17c83daeab71bdce297fa1ef59084915544cbb74f0c', 2, 1, 'Laravel', '[]', 0, '2020-05-02 19:13:33', '2020-05-02 19:13:33', '2021-05-02 19:13:33'),
	('f27cd65fd5acc76984565c7236206013c377f981605bc6d74fc3a9765373887cda318f796ca9aa44', 2, 1, 'Laravel', '[]', 0, '2020-03-04 02:03:57', '2020-03-04 02:03:57', '2021-03-04 02:03:57'),
	('f4c24d425f7f439b86512db72d68f3d8f16bfd1a41c983594abaffbfd4d2404ce30e5d8518edf1ae', 2, 1, 'Laravel', '[]', 0, '2020-03-09 02:36:35', '2020-03-09 02:36:35', '2021-03-09 02:36:35'),
	('f56dbc79d343cc20a12bf635526e8e2de065a9eb1a3081dea49b561846d6dc101afa43f943710157', 2, 1, 'Laravel', '[]', 0, '2020-05-01 15:01:49', '2020-05-01 15:01:49', '2021-05-01 15:01:49'),
	('f64685a8c8d1d8d75e4eb82c168d93dc33ce83caef4fa42a917d6d01a5f4330bbae5bab27b8d4aa1', 2, 1, 'Laravel', '[]', 0, '2020-04-20 07:52:45', '2020-04-20 07:52:45', '2021-04-20 07:52:45'),
	('f67848eb4dc1811b7c8fd6030d88095271f38653ee8b44d1c839d12525774d39cbfa922f6e9d5a5a', 1, 3, 'Refund', '[]', 0, '2020-06-16 03:11:08', '2020-06-16 03:11:08', '2021-06-16 03:11:08'),
	('f70c1a0cc143f98dbdc39d5977e92b272d6c99feb059a872d9ad4597e201f706f4fee5e17004f834', 2, 1, 'Laravel', '[]', 0, '2020-04-10 07:19:53', '2020-04-10 07:19:53', '2021-04-10 07:19:53'),
	('f759fa1f628fca7ca9c38b94e36b42e03f56d2c533fab51e28a41978b602d7c508ac304cbe6bc1f0', 1, 3, 'Refund', '[]', 0, '2020-05-06 05:57:48', '2020-05-06 05:57:48', '2021-05-06 05:57:48'),
	('f78fd5ab32663051c2008fbbd1c6af00a10ddfd8696dba864db47156faa3e99de3a8dde323710ec2', 1, 1, 'Laravel', '[]', 0, '2020-01-06 04:04:23', '2020-01-06 04:04:23', '2021-01-06 04:04:23'),
	('f8da56c611d53088edda99cc35a3ee84829375765643c83eae3c4481951ac0697d356380b9fd6e3e', 1, 1, 'Laravel', '[]', 0, '2020-01-06 04:08:38', '2020-01-06 04:08:38', '2021-01-06 04:08:38'),
	('fb2c77385c5420a28dff89d281056206a7bef30641bae8c254574792916a69258554beb0d3f647b8', 2, 1, 'Laravel', '[]', 0, '2020-03-03 07:45:29', '2020-03-03 07:45:29', '2021-03-03 07:45:29'),
	('fb3acf01677266b584ec9744e10e5b61dace011c87007bbf2b7b8d2257cca3070c776b7181e503a1', 1, 1, 'Laravel', '[]', 0, '2020-05-02 14:42:31', '2020-05-02 14:42:31', '2021-05-02 14:42:31'),
	('fb4fe97ddd185af695aaf41e8fe0ae7ee0c94b053006645e338913eb3e4e44c5d176e0ebf43b8b1c', 1, 1, 'Laravel', '[]', 0, '2020-05-02 18:11:18', '2020-05-02 18:11:18', '2021-05-02 18:11:18'),
	('fdd30c9c593cf289b9f504f4b0caa7986689d218252a4b0b674d4d3fa5a61ff36d59837cc8f3119b', 2, 1, 'Laravel', '[]', 0, '2020-03-06 06:00:37', '2020-03-06 06:00:37', '2021-03-06 06:00:37'),
	('ff3f5405c75f2c1fd2f96548aa78919ea4ddb636e967f583d75b308bf20268ce94606dbc4697ffc8', 1, 1, 'Laravel', '[]', 0, '2020-01-06 03:55:07', '2020-01-06 03:55:07', '2021-01-06 03:55:07');
/*!40000 ALTER TABLE `oauth_access_tokens` ENABLE KEYS */;

-- Dumping structure for table refund2.oauth_auth_codes
CREATE TABLE IF NOT EXISTS `oauth_auth_codes` (
  `id` varchar(100) COLLATE utf8mb4_unicode_ci NOT NULL,
  `user_id` bigint(20) NOT NULL,
  `client_id` int(10) unsigned NOT NULL,
  `scopes` text COLLATE utf8mb4_unicode_ci,
  `revoked` tinyint(1) NOT NULL,
  `expires_at` datetime DEFAULT NULL,
  PRIMARY KEY (`id`)
) ENGINE=InnoDB DEFAULT CHARSET=utf8mb4 COLLATE=utf8mb4_unicode_ci;

-- Dumping data for table refund2.oauth_auth_codes: ~0 rows (approximately)
/*!40000 ALTER TABLE `oauth_auth_codes` DISABLE KEYS */;
/*!40000 ALTER TABLE `oauth_auth_codes` ENABLE KEYS */;

-- Dumping structure for table refund2.oauth_clients
CREATE TABLE IF NOT EXISTS `oauth_clients` (
  `id` int(10) unsigned NOT NULL AUTO_INCREMENT,
  `user_id` bigint(20) DEFAULT NULL,
  `name` varchar(191) COLLATE utf8mb4_unicode_ci NOT NULL,
  `secret` varchar(100) COLLATE utf8mb4_unicode_ci NOT NULL,
  `redirect` text COLLATE utf8mb4_unicode_ci NOT NULL,
  `personal_access_client` tinyint(1) NOT NULL,
  `password_client` tinyint(1) NOT NULL,
  `revoked` tinyint(1) NOT NULL,
  `created_at` timestamp NULL DEFAULT NULL,
  `updated_at` timestamp NULL DEFAULT NULL,
  PRIMARY KEY (`id`),
  KEY `oauth_clients_user_id_index` (`user_id`)
) ENGINE=InnoDB AUTO_INCREMENT=5 DEFAULT CHARSET=utf8mb4 COLLATE=utf8mb4_unicode_ci;

-- Dumping data for table refund2.oauth_clients: ~4 rows (approximately)
/*!40000 ALTER TABLE `oauth_clients` DISABLE KEYS */;
INSERT INTO `oauth_clients` (`id`, `user_id`, `name`, `secret`, `redirect`, `personal_access_client`, `password_client`, `revoked`, `created_at`, `updated_at`) VALUES
	(1, NULL, 'Laravel Personal Access Client', '4u0flYt9vZYyLiYhPHcQ9bj2CrrKtOqZfrrlKLh3', 'http://localhost', 1, 0, 0, '2019-12-26 02:00:54', '2019-12-26 02:00:54'),
	(2, NULL, 'Laravel Password Grant Client', 'R6PIquMQDbcAxknaqSUgMBkSEf4WIU1lCNUU4jfk', 'http://localhost', 0, 1, 0, '2019-12-26 02:00:54', '2019-12-26 02:00:54'),
	(3, NULL, 'Laravel Personal Access Client', 'Rv6NVXtPC4XDb9ouTs66D9WpAOnyHWctASUCMqHZ', 'http://localhost', 1, 0, 0, '2020-05-03 14:21:30', '2020-05-03 14:21:30'),
	(4, NULL, 'Laravel Password Grant Client', 'yiJ8RFfE16OsVBZup8VzaE8Wms8GYUCGHszWgcLK', 'http://localhost', 0, 1, 0, '2020-05-03 14:21:30', '2020-05-03 14:21:30');
/*!40000 ALTER TABLE `oauth_clients` ENABLE KEYS */;

-- Dumping structure for table refund2.oauth_personal_access_clients
CREATE TABLE IF NOT EXISTS `oauth_personal_access_clients` (
  `id` int(10) unsigned NOT NULL AUTO_INCREMENT,
  `client_id` int(10) unsigned NOT NULL,
  `created_at` timestamp NULL DEFAULT NULL,
  `updated_at` timestamp NULL DEFAULT NULL,
  PRIMARY KEY (`id`),
  KEY `oauth_personal_access_clients_client_id_index` (`client_id`)
) ENGINE=InnoDB AUTO_INCREMENT=3 DEFAULT CHARSET=utf8mb4 COLLATE=utf8mb4_unicode_ci;

-- Dumping data for table refund2.oauth_personal_access_clients: ~2 rows (approximately)
/*!40000 ALTER TABLE `oauth_personal_access_clients` DISABLE KEYS */;
INSERT INTO `oauth_personal_access_clients` (`id`, `client_id`, `created_at`, `updated_at`) VALUES
	(1, 1, '2019-12-26 02:00:54', '2019-12-26 02:00:54'),
	(2, 3, '2020-05-03 14:21:30', '2020-05-03 14:21:30');
/*!40000 ALTER TABLE `oauth_personal_access_clients` ENABLE KEYS */;

-- Dumping structure for table refund2.oauth_refresh_tokens
CREATE TABLE IF NOT EXISTS `oauth_refresh_tokens` (
  `id` varchar(100) COLLATE utf8mb4_unicode_ci NOT NULL,
  `access_token_id` varchar(100) COLLATE utf8mb4_unicode_ci NOT NULL,
  `revoked` tinyint(1) NOT NULL,
  `expires_at` datetime DEFAULT NULL,
  PRIMARY KEY (`id`),
  KEY `oauth_refresh_tokens_access_token_id_index` (`access_token_id`)
) ENGINE=InnoDB DEFAULT CHARSET=utf8mb4 COLLATE=utf8mb4_unicode_ci;

-- Dumping data for table refund2.oauth_refresh_tokens: ~11 rows (approximately)
/*!40000 ALTER TABLE `oauth_refresh_tokens` DISABLE KEYS */;
INSERT INTO `oauth_refresh_tokens` (`id`, `access_token_id`, `revoked`, `expires_at`) VALUES
	('06ec845f550d3d9f456ed395c57ce098f9431d33eafe2dbba294dcd8175ce18b1434152456934fac', '25c7efd2a1fde6006fc8c03e62a3776c5550efd884efadfe6b9aaa92971b518411619992a1f2f1a2', 0, '2020-12-26 07:44:49'),
	('27e80c29a1754122c4143db22ab3fd9f623fa5c189fff073bfe910a6f07677755c6ad477bba2a564', '016c3aa69e63547e5a88472ed7debc6872920aac93f62f6b243cb0de267bea458204485b10caea36', 0, '2020-12-26 07:08:53'),
	('308dda09b81562ec18bfdcfa82377103e9c85e8a61ef94206e1571998685d3a68445ded91660f9db', 'b118b6d0b5e201f4a1ac77e533ed613704c97d859021ab1852727158608f24b7322a689547a24658', 0, '2020-12-26 02:07:12'),
	('46e9d84a43696076871a4fde55b7718738166f54c18ff39d3429e37e581b21b9fa735dee65a7a533', '8e75f57edc93d79c6ad1f64a47494a61565035f62bf0a8180115fa74d651f0421d84b8a083a2e7ec', 0, '2020-12-26 03:46:48'),
	('576776659c9a15168707cd3dbe5a705c7843552ede9954dbfa8184cc0aa1ee856a8b04715fe7d211', 'ba4654e90a09bcf9c38237e204b9b28e6b82e69d809a5253d850464bd62e14ace7eac89ffb430dfb', 0, '2020-12-26 09:11:16'),
	('5ba393eb1852d6ef8c1e76f52bd137a3139cdfcb9a99a7dc72b9dd14ac89616e38451ee50429b46c', '3b29e38f9f6f4a9af7169e04f89ae01b1b178c598b197a22823d66c3e111afe454906ca95c94cf85', 0, '2020-12-26 09:28:56'),
	('672db0fb96b3cd02dfb2d280cce7f4a2663d12d3716378b25498162ca4b854b6b698e5a93cfba917', '789c21e9111e0a823e5d39f5ec870dde55835df43073538306450d12f74a8b896a066f13200ec196', 0, '2020-12-26 07:50:06'),
	('7304f4414b849b7897fd7b1bc22a7085e348ab937e6b1600ac029177b5e79813a9b00f6dc2d12622', 'f194840fcf7e7ad676606cc3a68170c459505c7327849bc8ff91a5638be2501a3373358fd8fc18a7', 0, '2020-12-26 03:42:31'),
	('8e3db281aabcc848f73fd7bdd4046fa57484405cb1e4439191fc2ab5632a25c63638a37ad24b9445', '664cda5e0fbc61c98416d091a8519d50d2a3b51e29e8f8bda9ff237d81a5d99455d7a0f61d07586d', 0, '2020-12-26 02:19:31'),
	('9fa294e70f28a05ef80cb1d7004afbceedac99c1aa52e864c39ad6a0a9f4ca301d6077ac97022a36', '371ecb50b83d3d0c1f97efe30d75d5bcbb44c7315b81481df6e09e9743337c34c800792cfd8abaf2', 0, '2020-12-26 08:06:28'),
	('bd298fc3c9907e3458b3632f5914edf0457e2c4036e9386c42bf3beb323264033faa7f5448c0394d', 'e256b915af4e0776ddb7a8a98098061e1c3c956d56e646259c41fbfe2316b5f5f17edcdc49898046', 0, '2020-12-26 09:17:21');
/*!40000 ALTER TABLE `oauth_refresh_tokens` ENABLE KEYS */;

-- Dumping structure for table refund2.password_resets
CREATE TABLE IF NOT EXISTS `password_resets` (
  `email` varchar(191) COLLATE utf8mb4_unicode_ci NOT NULL,
  `token` varchar(191) COLLATE utf8mb4_unicode_ci NOT NULL,
  `created_at` timestamp NULL DEFAULT NULL,
  KEY `password_resets_email_index` (`email`)
) ENGINE=InnoDB DEFAULT CHARSET=utf8mb4 COLLATE=utf8mb4_unicode_ci;

-- Dumping data for table refund2.password_resets: ~0 rows (approximately)
/*!40000 ALTER TABLE `password_resets` DISABLE KEYS */;
/*!40000 ALTER TABLE `password_resets` ENABLE KEYS */;

-- Dumping structure for table refund2.users
CREATE TABLE IF NOT EXISTS `users` (
  `id` int(10) unsigned NOT NULL AUTO_INCREMENT,
  `name` varchar(191) COLLATE utf8mb4_unicode_ci NOT NULL,
  `email` varchar(191) COLLATE utf8mb4_unicode_ci DEFAULT NULL,
  `username` varchar(191) COLLATE utf8mb4_unicode_ci NOT NULL,
  `password` varchar(191) COLLATE utf8mb4_unicode_ci NOT NULL,
  `type` varchar(191) COLLATE utf8mb4_unicode_ci NOT NULL,
  `office_id` int(11) NOT NULL,
  `status` int(11) DEFAULT NULL,
  `remember_token` varchar(100) COLLATE utf8mb4_unicode_ci DEFAULT NULL,
  `created_at` timestamp NULL DEFAULT NULL,
  `updated_at` timestamp NULL DEFAULT NULL,
  PRIMARY KEY (`id`),
  UNIQUE KEY `users_username_unique` (`username`)
) ENGINE=InnoDB AUTO_INCREMENT=388 DEFAULT CHARSET=utf8mb4 COLLATE=utf8mb4_unicode_ci;

-- Dumping data for table refund2.users: ~3 rows (approximately)
/*!40000 ALTER TABLE `users` DISABLE KEYS */;
INSERT INTO `users` (`id`, `name`, `email`, `username`, `password`, `type`, `office_id`, `status`, `remember_token`, `created_at`, `updated_at`) VALUES
	(1, 'Rozella Marvin III', 'crohan@example.net', 'admin', '$2y$10$TKh8H1.PfQx37YgCzwiKb.KjNyWgaHb9cbcoQgdIVFlYg7B77UdFm', 'admin', 0, 1, 'IxycJmZMqf', '2019-12-26 02:05:30', '2019-12-26 02:05:30'),
	(2, 'Agustina Bartoletti III', 'jewell.shields@example.org', 'user1', '$2y$10$TKh8H1.PfQx37YgCzwiKb.KjNyWgaHb9cbcoQgdIVFlYg7B77UdFm', 'user', 2, 1, '9yY7UYZsW3', '2019-12-26 02:06:12', '2019-12-26 02:06:12'),
	(3, 'Agustina Bartoletti III', 'jewell.shields@example.org', 'user2', '$2y$10$TKh8H1.PfQx37YgCzwiKb.KjNyWgaHb9cbcoQgdIVFlYg7B77UdFm', 'user', 3, 1, '9yY7UYZsW3', '2019-12-26 02:06:12', '2019-12-26 02:06:12'),
	(4, 'สำนักงานปลัดสำนักนายกรัฐมนตรี\r', NULL, '01001', '$2y$10$PqPS.wDStSB65Dpv5xubceNCUF1SkFWDmueQq7ZY7aoIzan.FSFWy', 'user', 1, 1, NULL, '2020-06-19 09:23:12', '2020-06-19 09:23:12'),
	(5, 'กรมประชาสัมพันธ์\r', NULL, '01002', '$2y$10$laqu4BJ4z8lapicTwsjitOlTWSXGzsUedpcCwbwGvzDQUJrRULF46', 'user', 2, 1, NULL, '2020-06-19 09:23:12', '2020-06-19 09:23:12'),
	(6, 'สำนักงานคณะกรรมการคุ้มครองผู้บริโภค\r', NULL, '01003', '$2y$10$It0BBFmNqHBqWlVIQJHF9.qE59U1kGS9L40Ww7EopTdOoVXS9jIK.', 'user', 3, 1, NULL, '2020-06-19 09:23:12', '2020-06-19 09:23:12'),
	(7, 'สำนักเลขาธิการนายกรัฐมนตรี\r', NULL, '01004', '$2y$10$rBY4VY/0QCm1tzyojR9hUeRmOZNr3nlZR/q/IizySibuKgqNr4YEW', 'user', 4, 1, NULL, '2020-06-19 09:23:12', '2020-06-19 09:23:12'),
	(8, 'สำนักเลขาธิการคณะรัฐมนตรี\r', NULL, '01005', '$2y$10$sv7xjIGiSesI76R/aqnAqerFi4oz1s4BszNguSsB62/xiT.5JcCby', 'user', 5, 1, NULL, '2020-06-19 09:23:12', '2020-06-19 09:23:12'),
	(9, 'สำนักข่าวกรองแห่งชาติ\r', NULL, '01006', '$2y$10$c41Hj67WcVt2P5UaQemVFe2t/824Uwe8Bu1R21KHcKXhpDQDbR.v.', 'user', 6, 1, NULL, '2020-06-19 09:23:12', '2020-06-19 09:23:12'),
	(10, 'สำนักงบประมาณ\r', NULL, '01007', '$2y$10$pqxfoDe0Gl7O9Q0KqchvKOBaa/pkGD3zPq9BbGZ27VAOu6LKSCJ7m', 'user', 7, 1, NULL, '2020-06-19 09:23:12', '2020-06-19 09:23:12'),
	(11, 'สำนักงานสภาความมั่นคงแห่งชาติ\r', NULL, '01008', '$2y$10$7feQj.YUDrwv8lYIcdlgmOQRkWFL0bsQxv0FD0ImPUEemDoP.sDt6', 'user', 8, 1, NULL, '2020-06-19 09:23:13', '2020-06-19 09:23:13'),
	(12, 'สำนักงานคณะกรรมการกฤษฎีกา\r', NULL, '01009', '$2y$10$OmcYHe4LzUrXMfSOVKZAmeZJedwq/Trg54Ale0mBTI/Ecy2bvuoP2', 'user', 9, 1, NULL, '2020-06-19 09:23:13', '2020-06-19 09:23:13'),
	(13, 'สำนักงานคณะกรรมการข้าราชการพลเรือน\r', NULL, '01011', '$2y$10$W9ufpBzpLrU6TmLojwqqRuMVpwFlmBLyJ6dkXu8HWzNdyQBNym2.C', 'user', 10, 1, NULL, '2020-06-19 09:23:13', '2020-06-19 09:23:13'),
	(14, 'สำนักงานสภาพัฒนาการเศรษฐกิจเเละสังคมเเห่งชาติ\r', NULL, '01012', '$2y$10$atxW4Z229pieYdHbtFmGXu5BImhgIPutw7u0UpRE1aGyoOtB7LTGu', 'user', 11, 1, NULL, '2020-06-19 09:23:13', '2020-06-19 09:23:13'),
	(15, 'กองอำนวยการรักษาความมั่นคงภายใน(กอ.รมน.)\r', NULL, '01019', '$2y$10$sK/NXv5AXLy1pFWDjwUxye20wdfIITHloBwYT69A4GJvGlPWobfcu', 'user', 12, 1, NULL, '2020-06-19 09:23:13', '2020-06-19 09:23:13'),
	(16, 'สำนักงานคณะกรรมการพัฒนาระบบราชการ\r', NULL, '01021', '$2y$10$eEfjQJzDa0joC6jkzxsvyONc4TYlP6ZT1J0mIJJGFRwetGJ0dWda6', 'user', 13, 1, NULL, '2020-06-19 09:23:13', '2020-06-19 09:23:13'),
	(17, 'สำนักงานคณะกรรมการส่งเสริมการลงทุน\r', NULL, '01032', '$2y$10$lzkYRy1t7Nb.0tRsJ9QJv.9BLs.sHNSupLF5m.6DgAYA9n5JU2fWa', 'user', 14, 1, NULL, '2020-06-19 09:23:13', '2020-06-19 09:23:13'),
	(18, 'สำนักงานทรัพยากรน้ำแห่งชาติ\r', NULL, '01035', '$2y$10$NmYDhEt2S.HnIoEeIQcx1OTjyCpRcanRQxQv8CLdAHDQAK6XIzIee', 'user', 15, 1, NULL, '2020-06-19 09:23:13', '2020-06-19 09:23:13'),
	(19, 'ศูนย์อำนวยการรักษาผลประโยชน์ของชาติทางทะเล\r', NULL, '01038', '$2y$10$CJRgaTQqOvI6glHGfWqVH.6NBHBbS8Tc216g9jl6SjZXycBfwApwm', 'user', 16, 1, NULL, '2020-06-19 09:23:13', '2020-06-19 09:23:13'),
	(20, 'สำนักงานขับเคลื่อนการปฏิรูปประเทศ ยุทธศาสตร์ชาติ เเละการสร้างความสามัคคีปรองดอง\r', NULL, '01041', '$2y$10$aQ6GjUOc5vw4kYSNn865gORVRaRI9FgI38gK73/k8sD.25C9wL50.', 'user', 17, 1, NULL, '2020-06-19 09:23:13', '2020-06-19 09:23:13'),
	(21, 'สำนักงานปลัดกระทรวงกลาโหม\r', NULL, '02001', '$2y$10$KQUJlTDHvLI2G/R6jgfbNuLRKL3c1CTnMw16Bq.YtnQB/skZQ5gJG', 'user', 18, 1, NULL, '2020-06-19 09:23:13', '2020-06-19 09:23:13'),
	(22, 'กองทัพบก\r', NULL, '02004', '$2y$10$x0L1/r7oZQgF.7zdxw2.7.SGnhPy0.E0NHrQJs4SAY3DrU3/REhES', 'user', 19, 1, NULL, '2020-06-19 09:23:13', '2020-06-19 09:23:13'),
	(23, 'กองทัพเรือ\r', NULL, '02005', '$2y$10$APmGYzhqBuSZ/jnbMC/dFOeZKzqegV7T3tNzrGBGb0BjjUj9FxErW', 'user', 20, 1, NULL, '2020-06-19 09:23:13', '2020-06-19 09:23:13'),
	(24, 'กองทัพอากาศ\r', NULL, '02006', '$2y$10$rqzdvzaWHURFYsPpwfnBgOtazlkvFnp8vikdbHgNZBXCWIVnwqFh2', 'user', 21, 1, NULL, '2020-06-19 09:23:13', '2020-06-19 09:23:13'),
	(25, 'กองบัญชาการกองทัพไทย\r', NULL, '02008', '$2y$10$R5cuDv5CqjL8SDcQmoShRuBseuNN.vPM4t53mm2vOcm8YyFxaxu0q', 'user', 22, 1, NULL, '2020-06-19 09:23:13', '2020-06-19 09:23:13'),
	(26, 'สำนักงานปลัดกระทรวงการคลัง\r', NULL, '03002', '$2y$10$NoGu2DdFAv54x5YJyYErUOfZ/.t1139JFj5.UocYyBptje463lmLW', 'user', 23, 1, NULL, '2020-06-19 09:23:14', '2020-06-19 09:23:14'),
	(27, 'กรมธนารักษ์\r', NULL, '03003', '$2y$10$RWK6RJPB8LiSDAU3Au.9feUbx5vHRybqonO.IN4TAPvESpa4SQaKa', 'user', 24, 1, NULL, '2020-06-19 09:23:14', '2020-06-19 09:23:14'),
	(28, 'กรมบัญชีกลาง\r', NULL, '03004', '$2y$10$VGzbySrKArlA6S9BnL264expf3IguNYoLDCeR9Q01RIUEdRfTKWb.', 'user', 25, 1, NULL, '2020-06-19 09:23:14', '2020-06-19 09:23:14'),
	(29, 'กรมศุลกากร\r', NULL, '03005', '$2y$10$flaLUAYP47ZMGMbemEQAiOBWcXBkgYOoMKwEAQE0U.kKLsMzreJE6', 'user', 26, 1, NULL, '2020-06-19 09:23:14', '2020-06-19 09:23:14'),
	(30, 'กรมสรรพสามิต\r', NULL, '03006', '$2y$10$ejTnh/0I4Sai.nIE3ipjNuJ8t66zI5h1DWHKSH2R5si1FGFBe7SB6', 'user', 27, 1, NULL, '2020-06-19 09:23:14', '2020-06-19 09:23:14'),
	(31, 'กรมสรรพากร\r', NULL, '03007', '$2y$10$2jqrqEqX.w5z/Oao4DgbxejIYn9fakrWooXSBYHBhDoRhn.UcBQpO', 'user', 28, 1, NULL, '2020-06-19 09:23:14', '2020-06-19 09:23:14'),
	(32, 'สำนักงานคณะกรรมการนโยบายรัฐวิสาหกิจ\r', NULL, '03008', '$2y$10$L1CZlY2Q3MzRceYT2tVh2OWkc9MdLZHGLlDaBM5ZNz1vilf0HpArK', 'user', 29, 1, NULL, '2020-06-19 09:23:14', '2020-06-19 09:23:14'),
	(33, 'สำนักงานบริหารหนี้สาธารณะ\r', NULL, '03009', '$2y$10$MxEDZxaSK7u8Wr8sObvoN.IbdrOeFrz8fwf39o2l5mul3zefQBiAu', 'user', 30, 1, NULL, '2020-06-19 09:23:14', '2020-06-19 09:23:14'),
	(34, 'สำนักงานเศรษฐกิจการคลัง\r', NULL, '03011', '$2y$10$N5HVaizN7aLov0.lTIzCk.z3TQemTOeVA3.wliMxq3uIfiWIgleiy', 'user', 31, 1, NULL, '2020-06-19 09:23:14', '2020-06-19 09:23:14'),
	(35, 'สำนักงานปลัดกระทรวงการต่างประเทศ\r', NULL, '04002', '$2y$10$IuAQzpSc29zrecdZktyzBOP3SpSDOUTlIXaqfBKJtvnuy1VpHHMjq', 'user', 32, 1, NULL, '2020-06-19 09:23:14', '2020-06-19 09:23:14'),
	(36, 'สำนักงานปลัดกระทรวงการท่องเที่ยวและกีฬา\r', NULL, '05002', '$2y$10$frsV/1sKMhJJBuueNU9/SOam3nmyPBbxG4jj4/HYu73CchBeDTXxK', 'user', 33, 1, NULL, '2020-06-19 09:23:14', '2020-06-19 09:23:14'),
	(37, 'กรมพลศึกษา\r', NULL, '05003', '$2y$10$ABqzJF4GqxGvN3Phdc/AaeCbmFNEL1zlh7QxrQeETCFdJgEt/eyfS', 'user', 34, 1, NULL, '2020-06-19 09:23:14', '2020-06-19 09:23:14'),
	(38, 'กรมการท่องเที่ยว\r', NULL, '05004', '$2y$10$5cQSjXJ/.Nkd60Nv4VkUPOqk0AgnWXoRP0wVDpwBFmL8em7oK7nO.', 'user', 35, 1, NULL, '2020-06-19 09:23:14', '2020-06-19 09:23:14'),
	(39, 'มหาวิทยาลัยการกีฬาเเห่งชาติ\r', NULL, '05006', '$2y$10$OGjGmvjHb9Vu87jywUze2.EPLsth3zHPJk4y288.0roKTfyDXck6K', 'user', 36, 1, NULL, '2020-06-19 09:23:14', '2020-06-19 09:23:14'),
	(40, 'สำนักงานปลัดกระทรวงการพัฒนาสังคม และความมั่นคงของมนุษย์\r', NULL, '06002', '$2y$10$VxenRIGx5JIgYZL5JunkI.p88dSD9bzcVSQ94kf42uxFZ1JzSF20m', 'user', 37, 1, NULL, '2020-06-19 09:23:14', '2020-06-19 09:23:14'),
	(41, 'กรมพัฒนาสังคมและสวัสดิการ\r', NULL, '06003', '$2y$10$.1ds6VED94Bw5WdxAZSj5.naMXEnlnn69GzknSPgmgy7/wfDhzB8e', 'user', 38, 1, NULL, '2020-06-19 09:23:14', '2020-06-19 09:23:14'),
	(42, 'กรมกิจการสตรีและสถาบันครอบครัว\r', NULL, '06004', '$2y$10$.i1A7C6TvE.w81vWh2BvNO0M/w0IWyzLRW6eUHLh/IrIQTI77hGd.', 'user', 39, 1, NULL, '2020-06-19 09:23:15', '2020-06-19 09:23:15'),
	(43, 'กรมกิจการเด็กและเยาวชน\r', NULL, '06005', '$2y$10$0WRf0Rssfj8RqYP8noE8keNRksBn89nvlyUM5pOqJR3lcKaPWWGtq', 'user', 40, 1, NULL, '2020-06-19 09:23:15', '2020-06-19 09:23:15'),
	(44, 'กรมส่งเสริมและพัฒนาคุณภาพชีวิตคนพิการ\r', NULL, '06007', '$2y$10$28vNrwHQC4G46Vl5qF9qxuMGjQDwqvMV9iDZvv4KN74cbg8X6tcdq', 'user', 41, 1, NULL, '2020-06-19 09:23:15', '2020-06-19 09:23:15'),
	(45, 'กรมกิจการผู้สูงอายุ\r', NULL, '06008', '$2y$10$i0W4pN4J2Y/ixo2G3WrDHuiu.UWjmQ8d4Pt0vno/EEtfzV3p/hRWG', 'user', 42, 1, NULL, '2020-06-19 09:23:15', '2020-06-19 09:23:15'),
	(46, 'สำนักงานปลัดกระทรวงเกษตรและสหกรณ์\r', NULL, '07002', '$2y$10$hfSsrTNN/oC6JOzRds765eMdB9dXpFp6neUC/sdY1sXL6DzCDZ1/q', 'user', 43, 1, NULL, '2020-06-19 09:23:15', '2020-06-19 09:23:15'),
	(47, 'กรมชลประทาน\r', NULL, '07003', '$2y$10$jOKPTOm/9uOXXMJM6SD5bukQ1BqdI1viCUL0whEf/EsO2T7Ta9ap6', 'user', 44, 1, NULL, '2020-06-19 09:23:15', '2020-06-19 09:23:15'),
	(48, 'กรมตรวจบัญชีสหกรณ์\r', NULL, '07004', '$2y$10$YhCl04ffkjaryrBt9.dxq.xsYioZ3kHEJ7675L2.Mz0nb0cjF1KRW', 'user', 45, 1, NULL, '2020-06-19 09:23:15', '2020-06-19 09:23:15'),
	(49, 'กรมประมง\r', NULL, '07005', '$2y$10$g4tfjiAz.0y7u3gYAbSY/ewoCqo8xQRV6jzR9XHp4ERn.3K1gQqFm', 'user', 46, 1, NULL, '2020-06-19 09:23:15', '2020-06-19 09:23:15'),
	(50, 'กรมปศุสัตว์\r', NULL, '07006', '$2y$10$uVefWgI8HsWmsSvx1fYYj.Oql/J6qrZULpTo8LKlUr.jKE4JjWzHe', 'user', 47, 1, NULL, '2020-06-19 09:23:15', '2020-06-19 09:23:15'),
	(51, 'กรมพัฒนาที่ดิน\r', NULL, '07008', '$2y$10$LVzqP2LtXxp7vVwR5fqjzOw.GiPG7ZMem9XSRfte3yYWX/iSDwcNO', 'user', 48, 1, NULL, '2020-06-19 09:23:15', '2020-06-19 09:23:15'),
	(52, 'กรมวิชาการเกษตร\r', NULL, '07009', '$2y$10$/Gu0cUhCJ68KvG5SmfrSS.ZF8jnZKW.SdzBkS0UYkYAsezfPLsHUi', 'user', 49, 1, NULL, '2020-06-19 09:23:15', '2020-06-19 09:23:15'),
	(53, 'กรมส่งเสริมการเกษตร\r', NULL, '07011', '$2y$10$Y0o2Y9WoxNFlFsUfg9SFIeDK5k/6TPsif1WdmReieP58htARgISn6', 'user', 50, 1, NULL, '2020-06-19 09:23:15', '2020-06-19 09:23:15'),
	(54, 'กรมส่งเสริมสหกรณ์\r', NULL, '07012', '$2y$10$5qaiaEvwktIEKhqgcSs9cOUrQ.CUaCV8LTUWm9QbN8k5Kpkv7j1tu', 'user', 51, 1, NULL, '2020-06-19 09:23:15', '2020-06-19 09:23:15'),
	(55, 'สำนักงานการปฏิรูปที่ดินเพื่อเกษตรกรรม\r', NULL, '07013', '$2y$10$TQzo9pg1rVaQD7hzCh8u9.T21G01DM8pOR0KfeHXwhikXiNXu9vt6', 'user', 52, 1, NULL, '2020-06-19 09:23:15', '2020-06-19 09:23:15'),
	(56, 'สำนักงานมาตรฐานสินค้าเกษตรและอาหารแห่งชาติ\r', NULL, '07014', '$2y$10$nvXWzdK6/Bym4EhOkf8gQepfiaNrl/.Kbq7sCsFwIXD.jxSnSltES', 'user', 53, 1, NULL, '2020-06-19 09:23:15', '2020-06-19 09:23:15'),
	(57, 'สำนักงานเศรษฐกิจการเกษตร\r', NULL, '07015', '$2y$10$Jb6P4BCLYf5fIThXDis9j.kyuZUNNNl90BLFlX9aWsu1c5cC6Vuuq', 'user', 54, 1, NULL, '2020-06-19 09:23:15', '2020-06-19 09:23:15'),
	(58, 'กรมการข้าว\r', NULL, '07018', '$2y$10$C6wRtTX5Ee9/YRdqc.Tg/e8C4.kpkDkEE.7/4rim.m8kvLnJsODvO', 'user', 55, 1, NULL, '2020-06-19 09:23:16', '2020-06-19 09:23:16'),
	(59, 'กรมหม่อนไหม\r', NULL, '07020', '$2y$10$DETSDmcVts9k6425H.FEqeCe7QzIjXlEfbqYEM/7OmW/fMCGv3P9S', 'user', 56, 1, NULL, '2020-06-19 09:23:16', '2020-06-19 09:23:16'),
	(60, 'กรมฝนหลวงและการบินเกษตร\r', NULL, '07021', '$2y$10$CnQC1JGFMIqbwal5Sl6iWOjKWn.jtPEJNCwDssSoC7CNmRdMKAQBS', 'user', 57, 1, NULL, '2020-06-19 09:23:16', '2020-06-19 09:23:16'),
	(61, 'สำนักงานปลัดกระทรวงคมนาคม\r', NULL, '08002', '$2y$10$1Q9RTh1idiqx/Rc1vDyIIOcQYkyPQka5DsXEejnJ7abQ.67JYJu3W', 'user', 58, 1, NULL, '2020-06-19 09:23:16', '2020-06-19 09:23:16'),
	(62, 'กรมเจ้าท่า\r', NULL, '08003', '$2y$10$KCy8VQ1BKQGZ33O6q9ltbuowGJOm7YpddPzbJLxD3EbviOILJGS7y', 'user', 59, 1, NULL, '2020-06-19 09:23:16', '2020-06-19 09:23:16'),
	(63, 'กรมการขนส่งทางบก\r', NULL, '08004', '$2y$10$XjnWBBGRYbQAZWgwdeI3iuZu7xQz5l8oFFo6fFvP6v6b24EaJZshm', 'user', 60, 1, NULL, '2020-06-19 09:23:16', '2020-06-19 09:23:16'),
	(64, 'กรมทางหลวง\r', NULL, '08006', '$2y$10$NX0AK//Z/vDfn4aB0NwRueNl0MCUf5bwyTKm9JigmOAnzq2OwyPoO', 'user', 61, 1, NULL, '2020-06-19 09:23:16', '2020-06-19 09:23:16'),
	(65, 'กรมทางหลวงชนบท\r', NULL, '08007', '$2y$10$fucp6KoGCSYRWKmUzKqJ0O0s.qtglAJB7RwErBdBUMZ0YCm4uib32', 'user', 62, 1, NULL, '2020-06-19 09:23:16', '2020-06-19 09:23:16'),
	(66, 'สำนักงานนโยบายและแผนการขนส่งและจราจร\r', NULL, '08008', '$2y$10$CXMMYWK7.QBzlW6s0ywdm.g6YlHmQwtWboZ4IT9UrU6inshfUFTd6', 'user', 63, 1, NULL, '2020-06-19 09:23:16', '2020-06-19 09:23:16'),
	(67, 'กรมท่าอากาศยาน\r', NULL, '08009', '$2y$10$LybSKxGVRNNJinq9lFfqZu4NXxAm4fGh5ZxHysOhvlDE9xbmrebjK', 'user', 64, 1, NULL, '2020-06-19 09:23:16', '2020-06-19 09:23:16'),
	(68, 'สำนักงานการบินพลเรือน\r', NULL, '08011', '$2y$10$c3CmIWqHgA0uPozDCNwy.e0K1oqBdKTAiJEusI5PhWgO2wdyI3hhS', 'user', 65, 1, NULL, '2020-06-19 09:23:16', '2020-06-19 09:23:16'),
	(69, 'กรมการขนส่งทางราง\r', NULL, '08012', '$2y$10$R1L4wqTvRmr9npS3eJP/YOO6FSN2EtaOgROJlv3HWjX0WzpoFgM.G', 'user', 66, 1, NULL, '2020-06-19 09:23:16', '2020-06-19 09:23:16'),
	(70, 'สำนักงานปลัดกระทรวงทรัพยากรธรรมชาติและสิ่งแวดล้อม\r', NULL, '09002', '$2y$10$6OvPVJp7J270p0uPxZOYh.Rx8sROTae/n89lBSqjjD7mVhw7Pbete', 'user', 67, 1, NULL, '2020-06-19 09:23:16', '2020-06-19 09:23:16'),
	(71, 'กรมควบคุมมลพิษ\r', NULL, '09003', '$2y$10$vF/1tT3mjPSSuBP1bXQBP.tM7kJonHQQacWzbGfFCKAGagBn84LsO', 'user', 68, 1, NULL, '2020-06-19 09:23:16', '2020-06-19 09:23:16'),
	(72, 'กรมทรัพยากรทางทะเลและชายฝั่ง\r', NULL, '09004', '$2y$10$MlwqxM7gMx78KhbzuqBqx.9Zadg6sUwk1SBqW7kQYIQpfVZBAP7bO', 'user', 69, 1, NULL, '2020-06-19 09:23:16', '2020-06-19 09:23:16'),
	(73, 'กรมทรัพยากรธรณี\r', NULL, '09005', '$2y$10$iHHmeNmZrINEeOQDfw6C9uqNwr3g.Bc4EYN6kX80bFaTCKe8LYirC', 'user', 70, 1, NULL, '2020-06-19 09:23:16', '2020-06-19 09:23:16'),
	(74, 'กรมทรัพยากรน้ำ\r', NULL, '09006', '$2y$10$vRn/7y0YIRPV0Ari1bJ9CuIN5ReIsv8wrdrXWC2AWtq5BV.EzTEh.', 'user', 71, 1, NULL, '2020-06-19 09:23:17', '2020-06-19 09:23:17'),
	(75, 'กรมทรัพยากรน้ำบาดาล\r', NULL, '09007', '$2y$10$xJ9ud/Wv95piMCeepIzClOY9CmqfYAGFrqE8/.CEVgCEg201UukmS', 'user', 72, 1, NULL, '2020-06-19 09:23:17', '2020-06-19 09:23:17'),
	(76, 'กรมส่งเสริมคุณภาพสิ่งแวดล้อม\r', NULL, '09008', '$2y$10$k6E0.6PrA6sJvm4BH.uAbeK59PpakCxoaPVHgEC02Gb5d4T/6L3gW', 'user', 73, 1, NULL, '2020-06-19 09:23:17', '2020-06-19 09:23:17'),
	(77, 'กรมอุทยานแห่งชาติ สัตว์ป่า และพันธุ์พืช\r', NULL, '09009', '$2y$10$SvmW3qLDCXG5K.vraOmkqOiJ4TaSxXc1XsBPANle3xMC83mNPeqTa', 'user', 74, 1, NULL, '2020-06-19 09:23:17', '2020-06-19 09:23:17'),
	(78, 'สำนักงานนโยบายและแผนทรัพยากรธรรมชาติและสิ่งแวดล้อม\r', NULL, '09011', '$2y$10$3uEqM47wKJWE6eqtWgSmC.SGOwEI.YGLPNuhuTAyqIK9ky98A6q8u', 'user', 75, 1, NULL, '2020-06-19 09:23:17', '2020-06-19 09:23:17'),
	(79, 'กรมป่าไม้\r', NULL, '09012', '$2y$10$z.6gkbgkIPMfLeGuGfenV.RyTL6bx5WHWesfoGg.1VSnfvuSTYKja', 'user', 76, 1, NULL, '2020-06-19 09:23:17', '2020-06-19 09:23:17'),
	(80, 'สำนักงานปลัดกระทรวงดิจิทัลเพื่อเศรษฐกิจและสังคม\r', NULL, '11002', '$2y$10$wMxGdmQA/.clPNfOUiraj.3602TNu1jkqLSCy.OdwKV3fJgUgM0Ym', 'user', 77, 1, NULL, '2020-06-19 09:23:17', '2020-06-19 09:23:17'),
	(81, 'กรมอุตุนิยมวิทยา\r', NULL, '11004', '$2y$10$FdMYfdj.4ICtVZ21IVa2cOSfVN4ncLB5fueDFfzhZpTl2.9JBNtjC', 'user', 78, 1, NULL, '2020-06-19 09:23:17', '2020-06-19 09:23:17'),
	(82, 'สำนักงานสถิติแห่งชาติ\r', NULL, '11005', '$2y$10$EPkm16a.nIpA4F2Fu/YICevNEVEHCH40DdwuaR5nhchFi0JmP6CY.', 'user', 79, 1, NULL, '2020-06-19 09:23:17', '2020-06-19 09:23:17'),
	(83, 'สำนักงานคณะกรรมการดิจิทัลเพื่อเศรษฐกิจและสังคมแห่งชาติ\r', NULL, '11009', '$2y$10$6p/FYX4Z2rAJctlX8dFDNeUvYbS6r6OWLoptAKKgcLxSl0Q88Q94m', 'user', 80, 1, NULL, '2020-06-19 09:23:17', '2020-06-19 09:23:17'),
	(84, 'สำนักงานปลัดกระทรวงพลังงาน\r', NULL, '12002', '$2y$10$SzmbfGchA5M/Tb9nXw7KleGNM76IFEkCQui5O8h.LLUXds6nM.5zi', 'user', 81, 1, NULL, '2020-06-19 09:23:17', '2020-06-19 09:23:17'),
	(85, 'กรมเชื้อเพลิงธรรมชาติ\r', NULL, '12003', '$2y$10$R7c98eDJRrq8vtnkOclYI./kxQhgxxPhjBOEihruyojKgCNbR8PYa', 'user', 82, 1, NULL, '2020-06-19 09:23:17', '2020-06-19 09:23:17'),
	(86, 'กรมธุรกิจพลังงาน\r', NULL, '12004', '$2y$10$iMWd3pfhLOsY10XG6n1V5OQDKRmJHH4odBCp18N1gHjzemO0xT/uC', 'user', 83, 1, NULL, '2020-06-19 09:23:17', '2020-06-19 09:23:17'),
	(87, 'กรมพัฒนาพลังงานทดแทนและอนุรักษ์พลังงาน\r', NULL, '12005', '$2y$10$08vqxGyI2Iib7Ep8g3XmBO9p4q0rFVifOUkYynejy/5MTP4RJHaV6', 'user', 84, 1, NULL, '2020-06-19 09:23:17', '2020-06-19 09:23:17'),
	(88, 'สำนักงานนโยบายและแผนพลังงาน\r', NULL, '12006', '$2y$10$fjnUHHYajQHJKhmlcC78l.jqtPogsOC7MVzdM.MZNMtdhjQ/tGrRG', 'user', 85, 1, NULL, '2020-06-19 09:23:17', '2020-06-19 09:23:17'),
	(89, 'สำนักงานปลัดกระทรวงพาณิชย์\r', NULL, '13002', '$2y$10$2By.F2RTPpd4vBqiyKHLYOEtcD.ZeLXPS05fIbei8dluNqecbfOOG', 'user', 86, 1, NULL, '2020-06-19 09:23:17', '2020-06-19 09:23:17'),
	(90, 'กรมการค้าต่างประเทศ\r', NULL, '13003', '$2y$10$ZFc/2EqkoLoboEMHVCi4AO0vaIHajYPJmcKBnSeUHEE75.qCNn0K.', 'user', 87, 1, NULL, '2020-06-19 09:23:18', '2020-06-19 09:23:18'),
	(91, 'กรมการค้าภายใน\r', NULL, '13004', '$2y$10$TTpuDuDFShn3ni.ekrENZO.awzWpQvcKhcyUM71WunvCycnOY6KVi', 'user', 88, 1, NULL, '2020-06-19 09:23:18', '2020-06-19 09:23:18'),
	(92, 'กรมเจรจาการค้าระหว่างประเทศ\r', NULL, '13006', '$2y$10$lHY8EHL7LWiNYZybyALYkenuoUOAzAbEYAxxs6isJAKUZnfnMjD2W', 'user', 89, 1, NULL, '2020-06-19 09:23:18', '2020-06-19 09:23:18'),
	(93, 'กรมทรัพย์สินทางปัญญา\r', NULL, '13007', '$2y$10$WCdKxZuZYQGicrY/TsD2U.t5Pi/rfOoEexj.d7eqaYOxkohgY04cm', 'user', 90, 1, NULL, '2020-06-19 09:23:18', '2020-06-19 09:23:18'),
	(94, 'กรมพัฒนาธุรกิจการค้า\r', NULL, '13008', '$2y$10$edoA7TZVL8YeKzrC2NjamuY7fLVsg799JXK08MBKfQKJOLF.j908i', 'user', 91, 1, NULL, '2020-06-19 09:23:18', '2020-06-19 09:23:18'),
	(95, 'กรมส่งเสริมการค้าระหว่างประเทศ\r', NULL, '13009', '$2y$10$iOsFT8IfE.pPCtuwkBNk5esyeUeEE2Lhbsts66t06fwDO2uMPOAEm', 'user', 92, 1, NULL, '2020-06-19 09:23:18', '2020-06-19 09:23:18'),
	(96, 'สำนักงานนโยบายและยุทธศาสตร์การค้า\r', NULL, '13013', '$2y$10$YoHUmRpT9F2U/OK0yRx9vu63lojVXVErt9GySe0xMJToG4E5fRCd2', 'user', 93, 1, NULL, '2020-06-19 09:23:18', '2020-06-19 09:23:18'),
	(97, 'สำนักงานปลัดกระทรวงมหาดไทย\r', NULL, '15002', '$2y$10$PISNZVCaTUeO7guTG0ZkSOykVldD2DGqcBItzHQAyHiazdIfZ/9SC', 'user', 94, 1, NULL, '2020-06-19 09:23:18', '2020-06-19 09:23:18'),
	(98, 'กรมการปกครอง\r', NULL, '15003', '$2y$10$TFLm0zAenClQVOK2KDJg6.x6Gf0Xp9Rd.TDtpF.CKpu3P3TKal38W', 'user', 95, 1, NULL, '2020-06-19 09:23:18', '2020-06-19 09:23:18'),
	(99, 'กรมการพัฒนาชุมชน\r', NULL, '15004', '$2y$10$IOXGS7WCEijki1Ajxm.Que1.xQ4iyeBgSU1TkLcuXV2AmJkdGWKeW', 'user', 96, 1, NULL, '2020-06-19 09:23:18', '2020-06-19 09:23:18'),
	(100, 'กรมที่ดิน\r', NULL, '15005', '$2y$10$lhDLGP8TKJAzAjEpxRAB.uN3xAJ2rYHEWiumn3s2/h70hCpI/msFC', 'user', 97, 1, NULL, '2020-06-19 09:23:18', '2020-06-19 09:23:18'),
	(101, 'กรมป้องกันและบรรเทาสาธารณภัย\r', NULL, '15006', '$2y$10$WZgPHDtF3HXck9YfIUp7ee5DZc.Sz5csxMtfoatCZwi0hdltOz1.2', 'user', 98, 1, NULL, '2020-06-19 09:23:18', '2020-06-19 09:23:18'),
	(102, 'กรมโยธาธิการและผังเมือง\r', NULL, '15007', '$2y$10$0jP/r13dglnTzC6O6hfnjujqi9qyjBpCM4M.F2GlW2hUkrYcaOCUW', 'user', 99, 1, NULL, '2020-06-19 09:23:18', '2020-06-19 09:23:18'),
	(103, 'กรมส่งเสริมการปกครองส่วนท้องถิ่น\r', NULL, '15008', '$2y$10$vlYOVbwAp2Mf80KlQE/wzetVzTykiXbV4fCiI2.WevZriE5WeYRQW', 'user', 100, 1, NULL, '2020-06-19 09:23:18', '2020-06-19 09:23:18'),
	(104, 'สำนักงานปลัดกระทรวงยุติธรรม \r', NULL, '16002', '$2y$10$3Lu25PPRN4r.u6gNAGVZDumZB5PzGPstVg7suQRcz9u2Fe9IJraue', 'user', 101, 1, NULL, '2020-06-19 09:23:18', '2020-06-19 09:23:18'),
	(105, 'กรมคุมประพฤติ\r', NULL, '16003', '$2y$10$vqixJPrROLkxgUlwwHR2yervTqszyr3edYb6FfPk9PrVKlTdVG3/6', 'user', 102, 1, NULL, '2020-06-19 09:23:18', '2020-06-19 09:23:18'),
	(106, 'กรมคุ้มครองสิทธิและเสรีภาพ\r', NULL, '16004', '$2y$10$8IvqYB7I3b6D.h3M1r4plOnETvOhTHrtr06qffkXcTObDk4LVqU/S', 'user', 103, 1, NULL, '2020-06-19 09:23:19', '2020-06-19 09:23:19'),
	(107, 'กรมบังคับคดี\r', NULL, '16005', '$2y$10$2EBJ9hYF0y.mYxI2d9s4XuwExuUGISEiSVyylAxbMvNz0ncW24M0S', 'user', 104, 1, NULL, '2020-06-19 09:23:19', '2020-06-19 09:23:19'),
	(108, 'กรมพินิจและคุ้มครองเด็กและเยาวชน\r', NULL, '16006', '$2y$10$w/hrPGfGtmEhcAsmBdOaYOroFzHAiO4EVSOOuceY2nP/6rJRkYIgK', 'user', 105, 1, NULL, '2020-06-19 09:23:19', '2020-06-19 09:23:19'),
	(109, 'กรมราชทัณฑ์\r', NULL, '16007', '$2y$10$WIhpV7yHz/..3zcZ93.D9evCUZWYHbi/bkN.XP92THYeY0KwAG2Bi', 'user', 106, 1, NULL, '2020-06-19 09:23:19', '2020-06-19 09:23:19'),
	(110, 'กรมสอบสวนคดีพิเศษ\r', NULL, '16008', '$2y$10$/gSh.VNLVUf3H1A2Eg8HmO581ay0SyCk39jNzrEfgpHRArAJK587K', 'user', 107, 1, NULL, '2020-06-19 09:23:19', '2020-06-19 09:23:19'),
	(111, 'สำนักงานกิจการยุติธรรม\r', NULL, '16009', '$2y$10$llPXC3OXyD.PtjYySveQde2oeEzJlUXyfXzRGQ0GoORifaAJFnoQm', 'user', 108, 1, NULL, '2020-06-19 09:23:19', '2020-06-19 09:23:19'),
	(112, 'สถาบันนิติวิทยาศาสตร์\r', NULL, '16010', '$2y$10$dkID8R6hiKVjFdCnArgKeeNXlOLPGQIVAGRRyzX0fo36DMbOUk1Y6', 'user', 109, 1, NULL, '2020-06-19 09:23:19', '2020-06-19 09:23:19'),
	(113, 'สำนักงานคณะกรรมการป้องกันและปราบปรามยาเสพติด\r', NULL, '16011', '$2y$10$Tl4zSYv.u8s20ZCgomngc.SmO9uOikTYYmgiQJJ5FSWQXdK9HpzF.', 'user', 110, 1, NULL, '2020-06-19 09:23:19', '2020-06-19 09:23:19'),
	(114, 'สำนักงานปลัดกระทรวงแรงงาน\r', NULL, '17002', '$2y$10$.1wZG8e83unYZi48vgZuFut8Eq.UdLOaMWFahFi.F46NnBa8V3zIW', 'user', 111, 1, NULL, '2020-06-19 09:23:19', '2020-06-19 09:23:19'),
	(115, 'กรมการจัดหางาน\r', NULL, '17003', '$2y$10$fJ/ckr5pUGCm1C.cEQSTQuqTYq8zXe0KGvz4j55F0GvMTnYxq5og.', 'user', 112, 1, NULL, '2020-06-19 09:23:19', '2020-06-19 09:23:19'),
	(116, 'กรมพัฒนาฝีมือแรงงาน\r', NULL, '17004', '$2y$10$LN9JtYCQR1JsdEmzgzTmPuSf3ZpNsNLpWPS3yjeKHudhQqtCuvncS', 'user', 113, 1, NULL, '2020-06-19 09:23:19', '2020-06-19 09:23:19'),
	(117, 'กรมสวัสดิการและคุ้มครองแรงงาน\r', NULL, '17005', '$2y$10$xGbCXhbZ.t91xRjXe7AbN.1qcRBH5fN/jnxzTAjVSRamU7vt9TUHm', 'user', 114, 1, NULL, '2020-06-19 09:23:19', '2020-06-19 09:23:19'),
	(118, 'สำนักงานประกันสังคม\r', NULL, '17006', '$2y$10$QptiUYnTjIW7KYfbXSAUqez6tfp4IJ19aiEW1plLDvKP1PoZ7Ie/a', 'user', 115, 1, NULL, '2020-06-19 09:23:19', '2020-06-19 09:23:19'),
	(119, 'สำนักงานปลัดกระทรวงวัฒนธรรม\r', NULL, '18002', '$2y$10$Eg8nvnHTxlDiSltKZS9Qme6.J2z/PaXGjNEZB8XlE0B34G6Ied1Eu', 'user', 116, 1, NULL, '2020-06-19 09:23:19', '2020-06-19 09:23:19'),
	(120, 'กรมการศาสนา\r', NULL, '18003', '$2y$10$Jmhb98OSu0SvAgmW5p83uutPI8hV0t62urLy1fi988.zKXPaqUBri', 'user', 117, 1, NULL, '2020-06-19 09:23:19', '2020-06-19 09:23:19'),
	(121, 'กรมศิลปากร\r', NULL, '18004', '$2y$10$zjtaRuoLeFfzehg.E9.cbOnhHOXH27sPAKKy6a0G9uJnde9CQlvR2', 'user', 118, 1, NULL, '2020-06-19 09:23:20', '2020-06-19 09:23:20'),
	(122, 'กรมส่งเสริมวัฒนธรรม\r', NULL, '18005', '$2y$10$aLg43MV3dMDvl.tES7X9vekxgsuTJ2WCk6l.xr06.v9qgwz7U75r2', 'user', 119, 1, NULL, '2020-06-19 09:23:20', '2020-06-19 09:23:20'),
	(123, 'สำนักงานศิลปวัฒนธรรมร่วมสมัย\r', NULL, '18006', '$2y$10$ciFQxOuyPhmmM7pirFNl2e9hvf.G6qHSwFZ3.4xFn9PsijmZr8elS', 'user', 120, 1, NULL, '2020-06-19 09:23:20', '2020-06-19 09:23:20'),
	(124, 'สถาบันบัณฑิตพัฒนศิลป์\r', NULL, '18008', '$2y$10$7EgUWvNcT5mHIguzjjgCyuqFxY.lpRYc5X5zt4gGsyPU44iCdutTC', 'user', 121, 1, NULL, '2020-06-19 09:23:20', '2020-06-19 09:23:20'),
	(125, 'สำนักงานปลัดกระทรวงศึกษาธิการ\r', NULL, '20002', '$2y$10$HQxDd7l5WXiX2WzXIsks1.6dysIiR4Kb7verV41Lj5vlnX8xbyaHu', 'user', 122, 1, NULL, '2020-06-19 09:23:20', '2020-06-19 09:23:20'),
	(126, 'สำนักงานเลขาธิการสภาการศึกษา\r', NULL, '20003', '$2y$10$WRZlv1FimuAk2XE81M6hA.FIIQpToztXBp3WPpDZjZKViVr7XL9F.', 'user', 123, 1, NULL, '2020-06-19 09:23:20', '2020-06-19 09:23:20'),
	(127, 'สำนักงานคณะกรรมการการศึกษาขั้นพื้นฐาน \r', NULL, '20004', '$2y$10$aTMp1yAARCFNLiPQiQ9XR.g/YB.z0xcGHOAP8dPHUtAzNRuj1vM2m', 'user', 124, 1, NULL, '2020-06-19 09:23:20', '2020-06-19 09:23:20'),
	(128, 'สำนักงานคณะกรรมการการอาชีวศึกษา\r', NULL, '20006', '$2y$10$F652uYpHUbW0Yw7jsNIEVO4S6iWNpM91ejE0ZtNojpfqJ7LoPUm/C', 'user', 125, 1, NULL, '2020-06-19 09:23:20', '2020-06-19 09:23:20'),
	(129, 'สำนักงานปลัดกระทรวงสาธารณสุข\r', NULL, '21002', '$2y$10$Aj.3DtiM9c9pb/nV5F4.x.H3BC5xkcb22Q5rQKfvRuakIenVt9NFa', 'user', 126, 1, NULL, '2020-06-19 09:23:20', '2020-06-19 09:23:20'),
	(130, 'กรมการแพทย์\r', NULL, '21003', '$2y$10$Lv.pHt3wJ7c8ab6BEeWUreiigo66pCscQz68x17zUJ3wAwlON6STK', 'user', 127, 1, NULL, '2020-06-19 09:23:20', '2020-06-19 09:23:20'),
	(131, 'กรมควบคุมโรค\r', NULL, '21004', '$2y$10$29k9OG91nMB0/lJJnSpS5Ow6uRB71PopTzrAF.382zS3a/EA79yhK', 'user', 128, 1, NULL, '2020-06-19 09:23:20', '2020-06-19 09:23:20'),
	(132, 'กรมการเเพทย์เเผนไทยเเละการเเพทย์ทางเลือก\r', NULL, '21005', '$2y$10$shvXHGu8ALAmxbW1NFkBmOISgH5CVwBGpWwnWi/pujk2Mc75CpBsy', 'user', 129, 1, NULL, '2020-06-19 09:23:20', '2020-06-19 09:23:20'),
	(133, 'กรมวิทยาศาสตร์การแพทย์\r', NULL, '21006', '$2y$10$WCogM5oLaAtPNS6v7wDE6u4jEDMoOnv5sKnH2lJOAoKE5CJoRjO5y', 'user', 130, 1, NULL, '2020-06-19 09:23:20', '2020-06-19 09:23:20'),
	(134, 'กรมสนับสนุนบริการสุขภาพ\r', NULL, '21007', '$2y$10$U6JpNU/xddx0JCTM7isKAuM7Hzwl8JPz./sloWncseWla67w85x8e', 'user', 131, 1, NULL, '2020-06-19 09:23:20', '2020-06-19 09:23:20'),
	(135, 'กรมสุขภาพจิต\r', NULL, '21008', '$2y$10$U6QcN.B/IJeYGupupoDNUOn.QcPKSYGI1x8EIWeQ2XIeb/TbEzXBG', 'user', 132, 1, NULL, '2020-06-19 09:23:20', '2020-06-19 09:23:20'),
	(136, 'กรมอนามัย\r', NULL, '21009', '$2y$10$060wkRJ89WRH5lpsjKtbaepCW19ZzOdTDePRi3YnV7ZB0Fq0oDIEK', 'user', 133, 1, NULL, '2020-06-19 09:23:20', '2020-06-19 09:23:20'),
	(137, 'สำนักงานคณะกรรมการอาหารและยา\r', NULL, '21010', '$2y$10$VxsfPsOXkqLGisYxb3wmQeURiOtJI2KgZqoPsGLQPZcrVqDwD16mW', 'user', 134, 1, NULL, '2020-06-19 09:23:21', '2020-06-19 09:23:21'),
	(138, 'สถาบันพระบรมราชชนก\r', NULL, '21017', '$2y$10$qiO8OOUGk4cJQw/bvc8rgeN4mJRYFp4SluAzGKG1bcqcz91my2EVe', 'user', 135, 1, NULL, '2020-06-19 09:23:21', '2020-06-19 09:23:21'),
	(139, 'สำนักงานปลัดกระทรวงอุตสาหกรรม\r', NULL, '22002', '$2y$10$No05ZAXI4oHX1k2PjTj6NexhvG5pvmEu4i5JtkFWJ6K.jIaA9ag3C', 'user', 136, 1, NULL, '2020-06-19 09:23:21', '2020-06-19 09:23:21'),
	(140, 'กรมโรงงานอุตสาหกรรม\r', NULL, '22003', '$2y$10$GYWjGKTltH6k.KHJnXAJQeXs6pnTHWAYFe9bXGCpg72p97dRjKaOa', 'user', 137, 1, NULL, '2020-06-19 09:23:21', '2020-06-19 09:23:21'),
	(141, 'กรมส่งเสริมอุตสาหกรรม\r', NULL, '22004', '$2y$10$xxhKjp.4.ZmzuzmeJwTB.uzMSm.CDxQ.3ZIpq48LwkdxdItPPYllO', 'user', 138, 1, NULL, '2020-06-19 09:23:21', '2020-06-19 09:23:21'),
	(142, 'กรมอุตสาหกรรมพื้นฐานและการเหมืองแร่\r', NULL, '22005', '$2y$10$nRlDiYSg9530YXcVS5zkye/DfEsdOtHdbgc4sHSW7cWE83rbKY3US', 'user', 139, 1, NULL, '2020-06-19 09:23:21', '2020-06-19 09:23:21'),
	(143, 'สำนักงานคณะกรรมการอ้อยและน้ำตาลทราย\r', NULL, '22006', '$2y$10$ESPO9QLSpGTQplVGu9xCpuGOIpXztK106Us/zKQVnG2HJSecDr6Pi', 'user', 140, 1, NULL, '2020-06-19 09:23:21', '2020-06-19 09:23:21'),
	(144, 'สำนักงานมาตรฐานผลิตภัณฑ์อุตสาหกรรม\r', NULL, '22007', '$2y$10$q5c/grZt7n8UDnCuFqJ6e.ObSgrwBDCH8PrYHRW3LHrBgLYtGsWzu', 'user', 141, 1, NULL, '2020-06-19 09:23:21', '2020-06-19 09:23:21'),
	(145, 'สำนักงานเศรษฐกิจอุตสาหกรรม\r', NULL, '22008', '$2y$10$xtfbaaSypqx4axwK51QrWOm3Xnua/Or7EXTChUUI28FT7ivvvhx6S', 'user', 142, 1, NULL, '2020-06-19 09:23:21', '2020-06-19 09:23:21'),
	(146, 'สำนักงานปลัดกระทรวงการอุดมศึกษา วิทยาศาสตร์ วิจัยและนวัตกรรม\r', NULL, '23002', '$2y$10$38XRJ9q7F4W2zaX9o3rV9eLXborzDRR9QprIisr28cHGsqqz5zs2y', 'user', 143, 1, NULL, '2020-06-19 09:23:21', '2020-06-19 09:23:21'),
	(147, 'กรมวิทยาศาสตร์บริการ\r', NULL, '23003', '$2y$10$i9SGqGzadGueTflt6vOQJeZfHNDEEAaw.giX5zpJi1EQWPPu3DQrq', 'user', 144, 1, NULL, '2020-06-19 09:23:21', '2020-06-19 09:23:21'),
	(148, 'สำนักงานคณะกรรมการวิจัยแห่งชาติ\r', NULL, '23004', '$2y$10$Jj3btdBUKOp6tgV7y/E2m.gd/XasSWe6fRTa8pyBlqziQ/j5mKywO', 'user', 145, 1, NULL, '2020-06-19 09:23:21', '2020-06-19 09:23:21'),
	(149, 'สำนักงานปรมาณูเพื่อสันติ\r', NULL, '23005', '$2y$10$bJfz639eRbKd7qxi7f4Ok.iu3AALUo0lCBmcMRVy./utEiF6IDPve', 'user', 146, 1, NULL, '2020-06-19 09:23:21', '2020-06-19 09:23:21'),
	(150, 'มหาวิทยาลัยรามคำแหง\r', NULL, '23006', '$2y$10$nt1b2GIk2uvYpkTMxlZvKugGSAkuTKH5hTgUoyMKMidunxwOGWYA.', 'user', 147, 1, NULL, '2020-06-19 09:23:21', '2020-06-19 09:23:21'),
	(151, 'มหาวิทยาลัยสุโขทัยธรรมาธิราช\r', NULL, '23007', '$2y$10$zeYe1.AoTiaDb7nnTb4vGuYgLrJTr8UbRp81a/LmzwOTPr8ZOC0rK', 'user', 148, 1, NULL, '2020-06-19 09:23:21', '2020-06-19 09:23:21'),
	(152, 'มหาวิทยาลัยนเรศวร\r', NULL, '23008', '$2y$10$l49oxutNSbQFH03ycoPnA.l2rjAsgB8W8keA2y0GlW0urNkBZl1L6', 'user', 149, 1, NULL, '2020-06-19 09:23:21', '2020-06-19 09:23:21'),
	(153, 'มหาวิทยาลัยอุบลราชธานี\r', NULL, '23009', '$2y$10$7hiZI46poxSN5MoZfNDjr.drq009O8sU5CZErsHHVbVgUhHOIuknK', 'user', 150, 1, NULL, '2020-06-19 09:23:22', '2020-06-19 09:23:22'),
	(154, 'มหาวิทยาลัยมหาสารคาม\r', NULL, '23010', '$2y$10$fmQwJfuGKD319pSrAAp9/uuRRYhrvCMZhzF3nDODnCduzdj7tRgvu', 'user', 151, 1, NULL, '2020-06-19 09:23:22', '2020-06-19 09:23:22'),
	(155, 'มหาวิทยาลัยกาฬสินธุ์\r', NULL, '23011', '$2y$10$NG5Qfkr6CBEvoMTSE3oCNeP203lJIqHrqu/fHLpl8nYr/JvDf7xsu', 'user', 152, 1, NULL, '2020-06-19 09:23:22', '2020-06-19 09:23:22'),
	(156, 'สถาบันเทคโนโลยีปทุมวัน\r', NULL, '23012', '$2y$10$B7eQXEdOugItF8p/cwtb8.C962bLOeZOhz/SRC0MxL6sRZELKf3Vm', 'user', 153, 1, NULL, '2020-06-19 09:23:22', '2020-06-19 09:23:22'),
	(157, 'มหาวิทยาลัยนราธิวาสราชนครินทร์\r', NULL, '23013', '$2y$10$YYvZy/5/mT0X.HfEj7M.xeNkCw45h2iZyaiiutl/C.aILTDqumfvC', 'user', 154, 1, NULL, '2020-06-19 09:23:22', '2020-06-19 09:23:22'),
	(158, 'มหาวิทยาลัยนครพนม\r', NULL, '23014', '$2y$10$.RwBXb/qHWw6pQlZZWPF0eLK3LIkQIspHf92CaVl0t2P442/gghb2', 'user', 155, 1, NULL, '2020-06-19 09:23:22', '2020-06-19 09:23:22'),
	(159, 'สถาบันวิทยาลัยชุมชน\r', NULL, '23015', '$2y$10$RkrpDFLibm89L96wv04IDuzw46.EMkpdPi8l9ioCfFDE6/oVXlvvK', 'user', 156, 1, NULL, '2020-06-19 09:23:22', '2020-06-19 09:23:22'),
	(160, 'ม.ราชภัฏเชียงราย\r', NULL, '23016', '$2y$10$58gDHjf7XW8UMwNiEbew3Och0E/sDqWTTDGl38a6Eln30uytfpCBK', 'user', 157, 1, NULL, '2020-06-19 09:23:22', '2020-06-19 09:23:22'),
	(161, 'ม.ราชภัฏเชียงใหม่\r', NULL, '23017', '$2y$10$oNVQUVjAH4RfVxbyzuLNUuh3Jn4YAr81qtEr7GYnjHj/f0SAaHNGW', 'user', 158, 1, NULL, '2020-06-19 09:23:22', '2020-06-19 09:23:22'),
	(162, 'ม.ราชภัฏลำปาง\r', NULL, '23018', '$2y$10$elalenewQFcnZUJwUYQzeePLMJthcX.TIrtj58xjBEW6gfgi/7oMi', 'user', 159, 1, NULL, '2020-06-19 09:23:22', '2020-06-19 09:23:22'),
	(163, 'มหาวิทยาลัยราชภัฏอุตรดิตถ์\r', NULL, '23019', '$2y$10$B.aFmleS7lfVyvU.uU1XneAWIG7CWrQLChNXKphOje9A.gLODSJOu', 'user', 160, 1, NULL, '2020-06-19 09:23:22', '2020-06-19 09:23:22'),
	(164, 'ม.ราชภัฏกำแพงเพชร\r', NULL, '23020', '$2y$10$uLJ86vNqLgg/XksrZNL1auCatGZgFfKJJlcDpOi3DQtvNYOrUh2Mq', 'user', 161, 1, NULL, '2020-06-19 09:23:22', '2020-06-19 09:23:22'),
	(165, 'ม.ราชภัฏนครสวรรค์\r', NULL, '23021', '$2y$10$NavyaYBIfVH3hLTBBqN/seZD1XflGWLWa5s0aQvvrd8f6nTH5XmC2', 'user', 162, 1, NULL, '2020-06-19 09:23:22', '2020-06-19 09:23:22'),
	(166, 'ม.ราชภัฏพิบูลสงคราม\r', NULL, '23022', '$2y$10$wVjeckgNlVb1zsiVD1loDu67M1tJSypJZfzfdiQb1XzuR8iiuL5xu', 'user', 163, 1, NULL, '2020-06-19 09:23:22', '2020-06-19 09:23:22'),
	(167, 'มหาวิทยาลัยราชภัฏเพชรบูรณ์\r', NULL, '23023', '$2y$10$F2JfpuH11DzfuycsyeQr7.xf6FaeDGVe5tEXhNFkAhli4zU.Dba16', 'user', 164, 1, NULL, '2020-06-19 09:23:22', '2020-06-19 09:23:22'),
	(168, 'ม.ราชภัฏมหาสารคาม\r', NULL, '23024', '$2y$10$4E2AVg/ec4EIN5AGG8WyAOEv2jsnRZLqOqei.O/Rwtg9HZklHgZe2', 'user', 165, 1, NULL, '2020-06-19 09:23:22', '2020-06-19 09:23:22'),
	(169, 'ม.ราชภัฏเลย\r', NULL, '23025', '$2y$10$t.Zg.YCO8m4IachsQykV9ORG4wzuoTD6bIDdeDu/gcpDRnluYU1GO', 'user', 166, 1, NULL, '2020-06-19 09:23:23', '2020-06-19 09:23:23'),
	(170, 'ม.ราชภัฏสกลนคร\r', NULL, '23026', '$2y$10$tqhhpcGWmbPIOf61PJl2/.kC.fDZOM3XvCTYAzFh.gqj14NoCovja', 'user', 167, 1, NULL, '2020-06-19 09:23:23', '2020-06-19 09:23:23'),
	(171, 'ม.ราชภัฏอุดรธานี\r', NULL, '23027', '$2y$10$iQ7EIwQ5z6g/r8GT4nz7Cuv1p0svTcf9hCmkCECnp5XTYKSblbwlC', 'user', 168, 1, NULL, '2020-06-19 09:23:23', '2020-06-19 09:23:23'),
	(172, 'ม.ราชภัฏนครราชสีมา\r', NULL, '23028', '$2y$10$EubIpLFpyMxKtDY3gr5YC.H83wOCe1k.R/rTGwivPearuuWc5x0P2', 'user', 169, 1, NULL, '2020-06-19 09:23:23', '2020-06-19 09:23:23'),
	(173, 'ม.ราชภัฏบุรีรัมย์\r', NULL, '23029', '$2y$10$L4c5D0vvbW4R/CSn3ZHiL.auJkdxjjHRRAfBwT7q1BEcOXRO.uX0e', 'user', 170, 1, NULL, '2020-06-19 09:23:23', '2020-06-19 09:23:23'),
	(174, 'ม.ราชภัฏสุรินทร์\r', NULL, '23030', '$2y$10$NHQeUcELwXcMHdyOhM8f2OXE6iPMqmQzj.MMccVIQm6eQQlIBV8QO', 'user', 171, 1, NULL, '2020-06-19 09:23:23', '2020-06-19 09:23:23'),
	(175, 'ม.ราชภัฏอุบลราชธานี\r', NULL, '23031', '$2y$10$25AwMArBcUwtn30b3xwy0.5UzjiuS8QmZFi/qsqt.dfVhp75QGEci', 'user', 172, 1, NULL, '2020-06-19 09:23:23', '2020-06-19 09:23:23'),
	(176, 'มหาวิทยาลัยราชภัฏราชนครินทร์\r', NULL, '23032', '$2y$10$q.GuvBXRksKrpithyO6WKecjMdHISKnm5M5nfupXILEhLtduOvWPG', 'user', 173, 1, NULL, '2020-06-19 09:23:23', '2020-06-19 09:23:23'),
	(177, 'ม.ราชภัฏเทพสตรี\r', NULL, '23033', '$2y$10$E0fWWGoM0RN5/OXxIHcmXe/61yViZrZc7ZAVLlzHcWXvlSB5DG64u', 'user', 174, 1, NULL, '2020-06-19 09:23:23', '2020-06-19 09:23:23'),
	(178, 'มหาวิทยาลัยราชภัฏพระนครศรีอยุธยา\r', NULL, '23034', '$2y$10$yq.RIJbTUkyS2OHjXSrp.OPrFnyJlWeNwlqcs1N0tj4VmngQX/Nbe', 'user', 175, 1, NULL, '2020-06-19 09:23:23', '2020-06-19 09:23:23'),
	(179, 'ม.ราชภัฏวไลยอลงกรณ์\r', NULL, '23035', '$2y$10$pjllUmQ1FghGZBCmX4hDSOTLcfIneeV7a.Ub1PNmdBskeS7QLcf/6', 'user', 176, 1, NULL, '2020-06-19 09:23:23', '2020-06-19 09:23:23'),
	(180, 'ม.ราชภัฏรำไพพรรณี\r', NULL, '23036', '$2y$10$jS86s7PjZJ55DVGWk115wuAA7OzSpdfBHpBgaRdS8ndo.mYCRECje', 'user', 177, 1, NULL, '2020-06-19 09:23:23', '2020-06-19 09:23:23'),
	(181, 'ม.ราชภัฏกาญจนบุรี\r', NULL, '23037', '$2y$10$Beocv/j2M7f/wgZD.BtyFOGuxYrLlJpC7hoaNWq2txRqoaztu9Wvu', 'user', 178, 1, NULL, '2020-06-19 09:23:23', '2020-06-19 09:23:23'),
	(182, 'ม.ราชภัฏนครปฐม\r', NULL, '23038', '$2y$10$wG8nXRUC.IoZM3X8/ZL5T.VzT9BCV6yCw9L7VnBLRd.ATFPcFv6SS', 'user', 179, 1, NULL, '2020-06-19 09:23:23', '2020-06-19 09:23:23'),
	(183, 'ม.ราชภัฏเพชรบุรี\r', NULL, '23039', '$2y$10$Duin1NM60ZMDrPh5Lww4XeNdf9y4Q/7iTYr64O0nSdhWm7hM8/w2W', 'user', 180, 1, NULL, '2020-06-19 09:23:23', '2020-06-19 09:23:23'),
	(184, 'มหาวิทยาลัยราชภัฏหมู่บ้านจอมบึง\r', NULL, '23040', '$2y$10$MS0J/Ovo4/gmX41xooogQuY/P6GRUreqXf3qSLf7qnR//dEnepiD2', 'user', 181, 1, NULL, '2020-06-19 09:23:23', '2020-06-19 09:23:23'),
	(185, 'มหาวิทยาลัยราชภัฏนครศรีธรรมราช\r', NULL, '23041', '$2y$10$OCTTPQjQQwZ5kVUDOPC6WuJ5hdnJMfgje3HXoEvvh2OUF.S1E7Mae', 'user', 182, 1, NULL, '2020-06-19 09:23:24', '2020-06-19 09:23:24'),
	(186, 'ม.ราชภัฏภูเก็ต\r', NULL, '23042', '$2y$10$avxXNnQzqdeG2c24CXhEzec9gX6Qtm7Fm6hHEwn4fvk12Glfc1Ay6', 'user', 183, 1, NULL, '2020-06-19 09:23:24', '2020-06-19 09:23:24'),
	(187, 'ม.ราชภัฏยะลา\r', NULL, '23043', '$2y$10$0sT.rFhljWutPMuncqfKcu2QI4V/VzWsDfGOu/fUWX17PSPZuzH4e', 'user', 184, 1, NULL, '2020-06-19 09:23:24', '2020-06-19 09:23:24'),
	(188, 'ม.ราชภัฏสงขลา\r', NULL, '23044', '$2y$10$z5bB9a.VRFu6bYqMERVj3uH2B9oQsiK7omZL.jsJLVciz/m.M0IFO', 'user', 185, 1, NULL, '2020-06-19 09:23:24', '2020-06-19 09:23:24'),
	(189, 'ม.ราชภัฏสุราษฎร์ธานี\r', NULL, '23045', '$2y$10$r2baR/uAbIYnXooIh4.BEesfKQua5QeG8v4fUICRK0Boz4hyTH3Hm', 'user', 186, 1, NULL, '2020-06-19 09:23:24', '2020-06-19 09:23:24'),
	(190, 'ม.ราชภัฏจันทรเกษม\r', NULL, '23046', '$2y$10$IWQNkS41CE.eQwdsGODhvOFYq37vE0zkA.3UXoz2sacYItQHMJkVy', 'user', 187, 1, NULL, '2020-06-19 09:23:24', '2020-06-19 09:23:24'),
	(191, 'ม.ราชภัฏธนบุรี\r', NULL, '23047', '$2y$10$B91hFhEcTA0ZnJ5FTaVCNeJDFkkuRRzDVV6q3caMmJIL.qffV/2iC', 'user', 188, 1, NULL, '2020-06-19 09:23:24', '2020-06-19 09:23:24'),
	(192, 'มหาวิทยาลัยราชภัฏบ้านสมเด็จเจ้าพระยา\r', NULL, '23048', '$2y$10$sw6nrvdF8Vig0n2n2cXooeNnlKBpAXspQyq7utEAh8.YyC/.dQteq', 'user', 189, 1, NULL, '2020-06-19 09:23:24', '2020-06-19 09:23:24'),
	(193, 'ม.ราชภัฏพระนคร\r', NULL, '23049', '$2y$10$HLeuHgb3OarnaYOWmsGbUOv17XjsX8.lu3V9RFuqC1Uf8tUeg/rxm', 'user', 190, 1, NULL, '2020-06-19 09:23:24', '2020-06-19 09:23:24'),
	(194, 'ม.ราชภัฏสวนสุนันทา\r', NULL, '23050', '$2y$10$jZVS6c/3P77XCUIiLHxEb.zcbQuxxI74b1dbryG8yiwKDcHcQ3lvq', 'user', 191, 1, NULL, '2020-06-19 09:23:24', '2020-06-19 09:23:24'),
	(195, 'ม.ราชภัฏชัยภูมิ\r', NULL, '23051', '$2y$10$.broC1yF.I4l7hBgPI0vaeO8bZGy/l6VaGQQyehhx/qUf9h69Dp1m', 'user', 192, 1, NULL, '2020-06-19 09:23:24', '2020-06-19 09:23:24'),
	(196, 'ม.ราชภัฏร้อยเอ็ด\r', NULL, '23052', '$2y$10$5f5xg0CSI32Fb0C4qUqiUuV.BB0JaIHAV9sHcNtciDsDrx/cO0Kj2', 'user', 193, 1, NULL, '2020-06-19 09:23:24', '2020-06-19 09:23:24'),
	(197, 'ม.ราชภัฏศรีสะเกษ\r', NULL, '23053', '$2y$10$w/BrWnzz9Lnz0Zi3.FU/.eIeO784HVr0kIhbGh/GaLGYoBb5f07h.', 'user', 194, 1, NULL, '2020-06-19 09:23:24', '2020-06-19 09:23:24'),
	(198, 'มหาวิทยาลัยเทคโนโลยีราชมงคลธัญบุรี\r', NULL, '23054', '$2y$10$esJ7u8P2tS/VScpLmw56MObwEcSABuDibYb8Mv/nku/cX9ze0vh7W', 'user', 195, 1, NULL, '2020-06-19 09:23:24', '2020-06-19 09:23:24'),
	(199, 'มหาวิทยาลัยเทคโนโลยีราชมงคลกรุงเทพ\r', NULL, '23055', '$2y$10$4Ns7vdl1NrGfJW0D6UpS8ezM5eWN4G/jYCze7wO.q/t8al5.15D7O', 'user', 196, 1, NULL, '2020-06-19 09:23:24', '2020-06-19 09:23:24'),
	(200, 'มหาวิทยาลัยเทคโนโลยีราชมงคลตะวันออก\r', NULL, '23056', '$2y$10$Hl6H1wAjvqYxSmYHYNAaO.FJhZJxfcgDQ2RPPrKdecmXLRYG4VaZO', 'user', 197, 1, NULL, '2020-06-19 09:23:24', '2020-06-19 09:23:24'),
	(201, 'มหาวิทยาลัยเทคโนโลยีราชมงคลพระนคร\r', NULL, '23057', '$2y$10$JAEnWKN/AtZ9N6waX2E3J.XDbvysGr9Gd1.Ht9E7eHY.GuE0Iw7qm', 'user', 198, 1, NULL, '2020-06-19 09:23:25', '2020-06-19 09:23:25'),
	(202, 'มหาวิทยาลัยเทคโนโลยีราชมงคลรัตนโกสินทร์\r', NULL, '23058', '$2y$10$WHPGuhpYaTNAvks.VJtVIOorCGCnsUy4C78cbyif3uX0uA4HsQlFy', 'user', 199, 1, NULL, '2020-06-19 09:23:25', '2020-06-19 09:23:25'),
	(203, 'มหาวิทยาลัยเทคโนโลยีราชมงคลล้านนา\r', NULL, '23059', '$2y$10$/SaJIKQmEuAtuTOhXbamyuB/l/WCLSuGB12s0wevQU2dgy9TCLDVW', 'user', 200, 1, NULL, '2020-06-19 09:23:25', '2020-06-19 09:23:25'),
	(204, 'มหาวิทยาลัยเทคโนโลยีราชมงคลศรีวิชัย\r', NULL, '23060', '$2y$10$Y.b1ro/1ClYe1IQ/JDbS9OyeICYr98o3yWM2.o.B3rZR3/l1czmRe', 'user', 201, 1, NULL, '2020-06-19 09:23:25', '2020-06-19 09:23:25'),
	(205, 'มหาวิทยาลัยเทคโนโลยีราชมงคลสุวรรณภูมิ\r', NULL, '23061', '$2y$10$M9QvmMxkMExD7ackNvRQFe6BrZHha7U6iK8gp2DYBOhiyCnnuGt/O', 'user', 202, 1, NULL, '2020-06-19 09:23:25', '2020-06-19 09:23:25'),
	(206, 'มหาวิทยาลัยเทคโนโลยีราชมงคลอีสาน \r', NULL, '23062', '$2y$10$os6qzao5bKdefhk/5qyLIOgz92zc6t4UJ2LQtp9qLemExBBuaRqhS', 'user', 203, 1, NULL, '2020-06-19 09:23:25', '2020-06-19 09:23:25'),
	(207, 'สำนักงานพระพุทธศาสนาแห่งชาติ\r', NULL, '25003', '$2y$10$oXScs83pMU543SQsUGOj3Oom.IcoTv.XOzfNWzm8WOIyBoq.Zrhya', 'user', 204, 1, NULL, '2020-06-19 09:23:25', '2020-06-19 09:23:25'),
	(208, 'สำนักงานคณะกรรมการพิเศษเพื่อประสานงานโครงการอันเนื่องมาจากพระราชดำริ\r', NULL, '25004', '$2y$10$funA2cSuGPm0BbonzgyNuOYohjsxyJUQJreC.1.xF3aJcZmoLcwKG', 'user', 205, 1, NULL, '2020-06-19 09:23:25', '2020-06-19 09:23:25'),
	(209, 'สำนักงานราชบัณฑิตยสภา\r', NULL, '25006', '$2y$10$AbTPS.T3uPYdlfI9kx8n/uW/GTX1fHowN6ZB5zc7DxduKP0XsrNIu', 'user', 206, 1, NULL, '2020-06-19 09:23:25', '2020-06-19 09:23:25'),
	(210, 'สำนักงานตำรวจแห่งชาติ\r', NULL, '25007', '$2y$10$P/Hc3yBnkbDn0iFRY6zfd.p.H6NcU1.f2pozvpTJF0O/rbclifB3y', 'user', 207, 1, NULL, '2020-06-19 09:23:25', '2020-06-19 09:23:25'),
	(211, 'สำนักงานป้องกันและปราบปรามการฟอกเงิน\r', NULL, '25008', '$2y$10$wEjRGHOTE1wxHvYUt/zp/OLIY5CDeamPSQIU2x5hFBWO5cUV4F8WO', 'user', 208, 1, NULL, '2020-06-19 09:23:25', '2020-06-19 09:23:25'),
	(212, 'ศูนย์อำนวยการบริหารจังหวัดชายแดนภาคใต้\r', NULL, '25016', '$2y$10$UpWaY/1VPYMG3Uf02euZw.TkXbvCEw2/gkJcnVL0vI4RsGRY1nBwy', 'user', 209, 1, NULL, '2020-06-19 09:23:25', '2020-06-19 09:23:25'),
	(213, 'สำนักงานคณะกรรมการป้องกันและปราบปรามการทุจริตในภาครัฐ\r', NULL, '25017', '$2y$10$sGfa0mO1Q033o75ShCpBqehHMNGQuxqErez7aygIFGodDm.5brPPC', 'user', 210, 1, NULL, '2020-06-19 09:23:25', '2020-06-19 09:23:25'),
	(214, 'สำนักงานเลขาธิการวุฒิสภา\r', NULL, '27001', '$2y$10$Wq3LKKA136yYptwhlK7IFe6C/du0Y2lQoYZOTYwalazl5kaWf2KaG', 'user', 211, 1, NULL, '2020-06-19 09:23:25', '2020-06-19 09:23:25'),
	(215, 'สำนักงานเลขาธิการสภาผู้แทนราษฎร\r', NULL, '27002', '$2y$10$zRN7YlreJIO8iV2aF9ePc.rpoSIraFyfXdYELgFVLMFozzXyZDvaG', 'user', 212, 1, NULL, '2020-06-19 09:23:25', '2020-06-19 09:23:25'),
	(216, 'สถาบันพระปกเกล้า\r', NULL, '27003', '$2y$10$27pm7M06ei.FXhsg.6pIXeIHLr/UxH2i5CGuASn2hXm6KNcwsPxaq', 'user', 213, 1, NULL, '2020-06-19 09:23:25', '2020-06-19 09:23:25'),
	(217, 'สำนักงานศาลรัฐธรรมนูญ\r', NULL, '28001', '$2y$10$EgORidVjZ.74TCvQgUAE4eMN.QCsV7H4Uzr5RR8A2NExqcGvoTg46', 'user', 214, 1, NULL, '2020-06-19 09:23:26', '2020-06-19 09:23:26'),
	(218, 'สำนักงานศาลยุติธรรม\r', NULL, '28002', '$2y$10$peQP2vi6.7/oJwU00tpEQejvmyUaEnfCexwDwP5vWTxc8APKnsHgq', 'user', 215, 1, NULL, '2020-06-19 09:23:26', '2020-06-19 09:23:26'),
	(219, 'สำนักงานศาลปกครอง\r', NULL, '28003', '$2y$10$/x7TusZY6pQvgMamsn4m3uvpLL0WYnMdUH75Ll5ReZ5779srMwKvq', 'user', 216, 1, NULL, '2020-06-19 09:23:26', '2020-06-19 09:23:26'),
	(220, 'สำนักงานคณะกรรมการการเลือกตั้ง\r', NULL, '29001', '$2y$10$1pZklDJ3tdAe10Q/XardxOpUFpj42O9FIEKkOPmz/3VUWi4SMhb2W', 'user', 217, 1, NULL, '2020-06-19 09:23:26', '2020-06-19 09:23:26'),
	(221, 'สำนักงานผู้ตรวจการแผ่นดิน\r', NULL, '29002', '$2y$10$h3VmwTseoxLnAMoIbNx7aObuRtxIB/jsEABWbMZ2OOhA4qUpmq/GO', 'user', 218, 1, NULL, '2020-06-19 09:23:26', '2020-06-19 09:23:26'),
	(222, 'สำนักงานคณะกรรมการป้องกันและปราบปรามการทุจริตแห่งชาติ\r', NULL, '29003', '$2y$10$VGvGD0ruuxOZHx7bL.36V.yCKtC3wMegV.uIqx42wxurqjZRXZJ1S', 'user', 219, 1, NULL, '2020-06-19 09:23:26', '2020-06-19 09:23:26'),
	(223, 'สำนักงานการตรวจเงินแผ่นดิน\r', NULL, '29004', '$2y$10$aPzdK0RGMceki7EPGzeSZuU0DtBKaUBYBKtIzxJusYYI12QCqZ9L2', 'user', 220, 1, NULL, '2020-06-19 09:23:26', '2020-06-19 09:23:26'),
	(224, 'สำนักงานคณะกรรมการสิทธิมนุษยชนแห่งชาติ\r', NULL, '29005', '$2y$10$5YM46su9R5Uj48xVN8m12OHZtZWdcWAeRV6TyZI0iYTuHYmwvZYPK', 'user', 221, 1, NULL, '2020-06-19 09:23:26', '2020-06-19 09:23:26'),
	(225, 'สำนักงานอัยการสูงสุด\r', NULL, '29006', '$2y$10$PH0XOObRd.pAmrZBPKQ1xOFBopIS8TtaHTBKeawsXFngE/A9G9mrS', 'user', 222, 1, NULL, '2020-06-19 09:23:26', '2020-06-19 09:23:26'),
	(226, 'สำนักงานคณะกรรมการกิจการกระจายเสียง กิจการโทรทัศน์และกิจการโทรคมนาคมแห่งชาติ\r', NULL, '29009', '$2y$10$gtGwpoWqj.pEXSigMHYWOurtXnN0/AKHtKflcpiu7o/FeRQh2c2Ga', 'user', 223, 1, NULL, '2020-06-19 09:23:26', '2020-06-19 09:23:26'),
	(227, 'องค์การตลาดเพื่อเกษตรกร\r', NULL, '50101', '$2y$10$ZfMajlYLR6Qsqh0jvEMfLOpAFGzB8VY/T.dRnt9STBez7FsOzbeVO', 'user', 224, 1, NULL, '2020-06-19 09:23:26', '2020-06-19 09:23:26'),
	(228, 'องค์การสวนยาง\r', NULL, '50102', '$2y$10$phIuuSzTkaETHT4Z7tGpn.wVwXzj7jBzvz4Yx4EQgRgVgv8rbLy/6', 'user', 225, 1, NULL, '2020-06-19 09:23:26', '2020-06-19 09:23:26'),
	(229, 'องค์การสะพานปลา\r', NULL, '50103', '$2y$10$nzL7f0EH1.uckTyaAk21aOvPIip2PjVFLk0bPuhwLVLQO3/gRAPAO', 'user', 226, 1, NULL, '2020-06-19 09:23:26', '2020-06-19 09:23:26'),
	(230, 'องค์การส่งเสริมกิจการโคนม\r', NULL, '50104', '$2y$10$D9Q/2MWczKl3RL8ZUqSja.r.cdgfYzaP4B4/R9JozUoKTv47Muilm', 'user', 227, 1, NULL, '2020-06-19 09:23:26', '2020-06-19 09:23:26'),
	(231, 'องค์การอุตสาหกรรมป่าไม้\r', NULL, '50105', '$2y$10$vhRqWze3TKKX/vJls0k6M.GEKHOImyXRjwgrZiVSGbetw8oNY3dBC', 'user', 228, 1, NULL, '2020-06-19 09:23:26', '2020-06-19 09:23:26'),
	(232, 'การยางแห่งประเทศไทย\r', NULL, '50110', '$2y$10$7X4v/KowwCvnxvYO71BHUe0PH6JKg2wHLo6KcujfTl4.XnjCi00W6', 'user', 229, 1, NULL, '2020-06-19 09:23:26', '2020-06-19 09:23:26'),
	(233, 'การนิคมอุตสาหกรรมแห่งประเทศไทย\r', NULL, '50201', '$2y$10$QdCqVf4LFfPJDeqpJkxXneJmqaMrBb18/HQ5ipNOru3TFt4Nkm4ly', 'user', 230, 1, NULL, '2020-06-19 09:23:27', '2020-06-19 09:23:27'),
	(234, 'องค์การเภสัชกรรม\r', NULL, '50204', '$2y$10$rIMhHg6z3GPTMmdMnwiMH..0BQ1kQeislYuUiYRdfOD1MZALXNIcW', 'user', 231, 1, NULL, '2020-06-19 09:23:27', '2020-06-19 09:23:27'),
	(235, 'องค์การสุรา\r', NULL, '50205', '$2y$10$G9cZ3iSWlx1ro.ilfafZQekD5yU1TV69lgzCASRQ8aWETlD67qW9S', 'user', 232, 1, NULL, '2020-06-19 09:23:27', '2020-06-19 09:23:27'),
	(236, 'โรงงานไพ่\r', NULL, '50206', '$2y$10$j1/iT7xmbZrEMk3I7ZZb1Os2iaGnfKGDBT5YYq9nM3aad1rpwVcgS', 'user', 233, 1, NULL, '2020-06-19 09:23:27', '2020-06-19 09:23:27'),
	(237, 'การยาสูบแห่งประเทศไทย\r', NULL, '50207', '$2y$10$BP75QUuJY5dkIZZM6MSv2.ivpMmJynLi0MjJ4ItmkIJTiYYjk1uqG', 'user', 234, 1, NULL, '2020-06-19 09:23:27', '2020-06-19 09:23:27'),
	(238, 'โรงพิมพ์ตำรวจ\r', NULL, '50208', '$2y$10$PX29vG8Px6MK.JTLoMKnJOfdAJINRl5QR0hmvzqrSYrd5j0SssZn2', 'user', 235, 1, NULL, '2020-06-19 09:23:27', '2020-06-19 09:23:27'),
	(239, 'การทางพิเศษแห่งประเทศไทย\r', NULL, '50301', '$2y$10$WWbwDlBm.65gEWn4/GVKgOh7ddwGSmrKKgDVKKo/4b/Hly1G2VYZ6', 'user', 236, 1, NULL, '2020-06-19 09:23:27', '2020-06-19 09:23:27'),
	(240, 'องค์การขนส่งมวลชนกรุงเทพ\r', NULL, '50302', '$2y$10$Cx465VlSLZ4jyY5AK5VukOALwlpXJYZclB/NctDTNsUGPORyZBrUu', 'user', 237, 1, NULL, '2020-06-19 09:23:27', '2020-06-19 09:23:27'),
	(241, 'การท่าเรือแห่งประเทศไทย\r', NULL, '50304', '$2y$10$Fcb/HEIZY2c7s0OgmJ/weeCiM3b7/jJA5H5PBAkam1qVpyLQztAvy', 'user', 238, 1, NULL, '2020-06-19 09:23:27', '2020-06-19 09:23:27'),
	(242, 'บมจ. ท่าอากาศยานไทย\r', NULL, '50306', '$2y$10$xGnpcTM4WNJQVk.xzLC74.qfIZXjz4cw60UoGy8edHgClFyynlaYG', 'user', 239, 1, NULL, '2020-06-19 09:23:27', '2020-06-19 09:23:27'),
	(243, 'บมจ. การบินไทย\r', NULL, '50307', '$2y$10$KcUPRgwa9QZAk4jDoNVwiOXUE3Zmn6uEAw//Px6VLwgsSxwJw/p8y', 'user', 240, 1, NULL, '2020-06-19 09:23:27', '2020-06-19 09:23:27'),
	(244, 'บริษัท ท่าอากาศยานสากลกรุงเทพแห่งใหม่ จำกัด\r', NULL, '50309', '$2y$10$OY/fnwwGpTc4MuiCNaUSpeH2I0vBeIi/BFrVIOtBhGqqldgdDkMga', 'user', 241, 1, NULL, '2020-06-19 09:23:27', '2020-06-19 09:23:27'),
	(245, 'บริษัท วิทยุการบินแห่งประเทศไทย จำกัด\r', NULL, '50310', '$2y$10$J.4QNT159Th9RQi/wpJ/Uesk2ciO6U8By6nkdihbL6eihd3m1jFle', 'user', 242, 1, NULL, '2020-06-19 09:23:27', '2020-06-19 09:23:27'),
	(246, 'สถาบันการบินพลเรือน\r', NULL, '50311', '$2y$10$JGlxYxndqBS6TBfRIWxZh.845e3N3ityoO3twHZ3307vggqUZhMm.', 'user', 243, 1, NULL, '2020-06-19 09:23:27', '2020-06-19 09:23:27'),
	(247, 'การรถไฟแห่งประเทศไทย\r', NULL, '50312', '$2y$10$yrgcHb052ydCC5gdQNlZK.nWLQvaaNBhk1yQ2Eyp/ivTI9wxG5O7K', 'user', 244, 1, NULL, '2020-06-19 09:23:27', '2020-06-19 09:23:27'),
	(248, 'การรถไฟฟ้าขนส่งมวลชนแห่งประเทศไทย\r', NULL, '50313', '$2y$10$nyyRmAPDsmpIo44fT4hakuna7CTcOUc7pcz2P2BobjQeMWtaW7EL6', 'user', 245, 1, NULL, '2020-06-19 09:23:27', '2020-06-19 09:23:27'),
	(249, 'บริษัท ขนส่ง จำกัด\r', NULL, '50314', '$2y$10$PG24QbVqjO0w8a3PihyiduuzjzcM24N..jejUSm0ZZ4jWyn5aYlqO', 'user', 246, 1, NULL, '2020-06-19 09:23:28', '2020-06-19 09:23:28'),
	(250, 'บริษัท อู่กรุงเทพ จำกัด\r', NULL, '50315', '$2y$10$V7ztAe/05ujYjQ6bV14jMeKz3.4kamIGUhlKlZgpr5l5cpD3vaN5i', 'user', 247, 1, NULL, '2020-06-19 09:23:28', '2020-06-19 09:23:28'),
	(251, 'บริษัท กสท โทรคมนาคม จำกัด (มหาชน)\r', NULL, '50316', '$2y$10$gaBreLqMmW8ZPbFiRc3ebuJeWQA/4Vh.FTSxNQnpSKzHd3AnitkIm', 'user', 248, 1, NULL, '2020-06-19 09:23:28', '2020-06-19 09:23:28'),
	(252, 'บริษัท ทีโอที จำกัด (มหาชน)\r', NULL, '50317', '$2y$10$lg9irbHU/nNCaBgE6oMWbuc9/AXOrBGHsisZma0xK15ic1ITGiAGO', 'user', 249, 1, NULL, '2020-06-19 09:23:28', '2020-06-19 09:23:28'),
	(253, 'บริษัท อสมท จำกัด (มหาชน)\r', NULL, '50318', '$2y$10$PpC/3sCCheucXgp.ekaddO9wrQUmMf8dRpnCDq6kSAoqO48cd1EuG', 'user', 250, 1, NULL, '2020-06-19 09:23:28', '2020-06-19 09:23:28'),
	(254, 'บริษัท ไปรษณีย์ไทย จำกัด\r', NULL, '50319', '$2y$10$LZK14ckjVnU86K3exidmc.eVMxeywH1rRndoHXWCienLPUY8RzKuy', 'user', 251, 1, NULL, '2020-06-19 09:23:28', '2020-06-19 09:23:28'),
	(255, 'องค์การตลาด\r', NULL, '50401', '$2y$10$fhOuCpHmcWrQ.9Z7hkJrPuNuda0yQC3TsRTibV/7z4VBTC1cKiVbu', 'user', 252, 1, NULL, '2020-06-19 09:23:28', '2020-06-19 09:23:28'),
	(256, 'องค์การคลังสินค้า\r', NULL, '50402', '$2y$10$BmdabRNcMVRVwlB2Rq6pmepXF1Lu6fKiwFypCUiSmbOjNPyKaEye6', 'user', 253, 1, NULL, '2020-06-19 09:23:28', '2020-06-19 09:23:28'),
	(257, 'สำนักงานสลากกินแบ่งรัฐบาล\r', NULL, '50403', '$2y$10$WVYVMtUQiKhhUeNfsTGln.t222UtO2wz6DiUxc6MmhBjk.BVDqvAC', 'user', 254, 1, NULL, '2020-06-19 09:23:28', '2020-06-19 09:23:28'),
	(258, 'การท่องเที่ยวแห่งประเทศไทย\r', NULL, '50404', '$2y$10$ZAQoR3fUvAjswELybVxbt.2C/FJp3PPx.zAlCNwbuAQRtDZNcqof2', 'user', 255, 1, NULL, '2020-06-19 09:23:28', '2020-06-19 09:23:28'),
	(259, 'บริษัท สหโรงแรมไทยและการท่องเที่ยว จำกัด\r', NULL, '50405', '$2y$10$hWFrcVH3VWVQUuYKAsik2egj/ojyv3s0seNcMOoIIkHI6LbmVlKW.', 'user', 256, 1, NULL, '2020-06-19 09:23:28', '2020-06-19 09:23:28'),
	(260, 'สถาบันวิจัยวิทยาศาสตร์และเทคโนโลยีแห่งประเทศไทย\r', NULL, '50501', '$2y$10$DyRKfgbAOzJ5ss/fa/i8heCnH/K1QZM6L7kh0VnI09aBcpv7yxhaq', 'user', 257, 1, NULL, '2020-06-19 09:23:28', '2020-06-19 09:23:28'),
	(261, 'องค์การพิพิธภัณฑ์วิทยาศาสตร์แห่งชาติ\r', NULL, '50502', '$2y$10$OVdhWedvxSb5booa5tfnZewLpHdus0PhGWpu7hJAlha2ZF0r09y8S', 'user', 258, 1, NULL, '2020-06-19 09:23:28', '2020-06-19 09:23:28'),
	(262, 'องค์การสวนพฤกษศาสตร์\r', NULL, '50503', '$2y$10$4koLloajmxw6TWqOS9TyXeGSbXuwFdw7qeEW2yqPpxUSNi9H2Q4gW', 'user', 259, 1, NULL, '2020-06-19 09:23:28', '2020-06-19 09:23:28'),
	(263, 'การไฟฟ้าฝ่ายผลิตแห่งประเทศไทย\r', NULL, '50504', '$2y$10$lOWawBq5L1/z7HA6V5DlV.4R2f8wgCMKgvX8G4RZZnlmLPkXd2Vhu', 'user', 260, 1, NULL, '2020-06-19 09:23:28', '2020-06-19 09:23:28'),
	(264, 'การไฟฟ้านครหลวง\r', NULL, '50505', '$2y$10$KZWEX7j/wmomcV26gEzhme3D.CLV.iBSPpnjaiKxHO07ch6ayrlKq', 'user', 261, 1, NULL, '2020-06-19 09:23:29', '2020-06-19 09:23:29'),
	(265, 'การไฟฟ้าส่วนภูมิภาค\r', NULL, '50506', '$2y$10$871XhvDBAjOSFmp6Ruh30.gIXIPUsPYV2DnLlu/kdWE6HdwPhW7Eq', 'user', 262, 1, NULL, '2020-06-19 09:23:29', '2020-06-19 09:23:29'),
	(266, 'บริษัท ปตท. จำกัด (มหาชน)\r', NULL, '50507', '$2y$10$j39MNnVZxejZnEPGTEW8e.YCosqsMxyryihM5uRb8RBFlofWzIoG.', 'user', 263, 1, NULL, '2020-06-19 09:23:29', '2020-06-19 09:23:29'),
	(267, 'องค์การจัดการน้ำเสีย\r', NULL, '50510', '$2y$10$hgtjS0GdAPb7Dntz0pU4YOSH./18br79m2MiyXW5FsDypcAyl2vYi', 'user', 264, 1, NULL, '2020-06-19 09:23:29', '2020-06-19 09:23:29'),
	(268, 'การประปานครหลวง\r', NULL, '50601', '$2y$10$XgEUU/awzLZjLh8e0icv6OTBdd.bBs0tDth2qwu33xgF6cbBKNqrG', 'user', 265, 1, NULL, '2020-06-19 09:23:29', '2020-06-19 09:23:29'),
	(269, 'การประปาส่วนภูมิภาค\r', NULL, '50602', '$2y$10$w8hGepplTAWWCFsxWuJELOsGTPMeim1OvaHOXN63liZhM9hDLM77O', 'user', 266, 1, NULL, '2020-06-19 09:23:29', '2020-06-19 09:23:29'),
	(270, 'การเคหะแห่งชาติ\r', NULL, '50603', '$2y$10$zIKmTVLOXHazOFEtp/c5E.nc42EPdKZPkH1yrEKParnJI4EPWo2eu', 'user', 267, 1, NULL, '2020-06-19 09:23:29', '2020-06-19 09:23:29'),
	(271, 'การกีฬาแห่งประเทศไทย\r', NULL, '50604', '$2y$10$lco7Z9HuxrSU8j83nMDSyeu4wgXRNvL2y4hO1D4CSBeAytveMkgy6', 'user', 268, 1, NULL, '2020-06-19 09:23:29', '2020-06-19 09:23:29'),
	(272, 'องค์การสวนสัตว์\r', NULL, '50605', '$2y$10$I6r2PiyWb0JGT6V5.O2IV.f.Hz/PRH43ATJ7FwZDXd5IOJCVHU86C', 'user', 269, 1, NULL, '2020-06-19 09:23:29', '2020-06-19 09:23:29'),
	(273, 'สำนักงานธนานุเคราะห์\r', NULL, '50606', '$2y$10$00wfkzQ5ZtlyA8RmUlyVguaIZjmiVCLWJxEW5Ce4cuv.yPM1MCadW', 'user', 270, 1, NULL, '2020-06-19 09:23:29', '2020-06-19 09:23:29'),
	(274, 'ธนาคารแห่งประเทศไทย\r', NULL, '50701', '$2y$10$/yIb3mVmA2w/pqHLMKYLEODH6uOyHjXoGkWOBJbFHIUtK9xfYbG6y', 'user', 271, 1, NULL, '2020-06-19 09:23:29', '2020-06-19 09:23:29'),
	(275, 'บมจ.ธนาคารกรุงไทย\r', NULL, '50702', '$2y$10$dK7Iv31xB6HlPIQg5Yj/VuKt/42wgAO683KEXlb8/.FwnXYokVvtO', 'user', 272, 1, NULL, '2020-06-19 09:23:29', '2020-06-19 09:23:29'),
	(276, 'ธนาคารเพื่อการเกษตรและสหกรณ์การเกษตร\r', NULL, '50703', '$2y$10$AXQOAtAsUPhYW5Rql46EvOzvt4lr9B3cKakvwNFQGALEeZ9luYCRq', 'user', 273, 1, NULL, '2020-06-19 09:23:29', '2020-06-19 09:23:29'),
	(277, 'ธนาคารออมสิน\r', NULL, '50704', '$2y$10$7vKfXoFUqWwhPljv96HM8uksQ/iSCZGiUUOHyuJUhXjYlRWHpt8aW', 'user', 274, 1, NULL, '2020-06-19 09:23:29', '2020-06-19 09:23:29'),
	(278, 'ธนาคารอาคารสงเคราะห์\r', NULL, '50705', '$2y$10$KsWv9NuupF0i/Ndv3r9dd.6hL.SrvzGg4l1PHfbYkxUQHVcm6yKyW', 'user', 275, 1, NULL, '2020-06-19 09:23:29', '2020-06-19 09:23:29'),
	(279, 'ธนาคารเพื่อการส่งออกและนำเข้าแห่งประเทศไทย\r', NULL, '50706', '$2y$10$OwnSAq5QmaicE9dtbDycee11k/S24v1Fbx0Rv1UEXgXKVPRTli.j.', 'user', 276, 1, NULL, '2020-06-19 09:23:29', '2020-06-19 09:23:29'),
	(280, 'ธนาคารพัฒนาวิสาหกิจขนาดกลางและขนาดย่อมแห่งประเทศไทย\r', NULL, '50708', '$2y$10$7MBbRHJoyU2YohXd3PoFQ.jE49peAEkomLRRWfAmq2GDv5yJiOKxm', 'user', 277, 1, NULL, '2020-06-19 09:23:30', '2020-06-19 09:23:30'),
	(281, 'ธนาคารอิสลามแห่งประเทศไทย\r', NULL, '50709', '$2y$10$OL2NLanS7Ne5UhCesh80U.sIgDP/vrLifjg9.X5t8sNAQXDACRiRW', 'user', 278, 1, NULL, '2020-06-19 09:23:30', '2020-06-19 09:23:30'),
	(282, 'บริษัทตลาดรองสินเชื่อที่อยู่อาศัย\r', NULL, '50710', '$2y$10$RNFGUXUWMCBQc89Hb97ZAea/xVlFexxR6PbgeF9cPGwn.QCuAx7Jq', 'user', 279, 1, NULL, '2020-06-19 09:23:30', '2020-06-19 09:23:30'),
	(283, 'บริษัทบริหารสินทรัพย์ ธนาคารอิสลามแห่งประเทศไทย จำกัด\r', NULL, '50713', '$2y$10$xga2IQdOItpstDLouymxsenMwJLfjcDPpEJPE2dw9HlpakwKr6cn2', 'user', 280, 1, NULL, '2020-06-19 09:23:30', '2020-06-19 09:23:30'),
	(284, 'กลุ่มจังหวัดภาคกลางตอนบน 1\r', NULL, '70010', '$2y$10$ka5D2tZ6dUOFOv.Sjf3rBe5mr5InCsatqIwe2e7GfRvcdejSKdYqe', 'user', 281, 1, NULL, '2020-06-19 09:23:30', '2020-06-19 09:23:30'),
	(285, 'งบจังหวัดนนทบุรี\r', NULL, '70011', '$2y$10$PwscpBrBSfNF1JInRUyC1uO4JxF0O/7hJ6uqZyMAW4H37/3HVh2dm', 'user', 282, 1, NULL, '2020-06-19 09:23:30', '2020-06-19 09:23:30'),
	(286, 'งบจังหวัดปทุมธานี\r', NULL, '70012', '$2y$10$36AzA75wvh.G.Gi5UX8Z/.lu/Ms8npf.DtdcfOpAXMgpoNRhj0FLC', 'user', 283, 1, NULL, '2020-06-19 09:23:30', '2020-06-19 09:23:30'),
	(287, 'งบจังหวัดพระนครศรีอยุธยา\r', NULL, '70013', '$2y$10$9.qaoV6Ldsm56gv4wXj.xO.UkXhpcxqjs7LTu3xXvN9xiQ618QDMi', 'user', 284, 1, NULL, '2020-06-19 09:23:30', '2020-06-19 09:23:30'),
	(288, 'งบจังหวัดสระบุรี\r', NULL, '70014', '$2y$10$DHXqLUwdy0H9gbnAFmj61.IFz41RfHRTpBtFOtx7VDxA6vzzht6pG', 'user', 285, 1, NULL, '2020-06-19 09:23:30', '2020-06-19 09:23:30'),
	(289, 'กลุ่มจังหวัดภาคกลางตอนบน 2\r', NULL, '70020', '$2y$10$WCBGbOOOzcL9lvfy9meVi.TCH3xNA0QggQyECWl0iGYpoDCWdKKwO', 'user', 286, 1, NULL, '2020-06-19 09:23:30', '2020-06-19 09:23:30'),
	(290, 'งบจังหวัดชัยนาท\r', NULL, '70021', '$2y$10$88goqGWDXrmiJCiNMXioLOVB6ul.PRWy.C8bZvfquWMRJOcMmCi0.', 'user', 287, 1, NULL, '2020-06-19 09:23:30', '2020-06-19 09:23:30'),
	(291, 'งบจังหวัดลพบุรี\r', NULL, '70022', '$2y$10$/z88dQBvGSTG2xJC6QVQAemAGf/kzq7WSVnbfYWqHBz6lL6acIa16', 'user', 288, 1, NULL, '2020-06-19 09:23:30', '2020-06-19 09:23:30'),
	(292, 'งบจังหวัดสิงห์บุรี\r', NULL, '70023', '$2y$10$whNKkvzNO0Kp.J2zNllOxOiN/G/jRsheHUFAqPyteEgU7lMWejh2y', 'user', 289, 1, NULL, '2020-06-19 09:23:30', '2020-06-19 09:23:30'),
	(293, 'งบจังหวัดอ่างทอง\r', NULL, '70024', '$2y$10$9ZCVga0x4cxMDzgREdb2FeCo5Pp.GslTWh0eXEVeJwtYlJBKkuCpG', 'user', 290, 1, NULL, '2020-06-19 09:23:30', '2020-06-19 09:23:30'),
	(294, 'กลุ่มจังหวัดภาคกลางตอนกลาง\r', NULL, '70030', '$2y$10$dMfv2D1DFWJX9DueBfUhjuXEFR5QLz3nC5aWEo5CmETseMnS1GZyW', 'user', 291, 1, NULL, '2020-06-19 09:23:30', '2020-06-19 09:23:30'),
	(295, 'งบจังหวัดฉะเชิงเทรา\r', NULL, '70031', '$2y$10$5uLflAK5NBQh80.qbdTCi..qgjBUXE5.xTxk72Fik/3av7dNccveS', 'user', 292, 1, NULL, '2020-06-19 09:23:30', '2020-06-19 09:23:30'),
	(296, 'งบจังหวัดปราจีนบุรี\r', NULL, '70032', '$2y$10$rcbvjCmalZUjpdobAB7/wO1omNIFZ8Ui4k.tw.LmSaDBt.38lxSA2', 'user', 293, 1, NULL, '2020-06-19 09:23:31', '2020-06-19 09:23:31'),
	(297, 'งบจังหวัดสระแก้ว\r', NULL, '70033', '$2y$10$X1.3ykPc.EFe4egnYoSxC.67tBIJtECeGMiRX3bDlELuUVnplHcmi', 'user', 294, 1, NULL, '2020-06-19 09:23:31', '2020-06-19 09:23:31'),
	(298, 'งบจังหวัดนครนายก\r', NULL, '70034', '$2y$10$SjjeKvbVmTccASTRAVbKROyMoxVZ5IOwSfwYYWjlqEv1kBTeyHWRC', 'user', 295, 1, NULL, '2020-06-19 09:23:31', '2020-06-19 09:23:31'),
	(299, 'งบจังหวัดสมุทรปราการ\r', NULL, '70035', '$2y$10$D.Ei0UHE4t6pAk6nEAZRmulV4YKUwCd3H0ftVxuaq3DT2krvX84vW', 'user', 296, 1, NULL, '2020-06-19 09:23:31', '2020-06-19 09:23:31'),
	(300, 'กลุ่มจังหวัดภาคกลางตอนล่าง 1\r', NULL, '70040', '$2y$10$6Qq5STPRgKyYxds7US21CeEwt0Jl0JSuRRF.5dzZ8KUMSL8K6TRuq', 'user', 297, 1, NULL, '2020-06-19 09:23:31', '2020-06-19 09:23:31'),
	(301, 'งบจังหวัดกาญจนบุรี\r', NULL, '70041', '$2y$10$QRi8UhzhZP7lTHmdnjK2UuQVbOoQyXDmJ3QP4vTrm3TkqBiAVv6L2', 'user', 298, 1, NULL, '2020-06-19 09:23:31', '2020-06-19 09:23:31'),
	(302, 'งบจังหวัดนครปฐม\r', NULL, '70042', '$2y$10$hJ7Awy2vPHYdewjRKX7V2uYP.rhBGx0RxZaRtpNqKYCz5uVv8u9nK', 'user', 299, 1, NULL, '2020-06-19 09:23:31', '2020-06-19 09:23:31'),
	(303, 'งบจังหวัดราชบุรี\r', NULL, '70043', '$2y$10$Bk7B2SYKLO7Ercs5ppfbk.OIKq3xJFTfvlA0UgF96FdOCQawkQpcu', 'user', 300, 1, NULL, '2020-06-19 09:23:31', '2020-06-19 09:23:31'),
	(304, 'งบจังหวัดสุพรรณบุรี\r', NULL, '70044', '$2y$10$KD/ePoze1Xthi0uCZYp/2.xcPyPvkwBtAwkxmNQKOlp6tjH9NIbku', 'user', 301, 1, NULL, '2020-06-19 09:23:31', '2020-06-19 09:23:31'),
	(305, 'กลุ่มจังหวัดภาคกลางตอนล่าง 2\r', NULL, '70050', '$2y$10$BbAaGuSlzWX3VHwS16JCcOKfCr2v.d2xqe9qAjq.I7k4SkudDR38G', 'user', 302, 1, NULL, '2020-06-19 09:23:31', '2020-06-19 09:23:31'),
	(306, 'งบจังหวัดประจวบคีรีขันธ์\r', NULL, '70051', '$2y$10$pKjK6l.PKv8ih13Tmmemvu04Lm0MnXpnIXjaB99qN7q.UhigBM062', 'user', 303, 1, NULL, '2020-06-19 09:23:31', '2020-06-19 09:23:31'),
	(307, 'งบจังหวัดเพชรบุรี\r', NULL, '70052', '$2y$10$TSvZnPKUQm2shNYiIDWwB.ZIks8m7teebR/Q9ysIGRwxCED9mhPcC', 'user', 304, 1, NULL, '2020-06-19 09:23:31', '2020-06-19 09:23:31'),
	(308, 'งบจังหวัดสมุทรสาคร\r', NULL, '70053', '$2y$10$wQs.v2wF24vsH6mWeNAhUeuwtlI/0h1iCVclcwRZHLhut3w5qtk/a', 'user', 305, 1, NULL, '2020-06-19 09:23:31', '2020-06-19 09:23:31'),
	(309, 'งบจังหวัดสมุทรสงคราม\r', NULL, '70054', '$2y$10$ohDBPC8rTIyICFWm3eLHa.vd1i8JaHsHlTIv285lMNk/Imia8oYQO', 'user', 306, 1, NULL, '2020-06-19 09:23:31', '2020-06-19 09:23:31'),
	(310, 'กลุ่มจังหวัดภาคใต้ฝั่งอ่าวไทย\r', NULL, '70060', '$2y$10$RGpK0btdUO7eh1e1yGdQi.rnSqeVqGauckKmcYvNYD8NFP4SH3jV.', 'user', 307, 1, NULL, '2020-06-19 09:23:31', '2020-06-19 09:23:31'),
	(311, 'งบจังหวัดชุมพร\r', NULL, '70061', '$2y$10$s6oTiZOuhQ5PfYpYs9j9E.6mPRE.v6kzc2a0JN8Pxj2VlEGxTRG6q', 'user', 308, 1, NULL, '2020-06-19 09:23:31', '2020-06-19 09:23:31'),
	(312, 'งบจังหวัดสุราษฎร์ธานี\r', NULL, '70062', '$2y$10$/mGCVfCDj1E15gaipKZcze8mAk.rp.pMpf0gyAYr/iZYDdK03c1.6', 'user', 309, 1, NULL, '2020-06-19 09:23:32', '2020-06-19 09:23:32'),
	(313, 'งบจังหวัดนครศรีธรรมราช\r', NULL, '70063', '$2y$10$atdSkLzMV1Gd.XhuasH6JuULI3nmc6hs3u75WNbk2qa7LqFFDLcwG', 'user', 310, 1, NULL, '2020-06-19 09:23:32', '2020-06-19 09:23:32'),
	(314, 'งบจังหวัดพัทลุง\r', NULL, '70064', '$2y$10$.oZY8sqzM7Xnp80/a1TxbO2G9pfwjYarkjidJi/pbO538eyqdhT9K', 'user', 311, 1, NULL, '2020-06-19 09:23:32', '2020-06-19 09:23:32'),
	(315, 'กลุ่มจังหวัดภาคใต้ฝั่งอันดามัน\r', NULL, '70070', '$2y$10$h.q6NX8DKeu/OpI82bWme.qT0zzOcYuSNmJJ6dLRiPslq.Cy3104i', 'user', 312, 1, NULL, '2020-06-19 09:23:32', '2020-06-19 09:23:32'),
	(316, 'งบจังหวัดระนอง\r', NULL, '70071', '$2y$10$TL4Egh7i1B54W79o9JJTOOTQu6s2iFPjjOM4MCngAPmQQDOFPmEKW', 'user', 313, 1, NULL, '2020-06-19 09:23:32', '2020-06-19 09:23:32'),
	(317, 'งบจังหวัดพังงา\r', NULL, '70072', '$2y$10$PhXjJSA/RWUBrlo1A9.2LOAkWbS2JySxjyZMcwLhO4a2sp5PUQFpi', 'user', 314, 1, NULL, '2020-06-19 09:23:32', '2020-06-19 09:23:32'),
	(318, 'งบจังหวัดภูเก็ต\r', NULL, '70073', '$2y$10$mpF148wEbdVkF9/4dAMpLu/fZEEWrtYKx.DNSBlnHmwg059OH4wle', 'user', 315, 1, NULL, '2020-06-19 09:23:32', '2020-06-19 09:23:32'),
	(319, 'งบจังหวัดกระบี่\r', NULL, '70074', '$2y$10$WV1TiMuQ1C2amqr0xGkwuui4r0IKUF9ymSSjRu2CGyRq3Nvi6QXwy', 'user', 316, 1, NULL, '2020-06-19 09:23:32', '2020-06-19 09:23:32'),
	(320, 'งบจังหวัดตรัง\r', NULL, '70075', '$2y$10$gFb.DMmhVjXawIZJ0iyPY.3vcPzExAPuhepuhqheBTyl8uJGivXy.', 'user', 317, 1, NULL, '2020-06-19 09:23:32', '2020-06-19 09:23:32'),
	(321, 'กลุ่มจังหวัดภาคใต้ชายแดน\r', NULL, '70080', '$2y$10$6UXlXDPJAtADFxBb2ujyjuHINaOi42BdH.J553Gi4LZkn1GzUWfSi', 'user', 318, 1, NULL, '2020-06-19 09:23:32', '2020-06-19 09:23:32'),
	(322, 'งบจังหวัดสงขลา\r', NULL, '70081', '$2y$10$xIwRoYKq5YsTkPMwIF6niulPoX6M3dW84upydvFYPvzdA4XH2gQWC', 'user', 319, 1, NULL, '2020-06-19 09:23:32', '2020-06-19 09:23:32'),
	(323, 'งบจังหวัดสตูล\r', NULL, '70082', '$2y$10$3jKRMsjZFd2U2QfifNepL.F3l6d2ujmVcNL49TE/BZ5Asfo4.o5n2', 'user', 320, 1, NULL, '2020-06-19 09:23:32', '2020-06-19 09:23:32'),
	(324, 'งบจังหวัดปัตตานี\r', NULL, '70083', '$2y$10$Mqd5ezw9SeGFMIsV1Kynnu/dlilqPoJ.GwItVnIn8T4ICbxqfkYEa', 'user', 321, 1, NULL, '2020-06-19 09:23:32', '2020-06-19 09:23:32'),
	(325, 'งบจังหวัดยะลา\r', NULL, '70084', '$2y$10$agK.0lqkMAXXpDxVSMlD6OdIaWjnUMnBO5QO.aQjxDV8yofsYUwN.', 'user', 322, 1, NULL, '2020-06-19 09:23:32', '2020-06-19 09:23:32'),
	(326, 'งบจังหวัดนราธิวาส\r', NULL, '70085', '$2y$10$eLsLc8kX20TpAWHxDLeTSetfrrj1OUX7Ef5EBETyz7dUhQO/kdbf2', 'user', 323, 1, NULL, '2020-06-19 09:23:32', '2020-06-19 09:23:32'),
	(327, 'กลุ่มจังหวัดภาคตะวันออก\r', NULL, '70090', '$2y$10$hmFQM/5RujrYbIiEYr1A.eGVqzlV35OGMP49p6PTFcnxDVgjfJv.O', 'user', 324, 1, NULL, '2020-06-19 09:23:33', '2020-06-19 09:23:33'),
	(328, 'งบจังหวัดจันทบุรี\r', NULL, '70091', '$2y$10$QRg/ePNtCHaXB8vRVVwaUu1VDFDVV8EtpaMDd3MrY4m7zx.xzoQZS', 'user', 325, 1, NULL, '2020-06-19 09:23:33', '2020-06-19 09:23:33'),
	(329, 'งบจังหวัดชลบุรี\r', NULL, '70092', '$2y$10$N5.QEJVhVGD8LK9TlrjFKeWe4CEO37Wy56RR9qlw3UktmsNah.4wG', 'user', 326, 1, NULL, '2020-06-19 09:23:33', '2020-06-19 09:23:33'),
	(330, 'งบจังหวัดระยอง\r', NULL, '70093', '$2y$10$7FAHPTQPnaAS4bfsiAJ8r.YQISR4shCgm133iW4/Dh8l5SJnoisJ.', 'user', 327, 1, NULL, '2020-06-19 09:23:33', '2020-06-19 09:23:33'),
	(331, 'งบจังหวัดตราด\r', NULL, '70094', '$2y$10$FB9HTQJ7TDs8EnlmfpfRiOvYhYieCTJgZoddKvhWHU4BAztnsjkIa', 'user', 328, 1, NULL, '2020-06-19 09:23:33', '2020-06-19 09:23:33'),
	(332, 'กลุ่มจังหวัดภาคตะวันออกเฉียงเหนือตอนบน 1\r', NULL, '70100', '$2y$10$BaxWjndE/H/rwErCoyu6YuM0W0QRrJDKqbG5L7As579w7vyYXQVFu', 'user', 329, 1, NULL, '2020-06-19 09:23:33', '2020-06-19 09:23:33'),
	(333, 'งบจังหวัดหนองคาย\r', NULL, '70101', '$2y$10$qTyCV2lqAc29UKR0zt33CuG.CJ2jEeqHTwndGjOE01tw.nMR5Hyii', 'user', 330, 1, NULL, '2020-06-19 09:23:33', '2020-06-19 09:23:33'),
	(334, 'งบจังหวัดเลย\r', NULL, '70102', '$2y$10$8h4fkNPxN7yBo68joDPrzeSgoEKbL2vjnh2g.EwiSy5LKeM.OrrdO', 'user', 331, 1, NULL, '2020-06-19 09:23:33', '2020-06-19 09:23:33'),
	(335, 'งบจังหวัดอุดรธานี\r', NULL, '70103', '$2y$10$gh31DDK9gvB4UeBj./W0fus00qwtAax1tto710kTeUFSazUZ76DQu', 'user', 332, 1, NULL, '2020-06-19 09:23:33', '2020-06-19 09:23:33'),
	(336, 'งบจังหวัดหนองบัวลำภู\r', NULL, '70104', '$2y$10$JNfiWVErx1F2.aL1zNDlcuELAjkBL80arXXXBq7HmFiT46OsMtZ1q', 'user', 333, 1, NULL, '2020-06-19 09:23:33', '2020-06-19 09:23:33'),
	(337, 'งบจังหวัดบึงกาฬ\r', NULL, '70105', '$2y$10$iwCFP.MuOUtVGJ72OuT2q.9hDg9qHYO9PXGt3YykKRBiSjvKM/Yt2', 'user', 334, 1, NULL, '2020-06-19 09:23:33', '2020-06-19 09:23:33'),
	(338, 'กลุ่มจังหวัดภาคตะวันออกเฉียงเหนือตอนบน 2\r', NULL, '70110', '$2y$10$0uW6lqaUyXXcKtUsA0PdD.DRRiaP3FFePpNKcjAuq.fC3HBKbPbKa', 'user', 335, 1, NULL, '2020-06-19 09:23:33', '2020-06-19 09:23:33'),
	(339, 'งบจังหวัดนครพนม\r', NULL, '70111', '$2y$10$e9ExeArZDZh6YUSiodpsJeoVrye23g8RSprBTYOl9zJhFXtOV1tm6', 'user', 336, 1, NULL, '2020-06-19 09:23:33', '2020-06-19 09:23:33'),
	(340, 'งบจังหวัดมุกดาหาร\r', NULL, '70112', '$2y$10$QFio3Xv8vi3Y.abjieIc7OXNG9lk83/BOd/LqSeqVN8InD98ssL/e', 'user', 337, 1, NULL, '2020-06-19 09:23:33', '2020-06-19 09:23:33'),
	(341, 'งบจังหวัดสกลนคร\r', NULL, '70113', '$2y$10$mr7KwhvRVqBj0JDhvrBlIel.7FOCMiE.OkADqSgQudMJxs3KH18Sm', 'user', 338, 1, NULL, '2020-06-19 09:23:33', '2020-06-19 09:23:33'),
	(342, 'กลุ่มจังหวัดภาคตะวันออกเฉียงเหนือตอนกลาง\r', NULL, '70120', '$2y$10$YEiTp/DjgxUpe8mf9a4qt.0JLIUgN0.sRP/t6eqfA2J/vdvfvyr9e', 'user', 339, 1, NULL, '2020-06-19 09:23:33', '2020-06-19 09:23:33'),
	(343, 'งบจังหวัดร้อยเอ็ด\r', NULL, '70121', '$2y$10$Ur9PrD7tBLzboRNYqlVOWOUVmC5fphv6TJHku/bXp8KmDXBMiXqDS', 'user', 340, 1, NULL, '2020-06-19 09:23:34', '2020-06-19 09:23:34'),
	(344, 'งบจังหวัดขอนแก่น\r', NULL, '70122', '$2y$10$g3kTXCaixxmJG.fnI4GPA.GhMDFKPq4GRvOdTAYxmSrsmBUO7W1EK', 'user', 341, 1, NULL, '2020-06-19 09:23:34', '2020-06-19 09:23:34'),
	(345, 'งบจังหวัดมหาสารคาม\r', NULL, '70123', '$2y$10$wYyFXfuA0jCiUpI1TwUs9.Mw03jKcZcvJ3lwaAsyDE8lizl2ifLlO', 'user', 342, 1, NULL, '2020-06-19 09:23:34', '2020-06-19 09:23:34'),
	(346, 'งบจังหวัดกาฬสินธู์\r', NULL, '70124', '$2y$10$FdzSiTGMycK9gPw/Rg6ulusynocmm3e/ZW7by/KeFhU/XRonNyZAi', 'user', 343, 1, NULL, '2020-06-19 09:23:34', '2020-06-19 09:23:34'),
	(347, 'กลุ่มจังหวัดภาค ตอ.เหนือตอนล่าง 2\r', NULL, '70130', '$2y$10$P2tllclbdSmozEWclUxHZOmIHNjpwZkh8tFb.w2YpZfFW3dKoeL5q', 'user', 344, 1, NULL, '2020-06-19 09:23:34', '2020-06-19 09:23:34'),
	(348, 'งบจังหวัดอำนาจเจริญ\r', NULL, '70131', '$2y$10$I93Q0D/qfD6iNmiVYd7UQuhgdfvttvdh1bsa5PcKsXu6RmCQxvdeO', 'user', 345, 1, NULL, '2020-06-19 09:23:34', '2020-06-19 09:23:34'),
	(349, 'งบจังหวัดศรีสะเกษ\r', NULL, '70132', '$2y$10$Opip90UsQZVueWMOwpPaUOop24Wh4rEybUauj/61rvsbMoyPcMPNW', 'user', 346, 1, NULL, '2020-06-19 09:23:34', '2020-06-19 09:23:34'),
	(350, 'งบจังหวัดยโสธร\r', NULL, '70133', '$2y$10$e7tCYPMgu8Y3.sBE4ZYQiuYOMQICoeXndPUuZ4Xse5Yu./FqOpbKS', 'user', 347, 1, NULL, '2020-06-19 09:23:34', '2020-06-19 09:23:34'),
	(351, 'งบจังหวัดอุบลราชธานี\r', NULL, '70134', '$2y$10$J3LTjTddzfYtQvlJ.NZQD.ct9YZVQgWQbzZl//EtWhRpKaGj1KcGS', 'user', 348, 1, NULL, '2020-06-19 09:23:34', '2020-06-19 09:23:34'),
	(352, 'กลุ่มจังหวัดภาค ตอ.เหนือตอนล่าง 1\r', NULL, '70140', '$2y$10$Fea0OqB7E4rbc0L0elhA1OBIyusilDKpOyt0sqkug6/Y/VNzSIj1S', 'user', 349, 1, NULL, '2020-06-19 09:23:34', '2020-06-19 09:23:34'),
	(353, 'งบจังหวัดสุรินทร์\r', NULL, '70141', '$2y$10$r0bVS1KECFHHYyzM4H224uK2xPcrVeZgI97VT.DWaAh32P6K6UM4S', 'user', 350, 1, NULL, '2020-06-19 09:23:34', '2020-06-19 09:23:34'),
	(354, 'งบจังหวัดนครราชสีมา\r', NULL, '70142', '$2y$10$iiiCBSLgYFjrRRgaRpxo7ectZDfwMf2bVMavooAMe.aszthBly.g.', 'user', 351, 1, NULL, '2020-06-19 09:23:34', '2020-06-19 09:23:34'),
	(355, 'งบจังหวัดบุรีรัมย์\r', NULL, '70143', '$2y$10$C0jZegNJJfbJRs2gaMw5guSKc4fqDFkwlCW82Dzc4EyrQ0Wf1Px9K', 'user', 352, 1, NULL, '2020-06-19 09:23:34', '2020-06-19 09:23:34'),
	(356, 'งบจังหวัดชัยภูมิ\r', NULL, '70144', '$2y$10$.7AU4fTGnUyabziGsOx1c.I.xEd0y55ynzboxt3N5wjoizGR8a8n6', 'user', 353, 1, NULL, '2020-06-19 09:23:34', '2020-06-19 09:23:34'),
	(357, 'กลุ่มจังหวัดภาคเหนือตอนบน 1\r', NULL, '70150', '$2y$10$M.i.DAtsfp00DSVvHJWYnej82aMvlnWF9mYsKXPaEOLLgOHmzTZ8O', 'user', 354, 1, NULL, '2020-06-19 09:23:34', '2020-06-19 09:23:34'),
	(358, 'งบจังหวัดเชียงใหม่\r', NULL, '70151', '$2y$10$oz.cpom7lcCkc1LwIHFonum7urH8mZ/wcgu/L7B.gVQfYPilWNcaS', 'user', 355, 1, NULL, '2020-06-19 09:23:34', '2020-06-19 09:23:34'),
	(359, 'งบจังหวัดแม่ฮ่องสอน\r', NULL, '70152', '$2y$10$jqC0eQK4JgcwQArn.FYd.ep3qwgxl8crcUGoum4LBe9NlILB58F9K', 'user', 356, 1, NULL, '2020-06-19 09:23:35', '2020-06-19 09:23:35'),
	(360, 'งบจังหวัดลำปาง\r', NULL, '70153', '$2y$10$LxVne0THbDc23q4eQGIwPeniuaF7cxHEHmgqV31K4bEqc9EBWq9Uu', 'user', 357, 1, NULL, '2020-06-19 09:23:35', '2020-06-19 09:23:35'),
	(361, 'งบจังหวัดลำพูน\r', NULL, '70154', '$2y$10$Vv36keT92P.JaxSqCdqpD.xf9W2r9TRbmq5cUVkbETmZbCMd5vscG', 'user', 358, 1, NULL, '2020-06-19 09:23:35', '2020-06-19 09:23:35'),
	(362, 'กลุ่มจังหวัดภาคเหนือตอนบน 2\r', NULL, '70160', '$2y$10$eHQlViYLOzJalcMx.oIreuD8NS43Ic/3/SDAVv3blGATfQ7AcwnVS', 'user', 359, 1, NULL, '2020-06-19 09:23:35', '2020-06-19 09:23:35'),
	(363, 'งบจังหวัดน่าน\r', NULL, '70161', '$2y$10$c8Xn749Y36YgVbVRl/JQ3utBeaNQR0a8SRzxjON7bqFFIFfRTkVJu', 'user', 360, 1, NULL, '2020-06-19 09:23:35', '2020-06-19 09:23:35'),
	(364, 'งบจังหวัดพะเยา\r', NULL, '70162', '$2y$10$.9rp0aEg7Yp2..Mus73qjOW6QTSwMX6/NlEOba1IQaNkZldLRAy6q', 'user', 361, 1, NULL, '2020-06-19 09:23:35', '2020-06-19 09:23:35'),
	(365, 'งบจังหวัดเชียงราย\r', NULL, '70163', '$2y$10$GRDby.ubIO0w1Cp6GYM7H.bHE01/w64NFJ1u1QuOU7Uq15ezvsnd2', 'user', 362, 1, NULL, '2020-06-19 09:23:35', '2020-06-19 09:23:35'),
	(366, 'งบจังหวัดแพร่\r', NULL, '70164', '$2y$10$fcYb/kL6u0KbinUmVverie8cXYOslk1dHnugYSsHQjQLHvd.2sEF2', 'user', 363, 1, NULL, '2020-06-19 09:23:35', '2020-06-19 09:23:35'),
	(367, 'กลุ่มจังหวัดภาคเหนือตอนล่าง 1\r', NULL, '70170', '$2y$10$BPupsSf0S1M8duDv2vucduHrS.L2ZnyqouTdV08WIrd1DWGl1cr3e', 'user', 364, 1, NULL, '2020-06-19 09:23:35', '2020-06-19 09:23:35'),
	(368, 'งบจังหวัดตาก\r', NULL, '70171', '$2y$10$WtH9fNM.rY7P4Lkc48P0H.sdRISCdM2fIZAS7KeinprnqBJ/ydz2O', 'user', 365, 1, NULL, '2020-06-19 09:23:35', '2020-06-19 09:23:35'),
	(369, 'งบจังหวัดพิษณุโลก\r', NULL, '70172', '$2y$10$.8cz0oijGe33hGC3Y4N1a.3HeeKuoJsmNH4RDarB4SZbedQ25Wzjq', 'user', 366, 1, NULL, '2020-06-19 09:23:35', '2020-06-19 09:23:35'),
	(370, 'งบจังหวัดสุโขทัย\r', NULL, '70173', '$2y$10$NZmbA7mS8m/9xMH.OayPZ.F/Fn/wgQ7BG1DFpbmoYe8apmseZjn2a', 'user', 367, 1, NULL, '2020-06-19 09:23:35', '2020-06-19 09:23:35'),
	(371, 'งบจังหวัดเพชรบูรณ์\r', NULL, '70174', '$2y$10$YTLJ/CwKSG5OCip9eAORLuiPP88bpZFwJG1RbUb56Ig96/t6cy8tK', 'user', 368, 1, NULL, '2020-06-19 09:23:35', '2020-06-19 09:23:35'),
	(372, 'งบจังหวัดอุตรดิตถ์\r', NULL, '70175', '$2y$10$nUwlgBZeRlGGQ2Kv0SMUcuC/aebgH25DubUkwB57mjgfT/k5GbiO6', 'user', 369, 1, NULL, '2020-06-19 09:23:35', '2020-06-19 09:23:35'),
	(373, 'กลุ่มจังหวัดภาคเหนือตอนล่าง 2\r', NULL, '70180', '$2y$10$YDZl0NpXXbwdwdKWQdKB9.C95PKixFH5M9ADWBYof0uKeyYYFeRxa', 'user', 370, 1, NULL, '2020-06-19 09:23:35', '2020-06-19 09:23:35'),
	(374, 'งบจังหวัดกำแพงเพชร\r', NULL, '70181', '$2y$10$A6VAahs0BdqbWrXEQmehc.zn4fQ6Y8CFZCLmOASTwJP81nds8/MN6', 'user', 371, 1, NULL, '2020-06-19 09:23:36', '2020-06-19 09:23:36'),
	(375, 'งบจังหวัดพิจิตร\r', NULL, '70182', '$2y$10$Md14etpdBsPvmmW2S3.qJO0a0fwSJKBT6pa3DeKzL5ODQ3enzWhRi', 'user', 372, 1, NULL, '2020-06-19 09:23:36', '2020-06-19 09:23:36'),
	(376, 'งบจังหวัดนครสวรรค์\r', NULL, '70183', '$2y$10$ODIoZz81tcFsxo5RxMJJw.S0tiYgRWAkRVXFCmRYHmFxNzk5ba6Oi', 'user', 373, 1, NULL, '2020-06-19 09:23:36', '2020-06-19 09:23:36'),
	(377, 'งบจังหวัดอุทัยธานี\r', NULL, '70184', '$2y$10$wOF5rrTnsBafciSkjhBmFOe00fsL6FIsrs8huHzxD66g2oOyr9olm', 'user', 374, 1, NULL, '2020-06-19 09:23:36', '2020-06-19 09:23:36'),
	(378, 'กลุ่มจังหวัดภาคกลางปริมณฑล\r', NULL, '70190', '$2y$10$yITFYyisDaepc2Q4VUMFhOrDvP.kPKUql7OiT0hQxDRyjoOxmh6/O', 'user', 375, 1, NULL, '2020-06-19 09:23:36', '2020-06-19 09:23:36'),
	(379, 'กลุ่มจังหวัดภาคกลางตอนบน\r', NULL, '70200', '$2y$10$CLDqsYVP9Bk7GUDJZC2SMuzj.gKVeFQWd9m2yizWLwZlW2v7qAnPG', 'user', 376, 1, NULL, '2020-06-19 09:23:36', '2020-06-19 09:23:36'),
	(380, 'กลุ่มจังหวัดภาคกลางตอนล่าง 1\r', NULL, '70210', '$2y$10$RBlLf9u3TygqGQ7tgaFpse0xRCx0Ot8AT.fBm.Xdrrg/MxbsPIGjK', 'user', 377, 1, NULL, '2020-06-19 09:23:36', '2020-06-19 09:23:36'),
	(381, 'กลุ่มจังหวัดภาคใต้ฝั่งอ่าวไทย\r', NULL, '70220', '$2y$10$gxEbaZZbaC1gCt14nVJ5YOPIj85C5MUV030ZAw0zWSsymkdNj28j6', 'user', 378, 1, NULL, '2020-06-19 09:23:36', '2020-06-19 09:23:36'),
	(382, 'กลุ่มจังหวัดภาคใต้ฝั่งอันดามัน\r', NULL, '70230', '$2y$10$6luJeID6r9/lHefZB9kMR.2AqGA5G5fjj57jslFFWGr0cCvY8zQ9a', 'user', 379, 1, NULL, '2020-06-19 09:23:36', '2020-06-19 09:23:36'),
	(383, 'กลุ่มจังหวัดภาคใต้ชายแดน\r', NULL, '70240', '$2y$10$zNhcgE.3AiUixjCnvuzAXuE8ncxPcli6ABz0rsQsNLil4CDUzQBXu', 'user', 380, 1, NULL, '2020-06-19 09:23:36', '2020-06-19 09:23:36'),
	(384, 'กลุ่มจังหวัดภาคตะวันออก 1\r', NULL, '70250', '$2y$10$urchshBs2Ff8p55iGLh4ROI4G84lE6NH2acqSlhlvEcXJ9GZeG6xC', 'user', 381, 1, NULL, '2020-06-19 09:23:36', '2020-06-19 09:23:36'),
	(385, 'กลุ่มจังหวัดภาคตะวันออก 2\r', NULL, '70260', '$2y$10$jatI7Lzi3Tmrn3iuWrXRju5V9kZgj03ydfLQEJNe..WsTXqA1v0gy', 'user', 382, 1, NULL, '2020-06-19 09:23:36', '2020-06-19 09:23:36'),
	(386, 'กรุงเทพมหานคร\r', NULL, '75002', '$2y$10$jyNLBc8gNvYQB.Qe4jhh8ecW9aVxPC2tMmIDmGjk8kpJuj38ZOh2m', 'user', 383, 1, NULL, '2020-06-19 09:23:36', '2020-06-19 09:23:36'),
	(387, 'เมืองพัทยา\r', NULL, '75003', '$2y$10$qLYKA4EwRia/G/p0yM6m8umzLbyLc3mSV9IbAB9aHrkiypbWayn2C', 'user', 384, 1, NULL, '2020-06-19 09:23:36', '2020-06-19 09:23:36');
/*!40000 ALTER TABLE `users` ENABLE KEYS */;

/*!40101 SET SQL_MODE=IFNULL(@OLD_SQL_MODE, '') */;
/*!40014 SET FOREIGN_KEY_CHECKS=IF(@OLD_FOREIGN_KEY_CHECKS IS NULL, 1, @OLD_FOREIGN_KEY_CHECKS) */;
/*!40101 SET CHARACTER_SET_CLIENT=@OLD_CHARACTER_SET_CLIENT */;
