-- --------------------------------------------------------
-- Host:                         127.0.0.1
-- Server version:               10.4.11-MariaDB - mariadb.org binary distribution
-- Server OS:                    Win64
-- HeidiSQL Version:             11.0.0.5919
-- --------------------------------------------------------

/*!40101 SET @OLD_CHARACTER_SET_CLIENT=@@CHARACTER_SET_CLIENT */;
/*!40101 SET NAMES utf8 */;
/*!50503 SET NAMES utf8mb4 */;
/*!40014 SET @OLD_FOREIGN_KEY_CHECKS=@@FOREIGN_KEY_CHECKS, FOREIGN_KEY_CHECKS=0 */;
/*!40101 SET @OLD_SQL_MODE=@@SQL_MODE, SQL_MODE='NO_AUTO_VALUE_ON_ZERO' */;


-- Dumping database structure for refund2
CREATE DATABASE IF NOT EXISTS `refund2` /*!40100 DEFAULT CHARACTER SET utf8 */;
USE `refund2`;

-- Dumping structure for table refund2.10_form_rules
CREATE TABLE IF NOT EXISTS `10_form_rules` (
  `id` int(10) unsigned NOT NULL AUTO_INCREMENT,
  `form_id` int(10) unsigned NOT NULL,
  `order` int(11) NOT NULL,
  `name` varchar(300) COLLATE utf8mb4_unicode_ci NOT NULL,
  `sub_of` int(11) NOT NULL,
  `rule_type` int(11) NOT NULL,
  `result_type` int(11) DEFAULT NULL,
  `condition` varchar(191) COLLATE utf8mb4_unicode_ci DEFAULT NULL,
  `description` varchar(300) COLLATE utf8mb4_unicode_ci DEFAULT NULL,
  `condition_type` int(11) DEFAULT NULL,
  `status` tinyint(4) NOT NULL,
  `created_at` timestamp NULL DEFAULT NULL,
  `updated_at` timestamp NULL DEFAULT NULL,
  PRIMARY KEY (`id`),
  KEY `10_form_rules_form_id_index` (`form_id`),
  CONSTRAINT `10_form_rules_form_id_foreign` FOREIGN KEY (`form_id`) REFERENCES `9_forms` (`id`) ON DELETE CASCADE
) ENGINE=InnoDB AUTO_INCREMENT=95 DEFAULT CHARSET=utf8mb4 COLLATE=utf8mb4_unicode_ci;

-- Dumping data for table refund2.10_form_rules: ~52 rows (approximately)
/*!40000 ALTER TABLE `10_form_rules` DISABLE KEYS */;
INSERT INTO `10_form_rules` (`id`, `form_id`, `order`, `name`, `sub_of`, `rule_type`, `result_type`, `condition`, `description`, `condition_type`, `status`, `created_at`, `updated_at`) VALUES
	(39, 31, 1, 'เป็นการให้ความช่วยเหลือผู้ประกอบการก่อสร้างเท่านั้น', 0, 1, 0, NULL, 'งานก่อสร้าง หมายถึง งานก่อสร้างตามหลักทั่วไปที่มีกฎหมาย ระเบียบ มติคณะรัฐมนตรี  หรือหนังสือเวียนที่เกี่ยวข้องอ้างอิงได้', 0, 0, '2020-01-06 04:25:18', '2020-03-12 07:07:31'),
	(40, 31, 2, 'อยู่ในพื้นที่ภาคใต้ 12 จังหวัด ได้แก่ พัทลุง นราธิวาส ยะลา สงขลา ปัตตานี ตรัง สุราษฎร์ธานี นครศรีธรรมราช ชุมพร ระนอง กระบี่ และประจวบคีรีขันธ์', 0, 1, 0, NULL, NULL, 0, 0, '2020-01-06 04:30:16', '2020-01-06 04:30:16'),
	(41, 31, 3, 'สัญญาที่จะได้รับความช่วยเหลือ', 0, 1, 1, NULL, NULL, 0, 0, '2020-01-06 05:14:01', '2020-01-06 05:18:58'),
	(42, 31, 1, '(ก.) ลงนามก่อน 1 ธ.ค. 59', 41, 2, 0, NULL, NULL, 0, 0, '2020-01-06 05:14:31', '2020-01-06 05:14:31'),
	(43, 31, 2, '(ข.) ลงนามระหว่าง 1 ธ.ค. 59 - 12 ก.พ. 60', 41, 2, 0, NULL, NULL, 0, 0, '2020-01-06 05:16:23', '2020-01-06 05:16:23'),
	(44, 31, 4, 'เป็นสัญญาตาม (ก.) หรือ (ข.) ที่', 0, 1, 1, NULL, NULL, 0, 0, '2020-01-06 05:22:45', '2020-01-06 05:29:27'),
	(45, 31, 1, 'ณ วันที่ 1 ธ.ค. 59 - 12 ก.พ. 60 ยังมีนิติสัมพันธ์อยู่ และยังไม่ส่งมอบงานงวดสุดท้าย', 44, 2, 0, NULL, NULL, 0, 0, '2020-01-06 05:23:07', '2020-01-06 05:23:07'),
	(46, 31, 2, 'เป็นสัญญาตาม (ก.) หรือ (ข.) ยังมีนิติสัมพันธ์อยู่ แต่ส่งงานงวดสุดท้ายระหว่าง 1 ธ.ค. 59 - 12 ก.พ. 60', 44, 2, 0, NULL, NULL, 0, 0, '2020-01-06 05:24:05', '2020-01-06 05:24:05'),
	(47, 31, 6, 'การขยายเวลา งด/ลดค่าปรับ', 0, 1, 1, NULL, NULL, 0, 0, '2020-01-06 05:42:32', '2020-03-12 08:00:44'),
	(48, 31, 1, 'กรณีไม่เคยขยายเวลาด้วยเหตุดังกล่าว ตามระเบียบพัสดุฯ ขยายได้อีก 120 วัน', 47, 2, 0, NULL, 'ไม่เคย', 0, 0, '2020-01-06 05:43:19', '2020-01-06 05:43:19'),
	(49, 31, 2, 'กรณีเคยขยายเวลาด้วยเหตุดังกล่าวตามระเบียบพัสดุฯ ขยายเพิ่มได้อีกรวมไม่เกิน 120 วัน', 47, 2, 0, NULL, 'เคย', 0, 0, '2020-01-06 05:44:32', '2020-01-06 05:44:32'),
	(50, 31, 7, 'ผู้ประกอบการต้องยื่นคำขอต่อหน่วยงานภายใน 60 วัน นับถัดจากวันที่คณะรัฐมนตรีมีมติ', 0, 1, 0, NULL, NULL, 0, 0, '2020-01-06 05:48:35', '2020-04-07 07:38:57'),
	(51, 32, 1, 'เป็นการให้ความช่วยเหลือผู้ประกอบการก่อสร้างเท่านั้น', 0, 1, 0, NULL, NULL, 0, 0, '2020-01-06 07:34:54', '2020-01-06 07:34:54'),
	(52, 32, 2, 'เป็นสัญญาที่ลงนามระหว่างวันที่ 23 เม.ย. 56 - 25 พ.ย. 56', 0, 1, 0, NULL, NULL, 0, 0, '2020-01-06 07:35:52', '2020-01-06 07:35:52'),
	(53, 32, 3, 'โดยสัญญาจ้างก่อสร้าง ต้อง', 0, 1, 1, NULL, NULL, 0, 0, '2020-01-06 07:37:40', '2020-01-06 08:02:42'),
	(54, 32, 1, 'ณ วันที่ 6 ก.ย. 59 สัญญาจ้างก่อสร้างยังมีนิติสัมพันธ์อยู่ ซึ่งงานก่อสร้างดังกล่าวยังมิได้ส่งมอบงานงวดสุดท้าย (แต่ปัจจุบันส่งมอบงานงวดสุดท้ายแล้ว)', 53, 2, 0, NULL, NULL, 0, 0, '2020-01-06 07:58:50', '2020-03-11 03:52:19'),
	(55, 32, 2, 'ส่งมอบงานงวดสุดท้ายแล้ว ก่อนวันที่คณะรัฐมนตรีมีมติให้ความช่วยเหลือ (ก่อนวันที่ 6 ก.ย. 59)', 53, 2, 0, NULL, NULL, 0, 0, '2020-01-06 08:00:28', '2020-01-06 08:00:44'),
	(56, 32, 4, 'ให้ความช่วยเหลือโดยงดหรือลดค่าปรับได้ จำนวน 150 วัน', 0, 1, 0, NULL, NULL, 0, 0, '2020-01-06 08:01:42', '2020-01-06 08:01:42'),
	(57, 32, 5, 'การยื่นคำขอรับความช่วยเหลือ', 0, 1, 1, NULL, NULL, 0, 0, '2020-01-06 08:03:12', '2020-03-02 04:33:56'),
	(58, 32, 1, 'อยู่ในหลักเกณฑ์ตามข้อ 3.1 โดยต้องยื่นคำขอพร้อมกับการส่งมอบงานงวดสุดท้าย', 57, 2, 0, NULL, NULL, 0, 0, '2020-01-06 08:04:29', '2020-01-06 08:04:29'),
	(59, 32, 2, 'อยู่ในหลักเกณฑ์ตามข้อ 3.2 โดยต้องยื่นคำขอต่อหน่วยงานภายใน 60 วัน นับถัดจากวันที่คณะรัฐมนตรีมีมติให้ความช่วยเหลือ', 57, 2, 0, NULL, NULL, 0, 0, '2020-01-06 08:06:40', '2020-01-06 08:06:40'),
	(60, 33, 1, 'เป็นการให้ความช่วยเหลือผู้ประกอบการก่อสร้างในภาคใต้ที่ได้รับผลกระทบทางอ้อมจากเหตุอุทกภัยที่เกิดขึ้นในช่วงตั้งแต่วันที่ 1 ธ.ค. 56 ถึงวันที่ 12 ก.พ. 60', 0, 1, 0, NULL, NULL, 0, 0, '2020-01-08 03:12:48', '2020-01-08 03:12:48'),
	(61, 33, 2, 'อยู่ในพื้นที่ภาคใต้ 1 จังหวัด ได้แก่ สตูล', 0, 1, 0, NULL, NULL, 0, 0, '2020-01-08 03:14:11', '2020-01-08 03:14:11'),
	(62, 33, 3, 'สัญญาที่จะได้รับความช่วยเหลือ', 0, 1, 1, NULL, NULL, 0, 0, '2020-01-08 03:16:20', '2020-01-08 03:31:28'),
	(63, 33, 1, '(ก.) ลงนามก่อน 1 ธ.ค. 59', 62, 2, 0, NULL, NULL, 0, 0, '2020-01-08 03:29:52', '2020-01-08 03:29:52'),
	(64, 33, 2, '(ข.) ลงนามระหว่าง 1 ธ.ค. 59 - 12 ก.พ. 60', 62, 2, 0, NULL, NULL, 0, 0, '2020-01-08 03:30:49', '2020-01-08 03:30:49'),
	(65, 33, 4, 'เป็นสัญญาตามข้อ 3.1 (ก.) หรือ (ข.) ที่', 0, 1, 1, NULL, NULL, 0, 0, '2020-01-08 03:32:34', '2020-01-08 06:08:29'),
	(66, 33, 1, 'ยังมีนิติสัมพันธ์อยู่ และยังไม่ส่งมอบงานงวดสุดท้ายในช่วงเวลาดังกล่าว', 65, 2, 0, NULL, NULL, 0, 0, '2020-01-08 03:32:54', '2020-01-08 04:27:58'),
	(67, 33, 2, 'ยังมีนิติสัมพันธุ์อยู่ แต่ส่งมอบงานงวดสุดท้ายระหว่างวันที่ 1 ธ.ค. 59 - 12 ก.พ. 60', 65, 2, 0, NULL, NULL, 0, 0, '2020-01-08 03:37:39', '2020-01-08 03:37:39'),
	(68, 33, 5, 'การขยายเวลา งด/ลดค่าปรับ', 0, 1, 0, NULL, NULL, 0, 0, '2020-01-08 06:09:52', '2020-01-08 06:09:52'),
	(69, 33, 6, 'ผู้ประกอบการต้องยื่นคำขอต่อหน่วยงานภายใน 60 วัน นับแต่วันที่คณะรัฐมนตรีมีมติ', 0, 1, 0, NULL, NULL, 0, 0, '2020-01-08 06:12:03', '2020-01-08 06:12:03'),
	(70, 34, 1, 'เป็นไปตาม พรบ. ระเบียบ ข้อบังคับ หรือข้อบัญญัติ ว่าด้วยการพัสดุของหน่วยงานนั้น ๆ', 0, 1, 0, NULL, NULL, 0, 0, '2020-03-03 07:05:42', '2020-03-03 07:19:38'),
	(71, 34, 2, 'เข้าตามกรณี', 0, 1, 1, NULL, NULL, 0, 0, '2020-03-03 07:06:47', '2020-05-01 16:58:30'),
	(72, 34, 1, '(1) เหตุเกิดจากความผิดหรือความบกพร่องของส่วนราชการ', 71, 2, 0, NULL, NULL, 0, 0, '2020-03-03 07:07:36', '2020-03-03 07:07:36'),
	(73, 34, 2, '(2) เหตุสุดวิสัย', 71, 2, 0, NULL, NULL, 0, 0, '2020-03-03 07:08:56', '2020-03-03 07:12:16'),
	(74, 34, 3, '(3) เหตุเกิดจากพฤติการณ์อันหนึ่งอันใดที่คู่สัญญาไม่ต้องรับผิดตามกฎหมาย', 71, 2, 0, NULL, NULL, 0, 0, '2020-03-03 07:12:47', '2020-03-03 07:12:47'),
	(75, 31, 5, 'ผู้รับจ้างต้องรับผิดชอบค่าปรับเองในช่วงก่อนหน้า 1 ธ.ค. 59', 0, 1, 0, NULL, NULL, 0, 0, '2020-03-12 08:01:28', '2020-03-12 08:01:28'),
	(76, 31, 1, 'ผู้รับจ้างต้องรับผิดชอบค่าปรับเอง', 75, 2, 0, NULL, NULL, 0, 0, '2020-03-12 08:03:56', '2020-03-12 08:03:56'),
	(77, 35, 1, 'หลักเกณฑ์ทดสอบ', 0, 1, 0, NULL, NULL, 0, 0, '2020-04-15 09:53:04', '2020-04-15 09:53:04'),
	(78, 35, 2, 'หลักเกณฑ์ทดสอบ 2', 0, 1, 0, NULL, NULL, 0, 0, '2020-04-15 10:07:44', '2020-04-15 10:07:44'),
	(79, 35, 3, 'หลักเกณฑ์ทดสอบ 3', 0, 1, 0, NULL, NULL, 0, 0, '2020-04-15 10:08:26', '2020-04-15 10:08:26'),
	(80, 35, 4, 'หลักเกณฑ์ทดสอบ 4', 0, 1, 0, NULL, NULL, 0, 0, '2020-04-17 09:45:13', '2020-04-17 09:45:13'),
	(81, 36, 1, 'เป็นการให้ความช่วยเหลือผู้ประกอบการก่อสร้างในภาคใต้ที่ได้รับผลกระทบทางตรงจากเหตุอุทกภัยที่เกิดขึ้นในช่วงตั้งแต่วันที่ 1 ธ.ค. 59 ถึง 12 ก.พ. 60', 0, 1, 0, NULL, NULL, 0, 0, '2020-05-05 13:03:11', '2020-05-05 13:03:11'),
	(82, 36, 3, 'สัญญาที่จะได้รับความช่วยเหลือ', 0, 1, 1, NULL, NULL, 0, 0, '2020-05-05 13:07:44', '2020-05-05 13:19:03'),
	(83, 36, 1, '(ก.) ลงนามก่อน 1 ธ.ค. 59', 82, 2, 0, NULL, NULL, 0, 0, '2020-05-05 13:10:19', '2020-05-05 13:10:19'),
	(84, 36, 2, '(ข.) ลงนามระหว่างวันที่ 1 ธ.ค. 59 - 12 ก.พ. 60', 82, 2, 0, NULL, NULL, 0, 0, '2020-05-05 13:11:43', '2020-05-05 13:11:43'),
	(85, 36, 2, 'อยู่ในพื้นที่ภาคใต้ 12 จังหวัด ได้แก่ พัทลุง นราธิวาส ฯลฯ', 0, 1, 0, NULL, NULL, 0, 0, '2020-05-05 13:17:38', '2020-05-05 13:17:38'),
	(86, 36, 4, 'เป็นสัญญาตาม (ก.) หรือ (ข.) ที่', 0, 1, 1, NULL, NULL, 0, 0, '2020-05-05 13:19:55', '2020-05-05 13:32:19'),
	(88, 36, 1, 'ณ วันที่ 1 ธ.ค. 59 - 12 ก.พ. 60 ยังมีนิติสัมพันธ์อยู่และยังไม่ส่งมอบงานงวดสุดท้าย', 86, 2, 0, NULL, NULL, 0, 0, '2020-05-05 13:28:44', '2020-05-05 13:28:44'),
	(89, 36, 2, 'เป็นสัญญาตาม (ก.) หรือ (ข.) ยังมีนิตสัมพันธ์อยู่ แต่ส่งงานงวดสุดท้ายระหว่างวันที่ 1 ธ.ค. 59 - 12 ก.พ. 60', 86, 2, 0, NULL, NULL, 0, 0, '2020-05-05 13:31:50', '2020-05-05 13:31:50'),
	(90, 36, 5, 'การขยายเวลา งดหรือลดค่าปรับ', 0, 1, 2, NULL, NULL, 0, 0, '2020-05-05 13:34:26', '2020-05-05 17:39:09'),
	(91, 36, 1, 'กรณีไม่เคยขยายเวลาให้ตามระเบียบพัสดุด้วยเหตุอุทกภัย ขยายได้ 120 วัน', 90, 2, 0, NULL, NULL, 0, 0, '2020-05-05 13:36:50', '2020-05-05 13:36:50'),
	(92, 36, 2, 'กรณีเคยขยายเวลาให้ตามระเบียบพัสดุฯ ด้วยเหตุอุทกภัยไปแล้ว ขยายเพิ่มได้อีก รวมไม่เกิน 120 วัน', 90, 2, 0, NULL, NULL, 0, 0, '2020-05-05 13:41:14', '2020-05-05 13:41:14'),
	(93, 36, 6, 'ผู้ประกอบการต้องยื่นคำขอต่อหน่วยงานภายใน 60 วัน', 0, 1, 0, NULL, NULL, 0, 0, '2020-05-05 13:46:07', '2020-05-05 13:46:07'),
	(94, 36, 7, 'เป็นสัญญาจ้างก่อสร้าง', 0, 1, 0, NULL, NULL, 0, 0, '2020-05-06 18:43:38', '2020-05-06 18:43:38');
/*!40000 ALTER TABLE `10_form_rules` ENABLE KEYS */;

-- Dumping structure for table refund2.112_considers
CREATE TABLE IF NOT EXISTS `112_considers` (
  `id` int(10) unsigned NOT NULL AUTO_INCREMENT,
  `form_rule_id` int(10) unsigned NOT NULL,
  `order` int(11) NOT NULL,
  `name` varchar(250) COLLATE utf8mb4_unicode_ci NOT NULL,
  `description` varchar(250) COLLATE utf8mb4_unicode_ci DEFAULT NULL,
  `type` int(11) NOT NULL,
  `oper` varchar(191) COLLATE utf8mb4_unicode_ci DEFAULT NULL,
  `var1` varchar(191) COLLATE utf8mb4_unicode_ci DEFAULT NULL,
  `var2` varchar(191) COLLATE utf8mb4_unicode_ci DEFAULT NULL,
  `created_at` timestamp NULL DEFAULT NULL,
  `updated_at` timestamp NULL DEFAULT NULL,
  PRIMARY KEY (`id`),
  KEY `112_considers_form_rule_id_index` (`form_rule_id`),
  CONSTRAINT `112_considers_form_rule_id_foreign` FOREIGN KEY (`form_rule_id`) REFERENCES `10_form_rules` (`id`) ON DELETE CASCADE
) ENGINE=InnoDB AUTO_INCREMENT=93 DEFAULT CHARSET=utf8mb4 COLLATE=utf8mb4_unicode_ci;

-- Dumping data for table refund2.112_considers: ~49 rows (approximately)
/*!40000 ALTER TABLE `112_considers` DISABLE KEYS */;
INSERT INTO `112_considers` (`id`, `form_rule_id`, `order`, `name`, `description`, `type`, `oper`, `var1`, `var2`, `created_at`, `updated_at`) VALUES
	(32, 39, 0, 'เป็นสัญญาจ้างก่อสร้าง', 'งานก่อสร้าง หมายถึง งานก่อสร้างตามหลักทั่วไปที่มีกฎหมาย ระเบียบ มติคณะรัฐมนตรี  หรือหนังสือเวียนที่เกี่ยวข้องอ้างอิงได้', 1, '0', NULL, NULL, '2020-01-06 04:26:44', '2020-03-12 07:07:48'),
	(33, 40, 0, 'อยู่ในพื้นที่ภาคใต้ 12 จังหวัด ข้างต้น', NULL, 1, '0', NULL, NULL, '2020-01-06 04:30:32', '2020-03-03 07:30:11'),
	(34, 42, 0, 'ลงนามก่อน 1 ธ.ค. 59', NULL, 3, '2', '2016-12-01', NULL, '2020-01-06 05:16:03', '2020-01-06 05:16:03'),
	(35, 43, 0, 'ลงนามระหว่าง 1 ธ.ค. 59 - 12 ก.พ. 60', NULL, 3, '3', '2016-12-01', '2017-02-12', '2020-01-06 05:17:14', '2020-01-06 05:17:14'),
	(37, 46, 0, 'เป็นไปตามหลักเกณฑ์ ตามข้อ 4.2', NULL, 1, '0', NULL, NULL, '2020-01-06 05:24:12', '2020-03-03 07:39:45'),
	(39, 45, 0, 'เป็นไปตามหลักเกณฑ์ ตามข้อ 4.1', NULL, 1, '0', NULL, NULL, '2020-01-06 05:28:49', '2020-03-03 07:39:26'),
	(40, 48, 0, 'ขยายเวลา งดหรือลดค่าปรับ ให้จำนวน', NULL, 2, '0', NULL, NULL, '2020-01-06 05:43:49', '2020-03-12 07:11:14'),
	(41, 49, 0, 'ขยายตามระเบียบพัสดุฯ แล้ว จำนวน', NULL, 2, '0', NULL, NULL, '2020-01-06 05:45:13', '2020-01-06 05:45:13'),
	(42, 50, 0, 'ยื่นคำขอภายในวันที่ 9 ต.ค. 60', NULL, 3, '3', '2017-08-10', '2017-10-09', '2020-01-06 05:50:07', '2020-03-03 07:30:58'),
	(43, 51, 0, 'เป็นสัญญาจ้างก่อสร้าง', 'งานก่อสร้าง หมายถึง งานก่อสร้างตาม หลักทั่วไปที่มีกฎหมาย ระเบียบ มติคณะรัฐมนตรี  หรือหนังสือเวียนที่เกี่ยวข้องอ้างอิงได้', 1, '0', NULL, NULL, '2020-01-06 07:35:12', '2020-03-11 03:39:45'),
	(44, 52, 0, 'ลงนามในช่วงเวลาดังกล่าว', NULL, 3, '3', '2013-04-23', '2013-11-25', '2020-01-06 07:37:18', '2020-01-06 07:37:18'),
	(46, 54, 0, 'อยู่ในหลักเกณฑ์ ข้อ 3.1', NULL, 1, '0', NULL, NULL, '2020-01-06 07:59:12', '2020-03-11 03:53:17'),
	(47, 55, 0, 'อยู่ในหลักเกณฑ์ ข้อ 3.2', NULL, 1, '0', NULL, NULL, '2020-01-06 08:00:58', '2020-03-11 03:53:33'),
	(48, 56, 0, 'อนุมัติงดหรือลดค่าปรับให้ จำนวน 150 วัน', NULL, 4, '0', NULL, NULL, '2020-01-06 08:02:26', '2020-03-11 03:58:27'),
	(49, 58, 0, 'ยื่นคำขอพร้อมส่งมอบงานงวดสุดท้าย', NULL, 4, '0', NULL, NULL, '2020-01-06 08:04:50', '2020-01-06 08:04:50'),
	(50, 59, 0, 'ยื่นคำขอภายในวันที่ 7 พ.ย. 59', NULL, 3, '3', '2016-09-07', '2016-11-07', '2020-01-06 08:07:39', '2020-01-06 08:07:39'),
	(51, 60, 0, 'เป็นสัญญาจ้างก่อสร้าง', 'งานก่อสร้าง หมายถึง งานก่อสร้างตามหลักทั่วไปที่มีกฎหมาย ระเบียบ มติคณะรัฐมนตรี  หรือหนังสือเวียนที่เกี่ยวข้องอ้างอิงได้', 1, '0', NULL, NULL, '2020-01-08 03:13:48', '2020-01-08 03:13:48'),
	(52, 61, 0, 'เป็นสัญญาจ้างก่อสร้างที่ดำเนินการอยู่ในจังหวัดสตูล', NULL, 1, '0', NULL, NULL, '2020-01-08 03:15:54', '2020-01-08 03:15:54'),
	(53, 63, 0, 'ลงนามในสัญญาก่อนช่วงระยะเวลาดังกล่าว โดยลงนามในสัญญาวันที่', NULL, 3, '2', '2016-12-01', NULL, '2020-01-08 03:30:30', '2020-01-08 05:13:17'),
	(54, 64, 0, 'ลงนามในสัญญาในช่วงระยะเวลาดังกล่าว โดยลงนามในสัญญาวันที่', NULL, 3, '3', '2016-12-01', '2017-02-12', '2020-01-08 03:31:17', '2020-01-08 05:14:08'),
	(55, 66, 0, 'อยู่ในหลักเกณฑ์ตามข้อ 4.1', NULL, 1, '0', NULL, NULL, '2020-01-08 03:33:49', '2020-01-08 06:09:20'),
	(56, 67, 0, 'อยู่ในหลักเกณฑ์ตามข้อ 4.2', NULL, 1, '0', NULL, NULL, '2020-01-08 03:38:47', '2020-01-08 03:38:47'),
	(57, 68, 0, 'ขยายเวลา งดหรือลดค่าปรับ ให้แก่ผู้รับจ้างได้ 70 วัน', NULL, 2, '0', NULL, NULL, '2020-01-08 06:11:29', '2020-01-08 06:11:29'),
	(58, 69, 0, 'ยื่นคำขอภายในวันที่ 24 มิ.ย. 62', NULL, 3, '3', '2019-04-26', '2019-06-24', '2020-01-08 06:13:04', '2020-01-08 06:13:04'),
	(59, 70, 0, 'เป็นไปตามหลักเกณฑ์ของ พรบ. ระเบียบ ข้อบังคับ หรือข้อบัญญัติใด และข้อใด', NULL, 2, '0', NULL, NULL, '2020-03-03 07:06:18', '2020-03-03 07:20:05'),
	(60, 72, 0, 'อนุมัติให้ตาม (1)', NULL, 1, '0', NULL, NULL, '2020-03-03 07:08:23', '2020-03-03 07:08:23'),
	(61, 73, 0, 'อนุมัติให้ตาม (2)', NULL, 1, '0', NULL, NULL, '2020-03-03 07:10:11', '2020-03-03 07:10:11'),
	(62, 73, 0, 'เหตุปัญหาอุปสรรคสิ้นสุดวันที่', NULL, 4, '0', NULL, NULL, '2020-03-03 07:10:33', '2020-03-03 07:11:40'),
	(63, 73, 0, 'หนังสือผู้รับจ้างแจ้งเหตุสิ้นสุด หน่วยงานรับเรื่องวันที่', NULL, 4, '0', NULL, NULL, '2020-03-03 07:11:06', '2020-03-03 07:11:06'),
	(64, 74, 0, 'อนุมัติให้ตาม (3)', NULL, 1, '0', NULL, NULL, '2020-03-03 07:13:00', '2020-03-03 07:13:00'),
	(65, 74, 0, 'เหตุปัญหาอุปสรรคสิ้นสุดวันที่', NULL, 4, '0', NULL, NULL, '2020-03-03 07:13:14', '2020-03-03 07:13:14'),
	(66, 74, 0, 'หนังสือผู้รับจ้างแจ้งเหตุสิ้นสุด หน่วยงานรับเรื่องวันที่', NULL, 4, '0', NULL, NULL, '2020-03-03 07:13:38', '2020-03-03 07:13:38'),
	(67, 72, 0, 'กรณี', NULL, 2, '0', NULL, NULL, '2020-03-04 07:44:59', '2020-03-04 07:44:59'),
	(69, 48, 0, 'ถึงวันที่', NULL, 4, '0', NULL, NULL, '2020-03-12 07:11:29', '2020-03-12 07:11:29'),
	(70, 45, 0, 'ส่งมอบงานงวดสุดท้ายเมื่อวันที่', NULL, 4, '0', NULL, NULL, '2020-03-12 07:16:11', '2020-03-12 07:16:11'),
	(71, 46, 0, 'ส่งมอบงานงวดสุดท้ายเมื่อวันที่', NULL, 4, '0', NULL, NULL, '2020-03-12 07:16:30', '2020-03-12 07:16:30'),
	(72, 76, 0, 'รับผิดชอบค่าปรับเอง จำนวน', NULL, 2, '0', NULL, NULL, '2020-03-12 08:04:32', '2020-03-12 08:04:32'),
	(73, 76, 0, 'ตั้งแต่วันที่', NULL, 4, '0', NULL, NULL, '2020-03-12 08:04:49', '2020-03-12 08:04:49'),
	(74, 76, 0, 'ถึงวันที่', NULL, 4, '0', NULL, NULL, '2020-03-12 08:04:58', '2020-03-12 08:04:58'),
	(76, 77, 0, 'เงื่อนไขทดสอบ', 'คำอธิบาย', 1, '0', NULL, NULL, '2020-04-15 09:53:24', '2020-04-15 10:10:04'),
	(77, 78, 0, 'เงื่อนไขทดสอบ 2', 'คำอธิบาย', 2, '0', NULL, NULL, '2020-04-15 10:08:00', '2020-04-15 10:08:00'),
	(78, 79, 0, 'เงื่อนไขทดสอบ 3', 'คำอธิบาย', 4, '0', NULL, NULL, '2020-04-15 10:08:41', '2020-04-15 10:08:41'),
	(79, 80, 0, 'เงื่อนไขทดสอบ 4', 'คำอธิบาย', 4, '0', NULL, NULL, '2020-04-17 09:45:33', '2020-04-17 09:45:33'),
	(80, 81, 0, 'เป็นงานก่อสร้าง', NULL, 1, '0', NULL, NULL, '2020-05-05 13:04:37', '2020-05-05 13:04:37'),
	(81, 83, 0, 'ลงนามก่อน 1 ธ.ค. 59', NULL, 1, '0', NULL, NULL, '2020-05-05 13:10:50', '2020-05-05 13:10:50'),
	(82, 84, 0, '(ข.) ลงนามระหว่างวันที่ 1 ธ.ค. 59 - 12 ก.พ. 60', NULL, 1, '0', NULL, NULL, '2020-05-05 13:12:00', '2020-05-05 13:12:00'),
	(83, 85, 0, 'อยู่ในภาคใต้ 12 จังหวัด', NULL, 1, '0', NULL, NULL, '2020-05-05 13:18:24', '2020-05-05 13:18:24'),
	(84, 91, 0, 'ขยาย', NULL, 2, '0', NULL, NULL, '2020-05-05 13:37:45', '2020-05-05 13:37:45'),
	(85, 91, 0, 'ถึงวันที่', NULL, 4, '0', NULL, NULL, '2020-05-05 13:38:04', '2020-05-05 13:38:04'),
	(86, 92, 0, 'ขยายตามระเบียบพัสดุแล้วจำนวน', NULL, 2, '0', NULL, NULL, '2020-05-05 13:41:55', '2020-05-05 13:41:55'),
	(87, 92, 0, 'ขยายเพิ่มอีก', NULL, 2, '0', NULL, NULL, '2020-05-05 13:42:28', '2020-05-05 13:42:28'),
	(88, 92, 0, 'ถึงวันที่', NULL, 4, '0', NULL, NULL, '2020-05-05 13:42:52', '2020-05-05 13:42:52'),
	(89, 93, 0, 'ยื่นคำขอวันที่ (ภายในวันที่ 7 ต.ค. 60)', NULL, 3, '2', '2017-10-07', NULL, '2020-05-05 13:48:09', '2020-05-05 13:48:09'),
	(90, 88, 0, 'ใช่หรือไม่', NULL, 1, '0', NULL, NULL, '2020-05-05 13:58:49', '2020-05-05 13:58:49'),
	(91, 89, 0, 'ใช่หรือไม่', NULL, 1, '0', NULL, NULL, '2020-05-05 13:59:08', '2020-05-05 13:59:08'),
	(92, 94, 0, 'หลังจาก วันที่ 1 พ.ค. 2563', NULL, 3, '4', '2020-05-01', NULL, '2020-05-06 18:44:17', '2020-05-06 18:44:17');
/*!40000 ALTER TABLE `112_considers` ENABLE KEYS */;

-- Dumping structure for table refund2.11_form_conditions
CREATE TABLE IF NOT EXISTS `11_form_conditions` (
  `id` int(10) unsigned NOT NULL AUTO_INCREMENT,
  `form_rule_id` int(10) unsigned NOT NULL,
  `name` varchar(191) COLLATE utf8mb4_unicode_ci NOT NULL,
  `description` varchar(191) COLLATE utf8mb4_unicode_ci DEFAULT NULL,
  `condition_type` int(11) NOT NULL,
  `status` tinyint(4) NOT NULL,
  `created_at` timestamp NULL DEFAULT NULL,
  `updated_at` timestamp NULL DEFAULT NULL,
  PRIMARY KEY (`id`),
  KEY `11_form_conditions_form_rule_id_index` (`form_rule_id`),
  CONSTRAINT `11_form_conditions_form_rule_id_foreign` FOREIGN KEY (`form_rule_id`) REFERENCES `10_form_rules` (`id`) ON DELETE CASCADE
) ENGINE=InnoDB DEFAULT CHARSET=utf8mb4 COLLATE=utf8mb4_unicode_ci;

-- Dumping data for table refund2.11_form_conditions: ~0 rows (approximately)
/*!40000 ALTER TABLE `11_form_conditions` DISABLE KEYS */;
/*!40000 ALTER TABLE `11_form_conditions` ENABLE KEYS */;

-- Dumping structure for table refund2.12_refund_forms
CREATE TABLE IF NOT EXISTS `12_refund_forms` (
  `id` int(10) unsigned NOT NULL AUTO_INCREMENT,
  `form_id` int(10) unsigned NOT NULL,
  `refund_id` int(10) unsigned NOT NULL,
  `result` tinyint(4) NOT NULL,
  `status` tinyint(4) NOT NULL,
  `created_at` timestamp NULL DEFAULT NULL,
  `updated_at` timestamp NULL DEFAULT NULL,
  PRIMARY KEY (`id`),
  KEY `12_refund_forms_form_id_index` (`form_id`),
  KEY `12_refund_forms_refund_id_index` (`refund_id`),
  CONSTRAINT `12_refund_forms_form_id_foreign` FOREIGN KEY (`form_id`) REFERENCES `9_forms` (`id`) ON DELETE CASCADE,
  CONSTRAINT `12_refund_forms_refund_id_foreign` FOREIGN KEY (`refund_id`) REFERENCES `2_refunds` (`id`) ON DELETE CASCADE
) ENGINE=InnoDB AUTO_INCREMENT=23 DEFAULT CHARSET=utf8mb4 COLLATE=utf8mb4_unicode_ci;

-- Dumping data for table refund2.12_refund_forms: ~19 rows (approximately)
/*!40000 ALTER TABLE `12_refund_forms` DISABLE KEYS */;
INSERT INTO `12_refund_forms` (`id`, `form_id`, `refund_id`, `result`, `status`, `created_at`, `updated_at`) VALUES
	(1, 32, 1, 1, 0, '2020-05-01 17:02:18', '2020-05-01 17:25:16'),
	(2, 31, 2, 0, 0, '2020-05-01 17:02:33', '2020-05-01 17:02:33'),
	(3, 32, 2, 0, 0, '2020-05-01 17:02:34', '2020-05-01 17:02:34'),
	(4, 34, 3, 1, 0, '2020-05-01 17:14:15', '2020-05-01 17:23:58'),
	(5, 32, 4, 1, 0, '2020-05-01 17:39:21', '2020-05-02 07:30:04'),
	(6, 35, 5, 1, 0, '2020-05-02 04:03:26', '2020-05-02 04:04:11'),
	(7, 35, 6, 0, 0, '2020-05-02 11:20:36', '2020-05-02 11:20:36'),
	(8, 35, 7, 0, 0, '2020-05-02 11:21:12', '2020-05-02 11:21:12'),
	(9, 35, 8, 0, 0, '2020-05-02 11:22:31', '2020-05-02 11:22:31'),
	(10, 35, 9, 0, 0, '2020-05-02 11:41:57', '2020-05-02 11:41:57'),
	(11, 35, 10, 0, 0, '2020-05-02 11:48:58', '2020-05-02 11:48:58'),
	(12, 33, 11, 1, 0, '2020-05-04 07:33:21', '2020-05-04 07:43:45'),
	(13, 31, 12, 1, 0, '2020-05-04 09:12:36', '2020-05-04 09:25:14'),
	(14, 31, 13, 0, 0, '2020-05-05 04:40:11', '2020-05-05 04:40:11'),
	(15, 36, 14, 0, 0, '2020-05-05 13:04:59', '2020-05-05 13:04:59'),
	(16, 36, 15, 0, 0, '2020-05-05 13:38:58', '2020-05-05 13:38:58'),
	(17, 36, 16, 0, 0, '2020-05-05 13:53:12', '2020-05-05 13:53:12'),
	(18, 36, 17, 1, 0, '2020-05-05 14:00:15', '2020-05-05 14:04:38'),
	(19, 36, 18, 1, 0, '2020-05-05 17:39:34', '2020-05-05 18:55:20'),
	(20, 31, 19, 0, 0, '2020-05-05 18:01:41', '2020-05-05 18:01:41'),
	(21, 36, 20, 0, 0, '2020-05-06 18:44:57', '2020-05-06 18:44:57'),
	(22, 36, 21, 0, 0, '2020-05-09 17:03:08', '2020-05-09 17:03:08');
/*!40000 ALTER TABLE `12_refund_forms` ENABLE KEYS */;

-- Dumping structure for table refund2.13_refund_details
CREATE TABLE IF NOT EXISTS `13_refund_details` (
  `id` int(10) unsigned NOT NULL AUTO_INCREMENT,
  `refund_form_id` int(10) unsigned NOT NULL,
  `consider_id` int(10) unsigned NOT NULL,
  `result_type` varchar(191) COLLATE utf8mb4_unicode_ci NOT NULL,
  `selected` tinyint(4) DEFAULT NULL,
  `value` varchar(191) COLLATE utf8mb4_unicode_ci DEFAULT NULL,
  `status` tinyint(4) DEFAULT NULL,
  `created_at` timestamp NULL DEFAULT NULL,
  `updated_at` timestamp NULL DEFAULT NULL,
  PRIMARY KEY (`id`),
  KEY `13_refund_details_refund_form_id_index` (`refund_form_id`),
  KEY `13_refund_details_consider_id_index` (`consider_id`),
  CONSTRAINT `13_refund_details_consider_id_foreign` FOREIGN KEY (`consider_id`) REFERENCES `112_considers` (`id`) ON DELETE CASCADE,
  CONSTRAINT `13_refund_details_refund_form_id_foreign` FOREIGN KEY (`refund_form_id`) REFERENCES `12_refund_forms` (`id`) ON DELETE CASCADE
) ENGINE=InnoDB AUTO_INCREMENT=190 DEFAULT CHARSET=utf8mb4 COLLATE=utf8mb4_unicode_ci;

-- Dumping data for table refund2.13_refund_details: ~154 rows (approximately)
/*!40000 ALTER TABLE `13_refund_details` DISABLE KEYS */;
INSERT INTO `13_refund_details` (`id`, `refund_form_id`, `consider_id`, `result_type`, `selected`, `value`, `status`, `created_at`, `updated_at`) VALUES
	(1, 1, 43, 'boolean', 1, '1', 1, '2020-05-01 17:02:19', '2020-05-01 17:04:07'),
	(2, 1, 44, 'date', 1, '2013-05-02', 1, '2020-05-01 17:02:19', '2020-05-01 17:05:04'),
	(3, 1, 46, 'boolean', 1, '1', 1, '2020-05-01 17:02:19', '2020-05-01 17:04:30'),
	(4, 1, 47, 'boolean', 0, '0', 0, '2020-05-01 17:02:19', '2020-05-01 17:02:19'),
	(5, 1, 48, 'date', 1, '2020-05-02', 1, '2020-05-01 17:02:19', '2020-05-01 17:04:40'),
	(6, 1, 49, 'date', 1, '2020-05-02', 1, '2020-05-01 17:02:19', '2020-05-01 17:04:51'),
	(7, 1, 50, 'date', 0, NULL, 0, '2020-05-01 17:02:19', '2020-05-01 17:02:19'),
	(8, 2, 32, 'boolean', 1, '1', 1, '2020-05-01 17:02:34', '2020-05-01 17:02:44'),
	(9, 2, 33, 'boolean', 1, '1', 1, '2020-05-01 17:02:34', '2020-05-01 17:02:49'),
	(10, 2, 34, 'date', 0, NULL, 0, '2020-05-01 17:02:34', '2020-05-01 17:02:34'),
	(11, 2, 35, 'date', 0, NULL, 0, '2020-05-01 17:02:34', '2020-05-01 17:02:34'),
	(12, 2, 39, 'boolean', 0, '0', 0, '2020-05-01 17:02:34', '2020-05-01 17:02:34'),
	(13, 2, 70, 'date', 0, NULL, 0, '2020-05-01 17:02:34', '2020-05-01 17:02:34'),
	(14, 2, 37, 'boolean', 0, '0', 0, '2020-05-01 17:02:34', '2020-05-01 17:02:34'),
	(15, 2, 71, 'date', 0, NULL, 0, '2020-05-01 17:02:34', '2020-05-01 17:02:34'),
	(16, 2, 72, 'value', 0, '-', 0, '2020-05-01 17:02:34', '2020-05-01 17:02:34'),
	(17, 2, 73, 'date', 0, NULL, 0, '2020-05-01 17:02:34', '2020-05-01 17:02:34'),
	(18, 2, 74, 'date', 0, NULL, 0, '2020-05-01 17:02:34', '2020-05-01 17:02:34'),
	(19, 2, 40, 'value', 0, '-', 0, '2020-05-01 17:02:34', '2020-05-01 17:02:34'),
	(20, 2, 69, 'date', 0, NULL, 0, '2020-05-01 17:02:34', '2020-05-01 17:02:34'),
	(21, 2, 41, 'value', 0, '-', 0, '2020-05-01 17:02:34', '2020-05-01 17:02:34'),
	(22, 2, 42, 'date', 0, NULL, 0, '2020-05-01 17:02:34', '2020-05-01 17:02:34'),
	(23, 3, 43, 'boolean', 0, '0', 0, '2020-05-01 17:02:35', '2020-05-01 17:02:35'),
	(24, 3, 44, 'date', 0, NULL, 0, '2020-05-01 17:02:35', '2020-05-01 17:02:35'),
	(25, 3, 46, 'boolean', 0, '0', 0, '2020-05-01 17:02:35', '2020-05-01 17:02:35'),
	(26, 3, 47, 'boolean', 0, '0', 0, '2020-05-01 17:02:35', '2020-05-01 17:02:35'),
	(27, 3, 48, 'date', 0, NULL, 0, '2020-05-01 17:02:35', '2020-05-01 17:02:35'),
	(28, 3, 49, 'date', 0, NULL, 0, '2020-05-01 17:02:35', '2020-05-01 17:02:35'),
	(29, 3, 50, 'date', 0, NULL, 0, '2020-05-01 17:02:35', '2020-05-01 17:02:35'),
	(30, 4, 59, 'value', 1, '20', 1, '2020-05-01 17:14:15', '2020-05-01 17:23:52'),
	(31, 4, 60, 'boolean', 1, '1', 1, '2020-05-01 17:14:15', '2020-05-01 17:23:57'),
	(32, 4, 67, 'value', 1, '20', 1, '2020-05-01 17:14:15', '2020-05-01 17:23:57'),
	(33, 4, 61, 'boolean', 0, '0', 0, '2020-05-01 17:14:15', '2020-05-01 17:14:15'),
	(34, 4, 62, 'date', 0, NULL, 0, '2020-05-01 17:14:15', '2020-05-01 17:14:15'),
	(35, 4, 63, 'date', 0, NULL, 0, '2020-05-01 17:14:15', '2020-05-01 17:14:15'),
	(36, 4, 64, 'boolean', 0, '0', 0, '2020-05-01 17:14:15', '2020-05-01 17:14:15'),
	(37, 4, 65, 'date', 0, NULL, 0, '2020-05-01 17:14:15', '2020-05-01 17:14:15'),
	(38, 4, 66, 'date', 0, NULL, 0, '2020-05-01 17:14:15', '2020-05-01 17:14:15'),
	(39, 5, 43, 'boolean', 1, '1', 1, '2020-05-01 17:39:21', '2020-05-01 17:39:34'),
	(40, 5, 44, 'date', 1, '2013-05-02', 1, '2020-05-01 17:39:21', '2020-05-02 07:30:04'),
	(41, 5, 46, 'boolean', 1, '1', 1, '2020-05-01 17:39:21', '2020-05-01 17:39:50'),
	(42, 5, 47, 'boolean', 0, '0', 0, '2020-05-01 17:39:21', '2020-05-01 17:39:21'),
	(43, 5, 48, 'date', 1, '2020-05-02', 1, '2020-05-01 17:39:21', '2020-05-01 17:39:58'),
	(44, 5, 49, 'date', 1, '2020-05-02', 1, '2020-05-01 17:39:21', '2020-05-01 17:40:05'),
	(45, 5, 50, 'date', 0, NULL, 0, '2020-05-01 17:39:21', '2020-05-01 17:39:21'),
	(46, 6, 76, 'boolean', 1, '1', 1, '2020-05-02 04:03:27', '2020-05-02 04:03:41'),
	(47, 6, 77, 'value', 1, '20', 1, '2020-05-02 04:03:27', '2020-05-02 04:03:51'),
	(48, 6, 78, 'date', 1, '2020-05-02', 1, '2020-05-02 04:03:27', '2020-05-02 04:03:59'),
	(49, 6, 79, 'date', 1, '2020-05-02', 1, '2020-05-02 04:03:27', '2020-05-02 04:04:10'),
	(50, 7, 76, 'boolean', 0, '0', 0, '2020-05-02 11:20:37', '2020-05-02 11:20:37'),
	(51, 7, 77, 'value', 0, '-', 0, '2020-05-02 11:20:37', '2020-05-02 11:20:37'),
	(52, 7, 78, 'date', 0, NULL, 0, '2020-05-02 11:20:37', '2020-05-02 11:20:37'),
	(53, 7, 79, 'date', 0, NULL, 0, '2020-05-02 11:20:37', '2020-05-02 11:20:37'),
	(54, 8, 76, 'boolean', 0, '0', 0, '2020-05-02 11:21:12', '2020-05-02 11:21:12'),
	(55, 8, 77, 'value', 0, '-', 0, '2020-05-02 11:21:12', '2020-05-02 11:21:12'),
	(56, 8, 78, 'date', 0, NULL, 0, '2020-05-02 11:21:12', '2020-05-02 11:21:12'),
	(57, 8, 79, 'date', 0, NULL, 0, '2020-05-02 11:21:12', '2020-05-02 11:21:12'),
	(58, 9, 76, 'boolean', 0, '0', 0, '2020-05-02 11:22:31', '2020-05-02 11:22:31'),
	(59, 9, 77, 'value', 0, '-', 0, '2020-05-02 11:22:31', '2020-05-02 11:22:31'),
	(60, 9, 78, 'date', 0, NULL, 0, '2020-05-02 11:22:31', '2020-05-02 11:22:31'),
	(61, 9, 79, 'date', 0, NULL, 0, '2020-05-02 11:22:31', '2020-05-02 11:22:31'),
	(62, 10, 76, 'boolean', 0, '0', 0, '2020-05-02 11:41:57', '2020-05-02 11:41:57'),
	(63, 10, 77, 'value', 0, '-', 0, '2020-05-02 11:41:57', '2020-05-02 11:41:57'),
	(64, 10, 78, 'date', 0, NULL, 0, '2020-05-02 11:41:57', '2020-05-02 11:41:57'),
	(65, 10, 79, 'date', 0, NULL, 0, '2020-05-02 11:41:57', '2020-05-02 11:41:57'),
	(66, 11, 76, 'boolean', 0, '0', 0, '2020-05-02 11:48:58', '2020-05-02 11:48:58'),
	(67, 11, 77, 'value', 0, '-', 0, '2020-05-02 11:48:58', '2020-05-02 11:48:58'),
	(68, 11, 78, 'date', 0, NULL, 0, '2020-05-02 11:48:58', '2020-05-02 11:48:58'),
	(69, 11, 79, 'date', 0, NULL, 0, '2020-05-02 11:48:58', '2020-05-02 11:48:58'),
	(70, 12, 51, 'boolean', 1, '1', 1, '2020-05-04 07:33:21', '2020-05-04 07:41:08'),
	(71, 12, 52, 'boolean', 1, '1', 1, '2020-05-04 07:33:21', '2020-05-04 07:41:18'),
	(72, 12, 53, 'date', 1, '2016-05-04', 1, '2020-05-04 07:33:21', '2020-05-04 07:43:11'),
	(73, 12, 54, 'date', 0, NULL, 0, '2020-05-04 07:33:21', '2020-05-04 07:33:21'),
	(74, 12, 55, 'boolean', 1, '1', 1, '2020-05-04 07:33:21', '2020-05-04 07:43:22'),
	(75, 12, 56, 'boolean', 0, '0', 0, '2020-05-04 07:33:21', '2020-05-04 07:33:21'),
	(76, 12, 57, 'value', 1, '20', 1, '2020-05-04 07:33:21', '2020-05-04 07:43:29'),
	(77, 12, 58, 'date', 1, '2019-05-04', 1, '2020-05-04 07:33:21', '2020-05-04 07:43:45'),
	(78, 13, 32, 'boolean', 1, '1', 1, '2020-05-04 09:12:36', '2020-05-04 09:22:29'),
	(79, 13, 33, 'boolean', 1, '1', 1, '2020-05-04 09:12:36', '2020-05-04 09:22:34'),
	(80, 13, 34, 'date', 1, '2016-05-04', 1, '2020-05-04 09:12:36', '2020-05-04 09:22:48'),
	(81, 13, 35, 'date', 0, NULL, 0, '2020-05-04 09:12:36', '2020-05-04 09:12:36'),
	(82, 13, 39, 'boolean', 1, '1', 1, '2020-05-04 09:12:36', '2020-05-04 09:22:57'),
	(83, 13, 70, 'date', 1, '2020-05-04', 1, '2020-05-04 09:12:36', '2020-05-04 09:22:57'),
	(84, 13, 37, 'boolean', 0, '0', 0, '2020-05-04 09:12:36', '2020-05-04 09:12:36'),
	(85, 13, 71, 'date', 0, NULL, 0, '2020-05-04 09:12:36', '2020-05-04 09:12:36'),
	(86, 13, 72, 'value', 1, '20 บาท', 1, '2020-05-04 09:12:36', '2020-05-04 09:23:17'),
	(87, 13, 73, 'date', 1, '2020-05-04', 1, '2020-05-04 09:12:36', '2020-05-04 09:23:17'),
	(88, 13, 74, 'date', 1, '2020-05-30', 1, '2020-05-04 09:12:36', '2020-05-04 09:23:17'),
	(89, 13, 40, 'value', 1, '30 วัน', 1, '2020-05-04 09:12:36', '2020-05-04 09:23:31'),
	(90, 13, 69, 'date', 1, '2020-05-04', 1, '2020-05-04 09:12:36', '2020-05-04 09:23:31'),
	(91, 13, 41, 'value', 0, '-', 0, '2020-05-04 09:12:36', '2020-05-04 09:12:36'),
	(92, 13, 42, 'date', 1, '2017-09-01', 1, '2020-05-04 09:12:36', '2020-05-04 09:25:13'),
	(93, 14, 32, 'boolean', 1, '0', 0, '2020-05-05 04:40:12', '2020-05-05 04:45:26'),
	(94, 14, 33, 'boolean', 1, '0', 0, '2020-05-05 04:40:12', '2020-05-05 04:45:35'),
	(95, 14, 34, 'date', 0, NULL, 0, '2020-05-05 04:40:12', '2020-05-05 04:40:12'),
	(96, 14, 35, 'date', 0, NULL, 0, '2020-05-05 04:40:12', '2020-05-05 04:40:12'),
	(97, 14, 39, 'boolean', 0, '0', 0, '2020-05-05 04:40:12', '2020-05-05 04:40:12'),
	(98, 14, 70, 'date', 0, NULL, 0, '2020-05-05 04:40:12', '2020-05-05 04:40:12'),
	(99, 14, 37, 'boolean', 0, '0', 0, '2020-05-05 04:40:12', '2020-05-05 04:40:12'),
	(100, 14, 71, 'date', 0, NULL, 0, '2020-05-05 04:40:12', '2020-05-05 04:40:12'),
	(101, 14, 72, 'value', 0, '-', 0, '2020-05-05 04:40:12', '2020-05-05 04:40:12'),
	(102, 14, 73, 'date', 0, NULL, 0, '2020-05-05 04:40:12', '2020-05-05 04:40:12'),
	(103, 14, 74, 'date', 0, NULL, 0, '2020-05-05 04:40:12', '2020-05-05 04:40:12'),
	(104, 14, 40, 'value', 0, '-', 0, '2020-05-05 04:40:12', '2020-05-05 04:40:12'),
	(105, 14, 69, 'date', 0, NULL, 0, '2020-05-05 04:40:12', '2020-05-05 04:40:12'),
	(106, 14, 41, 'value', 0, '-', 0, '2020-05-05 04:40:12', '2020-05-05 04:40:12'),
	(107, 14, 42, 'date', 0, NULL, 0, '2020-05-05 04:40:12', '2020-05-05 04:40:12'),
	(108, 15, 80, 'boolean', 0, '0', 0, '2020-05-05 13:04:59', '2020-05-05 13:04:59'),
	(109, 16, 80, 'boolean', 0, '0', 0, '2020-05-05 13:38:58', '2020-05-05 13:38:58'),
	(110, 16, 83, 'boolean', 0, '0', 0, '2020-05-05 13:38:58', '2020-05-05 13:38:58'),
	(111, 16, 81, 'boolean', 0, '0', 0, '2020-05-05 13:38:58', '2020-05-05 13:38:58'),
	(112, 16, 82, 'boolean', 0, '0', 0, '2020-05-05 13:38:58', '2020-05-05 13:38:58'),
	(113, 16, 84, 'value', 0, '-', 0, '2020-05-05 13:38:58', '2020-05-05 13:38:58'),
	(114, 16, 85, 'date', 0, NULL, 0, '2020-05-05 13:38:58', '2020-05-05 13:38:58'),
	(115, 17, 80, 'boolean', 1, '1', 1, '2020-05-05 13:53:13', '2020-05-05 13:54:27'),
	(116, 17, 83, 'boolean', 1, '1', 1, '2020-05-05 13:53:13', '2020-05-05 13:54:53'),
	(117, 17, 81, 'boolean', 1, '1', 1, '2020-05-05 13:53:13', '2020-05-05 13:56:30'),
	(118, 17, 82, 'boolean', 0, '0', 0, '2020-05-05 13:53:13', '2020-05-05 13:53:13'),
	(119, 17, 84, 'value', 0, '-', 0, '2020-05-05 13:53:13', '2020-05-05 13:53:13'),
	(120, 17, 85, 'date', 0, NULL, 0, '2020-05-05 13:53:13', '2020-05-05 13:53:13'),
	(121, 17, 86, 'value', 0, '-', 0, '2020-05-05 13:53:13', '2020-05-05 13:53:13'),
	(122, 17, 87, 'value', 0, '-', 0, '2020-05-05 13:53:13', '2020-05-05 13:53:13'),
	(123, 17, 88, 'date', 0, NULL, 0, '2020-05-05 13:53:13', '2020-05-05 13:53:13'),
	(124, 17, 89, 'date', 0, NULL, 0, '2020-05-05 13:53:13', '2020-05-05 13:53:13'),
	(125, 18, 80, 'boolean', 1, '1', 1, '2020-05-05 14:00:15', '2020-05-05 14:00:46'),
	(126, 18, 83, 'boolean', 1, '1', 1, '2020-05-05 14:00:15', '2020-05-05 14:01:19'),
	(127, 18, 81, 'boolean', 0, '0', 0, '2020-05-05 14:00:15', '2020-05-05 14:00:15'),
	(128, 18, 82, 'boolean', 1, '1', 1, '2020-05-05 14:00:15', '2020-05-05 14:02:06'),
	(129, 18, 90, 'boolean', 1, '1', 1, '2020-05-05 14:00:15', '2020-05-05 14:02:13'),
	(130, 18, 91, 'boolean', 0, '0', 0, '2020-05-05 14:00:15', '2020-05-05 14:00:15'),
	(131, 18, 84, 'value', 1, '50', 1, '2020-05-05 14:00:15', '2020-05-05 14:02:57'),
	(132, 18, 85, 'date', 1, '2020-05-21', 1, '2020-05-05 14:00:15', '2020-05-05 14:02:57'),
	(133, 18, 86, 'value', 0, '-', 0, '2020-05-05 14:00:15', '2020-05-05 14:00:15'),
	(134, 18, 87, 'value', 0, '-', 0, '2020-05-05 14:00:15', '2020-05-05 14:00:15'),
	(135, 18, 88, 'date', 0, NULL, 0, '2020-05-05 14:00:15', '2020-05-05 14:00:15'),
	(136, 18, 89, 'date', 1, '2017-05-19', 1, '2020-05-05 14:00:15', '2020-05-05 14:04:38'),
	(137, 19, 80, 'boolean', 1, '1', 1, '2020-05-05 17:39:34', '2020-05-05 18:09:52'),
	(138, 19, 83, 'boolean', 1, '1', 1, '2020-05-05 17:39:34', '2020-05-05 18:45:28'),
	(139, 19, 81, 'boolean', 1, '1', 1, '2020-05-05 17:39:34', '2020-05-05 18:21:55'),
	(140, 19, 82, 'boolean', 0, '0', 0, '2020-05-05 17:39:34', '2020-05-05 17:39:34'),
	(141, 19, 90, 'boolean', 1, '1', 1, '2020-05-05 17:39:34', '2020-05-05 18:09:59'),
	(142, 19, 91, 'boolean', 0, '0', 0, '2020-05-05 17:39:34', '2020-05-05 17:39:34'),
	(143, 19, 84, 'value', 0, '2', 1, '2020-05-05 17:39:34', '2020-05-05 18:55:04'),
	(144, 19, 85, 'date', 0, '2020-05-06', 1, '2020-05-05 17:39:34', '2020-05-05 18:55:04'),
	(145, 19, 86, 'value', 1, '2', 1, '2020-05-05 17:39:34', '2020-05-05 18:55:04'),
	(146, 19, 87, 'value', 1, '2', 1, '2020-05-05 17:39:34', '2020-05-05 18:55:04'),
	(147, 19, 88, 'date', 1, '2020-05-06', 1, '2020-05-05 17:39:34', '2020-05-05 18:55:04'),
	(148, 19, 89, 'date', 1, '2017-05-06', 1, '2020-05-05 17:39:34', '2020-05-05 18:55:19'),
	(149, 20, 32, 'boolean', 0, '0', 0, '2020-05-05 18:01:42', '2020-05-05 18:01:42'),
	(150, 20, 33, 'boolean', 0, '0', 0, '2020-05-05 18:01:42', '2020-05-05 18:01:42'),
	(151, 20, 34, 'date', 0, NULL, 0, '2020-05-05 18:01:42', '2020-05-05 18:01:42'),
	(152, 20, 35, 'date', 0, NULL, 0, '2020-05-05 18:01:42', '2020-05-05 18:01:42'),
	(153, 20, 39, 'boolean', 1, '1', 1, '2020-05-05 18:01:42', '2020-05-05 18:02:22'),
	(154, 20, 70, 'date', 1, '2020-05-06', 1, '2020-05-05 18:01:42', '2020-05-05 18:02:22'),
	(155, 20, 37, 'boolean', 0, '0', 0, '2020-05-05 18:01:42', '2020-05-05 18:01:42'),
	(156, 20, 71, 'date', 0, NULL, 0, '2020-05-05 18:01:42', '2020-05-05 18:01:42'),
	(157, 20, 72, 'value', 1, '2', 1, '2020-05-05 18:01:42', '2020-05-05 18:02:11'),
	(158, 20, 73, 'date', 1, '2020-05-06', 1, '2020-05-05 18:01:42', '2020-05-05 18:02:11'),
	(159, 20, 74, 'date', 1, '2020-05-06', 1, '2020-05-05 18:01:42', '2020-05-05 18:02:11'),
	(160, 20, 40, 'value', 0, '-', 0, '2020-05-05 18:01:42', '2020-05-05 18:01:42'),
	(161, 20, 69, 'date', 0, NULL, 0, '2020-05-05 18:01:42', '2020-05-05 18:01:42'),
	(162, 20, 41, 'value', 0, '-', 0, '2020-05-05 18:01:42', '2020-05-05 18:01:42'),
	(163, 20, 42, 'date', 0, NULL, 0, '2020-05-05 18:01:42', '2020-05-05 18:01:42'),
	(164, 21, 80, 'boolean', 0, '0', 0, '2020-05-06 18:44:57', '2020-05-06 18:44:57'),
	(165, 21, 83, 'boolean', 0, '0', 0, '2020-05-06 18:44:57', '2020-05-06 18:44:57'),
	(166, 21, 81, 'boolean', 0, '0', 0, '2020-05-06 18:44:57', '2020-05-06 18:44:57'),
	(167, 21, 82, 'boolean', 0, '0', 0, '2020-05-06 18:44:57', '2020-05-06 18:44:57'),
	(168, 21, 90, 'boolean', 0, '0', 0, '2020-05-06 18:44:57', '2020-05-06 18:44:57'),
	(169, 21, 91, 'boolean', 0, '0', 0, '2020-05-06 18:44:57', '2020-05-06 18:44:57'),
	(170, 21, 84, 'value', 0, '-', 0, '2020-05-06 18:44:57', '2020-05-06 18:44:57'),
	(171, 21, 85, 'date', 0, NULL, 0, '2020-05-06 18:44:57', '2020-05-06 18:44:57'),
	(172, 21, 86, 'value', 0, '-', 0, '2020-05-06 18:44:57', '2020-05-06 18:44:57'),
	(173, 21, 87, 'value', 0, '-', 0, '2020-05-06 18:44:57', '2020-05-06 18:44:57'),
	(174, 21, 88, 'date', 0, NULL, 0, '2020-05-06 18:44:57', '2020-05-06 18:44:57'),
	(175, 21, 89, 'date', 0, NULL, 0, '2020-05-06 18:44:57', '2020-05-06 18:44:57'),
	(176, 21, 92, 'date', 1, '2020-05-02', 1, '2020-05-06 18:44:57', '2020-05-06 18:45:28'),
	(177, 22, 80, 'boolean', 0, '0', 0, '2020-05-09 17:03:09', '2020-05-09 17:03:09'),
	(178, 22, 83, 'boolean', 0, '0', 0, '2020-05-09 17:03:09', '2020-05-09 17:03:09'),
	(179, 22, 81, 'boolean', 0, '0', 0, '2020-05-09 17:03:09', '2020-05-09 17:03:09'),
	(180, 22, 82, 'boolean', 0, '0', 0, '2020-05-09 17:03:09', '2020-05-09 17:03:09'),
	(181, 22, 90, 'boolean', 0, '0', 0, '2020-05-09 17:03:09', '2020-05-09 17:03:09'),
	(182, 22, 91, 'boolean', 0, '0', 0, '2020-05-09 17:03:09', '2020-05-09 17:03:09'),
	(183, 22, 84, 'value', 0, '-', 0, '2020-05-09 17:03:09', '2020-05-09 17:03:09'),
	(184, 22, 85, 'date', 0, NULL, 0, '2020-05-09 17:03:09', '2020-05-09 17:03:09'),
	(185, 22, 86, 'value', 0, '-', 0, '2020-05-09 17:03:09', '2020-05-09 17:03:09'),
	(186, 22, 87, 'value', 0, '-', 0, '2020-05-09 17:03:09', '2020-05-09 17:03:09'),
	(187, 22, 88, 'date', 0, NULL, 0, '2020-05-09 17:03:09', '2020-05-09 17:03:09'),
	(188, 22, 89, 'date', 0, NULL, 0, '2020-05-09 17:03:09', '2020-05-09 17:03:09'),
	(189, 22, 92, 'date', 1, '2020-05-02', 1, '2020-05-09 17:03:09', '2020-05-09 17:04:28');
/*!40000 ALTER TABLE `13_refund_details` ENABLE KEYS */;

-- Dumping structure for table refund2.14_refund_files
CREATE TABLE IF NOT EXISTS `14_refund_files` (
  `id` int(10) unsigned NOT NULL AUTO_INCREMENT,
  `refund_id` int(10) unsigned NOT NULL,
  `file_name` varchar(191) COLLATE utf8mb4_unicode_ci NOT NULL,
  `file_path` varchar(191) COLLATE utf8mb4_unicode_ci NOT NULL,
  `description` text COLLATE utf8mb4_unicode_ci DEFAULT NULL,
  `upload_by` varchar(191) COLLATE utf8mb4_unicode_ci DEFAULT NULL,
  `status` tinyint(4) DEFAULT NULL,
  `created_at` timestamp NULL DEFAULT NULL,
  `updated_at` timestamp NULL DEFAULT NULL,
  PRIMARY KEY (`id`),
  KEY `14_refund_files_refund_id_index` (`refund_id`),
  CONSTRAINT `14_refund_files_refund_id_foreign` FOREIGN KEY (`refund_id`) REFERENCES `2_refunds` (`id`) ON DELETE CASCADE
) ENGINE=InnoDB AUTO_INCREMENT=39 DEFAULT CHARSET=utf8mb4 COLLATE=utf8mb4_unicode_ci;

-- Dumping data for table refund2.14_refund_files: ~4 rows (approximately)
/*!40000 ALTER TABLE `14_refund_files` DISABLE KEYS */;
INSERT INTO `14_refund_files` (`id`, `refund_id`, `file_name`, `file_path`, `description`, `upload_by`, `status`, `created_at`, `updated_at`) VALUES
	(33, 1, '2_1.pdf', '6856e9d809b3809f2f82acadebf71085aa4373109df3c4e7ea68273bdbef2432', NULL, 'user', 1, '2020-05-04 06:38:44', '2020-05-04 06:38:44'),
	(34, 3, '2_3.pdf', '5208e32126d188f834240f52aeb54a5c6e2e97c3055452fce006ee9d668db3a7', NULL, 'user', 1, '2020-05-04 07:14:39', '2020-05-04 07:14:39'),
	(36, 12, '3_12.pdf', 'd69b359860a50bbeeebc880e418d6d9828b76157394263f02d0a6f91acff8d1d', NULL, 'user', 1, '2020-05-04 13:32:28', '2020-05-04 13:32:28'),
	(37, 1, '2_1.pdf', 'e2ad0e5d3e3486fa89c13d31a43c8bfa8fe8ebaa30ab75eb496d23b23ddce85b', NULL, 'admin', 1, '2020-05-04 17:54:59', '2020-05-04 17:54:59'),
	(38, 1, '2_1.pdf', 'd2d48f7a9e800b661628b222b515328bee032319629786a2bf6ce09b831e2528', NULL, 'admin', 1, '2020-05-04 18:03:28', '2020-05-04 18:03:28');
/*!40000 ALTER TABLE `14_refund_files` ENABLE KEYS */;

-- Dumping structure for table refund2.1_offices
CREATE TABLE IF NOT EXISTS `1_offices` (
  `id` int(10) unsigned NOT NULL AUTO_INCREMENT,
  `code` varchar(191) COLLATE utf8mb4_unicode_ci DEFAULT NULL,
  `name` varchar(191) COLLATE utf8mb4_unicode_ci NOT NULL,
  `contact_name` varchar(191) COLLATE utf8mb4_unicode_ci NOT NULL,
  `phone` varchar(191) COLLATE utf8mb4_unicode_ci NOT NULL,
  `status` tinyint(4) NOT NULL,
  `created_at` timestamp NULL DEFAULT NULL,
  `updated_at` timestamp NULL DEFAULT NULL,
  PRIMARY KEY (`id`),
  UNIQUE KEY `1_offices_code_unique` (`code`)
) ENGINE=InnoDB AUTO_INCREMENT=4 DEFAULT CHARSET=utf8mb4 COLLATE=utf8mb4_unicode_ci;

-- Dumping data for table refund2.1_offices: ~2 rows (approximately)
/*!40000 ALTER TABLE `1_offices` DISABLE KEYS */;
INSERT INTO `1_offices` (`id`, `code`, `name`, `contact_name`, `phone`, `status`, `created_at`, `updated_at`) VALUES
	(1, '1111', 'xxxx', 'xxxx', '1111', 1, NULL, NULL),
	(2, '2222', 'yyyy', 'yyyy', '2222', 1, NULL, NULL),
	(3, '3333', 'zzzz', 'yyyy', '3333', 1, NULL, NULL);
/*!40000 ALTER TABLE `1_offices` ENABLE KEYS */;

-- Dumping structure for table refund2.2_refunds
CREATE TABLE IF NOT EXISTS `2_refunds` (
  `id` int(10) unsigned NOT NULL AUTO_INCREMENT,
  `office_id` int(10) unsigned NOT NULL,
  `approve_code` varchar(191) COLLATE utf8mb4_unicode_ci NOT NULL,
  `create_date` date NOT NULL,
  `sent_date` date DEFAULT NULL,
  `consider_date` date DEFAULT NULL,
  `consider_by` varchar(50) COLLATE utf8mb4_unicode_ci DEFAULT NULL,
  `return_date` date DEFAULT NULL,
  `return_by` varchar(50) COLLATE utf8mb4_unicode_ci DEFAULT NULL,
  `return_description` text COLLATE utf8mb4_unicode_ci DEFAULT NULL,
  `complete_date` date DEFAULT NULL,
  `complete_by` varchar(50) COLLATE utf8mb4_unicode_ci DEFAULT NULL,
  `complete_description` text COLLATE utf8mb4_unicode_ci DEFAULT NULL,
  `status` tinyint(4) DEFAULT NULL,
  `created_at` timestamp NULL DEFAULT NULL,
  `updated_at` timestamp NULL DEFAULT NULL,
  PRIMARY KEY (`id`),
  UNIQUE KEY `2_refunds_id_unique` (`id`),
  KEY `2_refunds_office_id_index` (`office_id`),
  CONSTRAINT `2_refunds_office_id_foreign` FOREIGN KEY (`office_id`) REFERENCES `1_offices` (`id`) ON DELETE CASCADE
) ENGINE=InnoDB AUTO_INCREMENT=22 DEFAULT CHARSET=utf8mb4 COLLATE=utf8mb4_unicode_ci;

-- Dumping data for table refund2.2_refunds: ~20 rows (approximately)
/*!40000 ALTER TABLE `2_refunds` DISABLE KEYS */;
INSERT INTO `2_refunds` (`id`, `office_id`, `approve_code`, `create_date`, `sent_date`, `consider_date`, `consider_by`, `return_date`, `return_by`, `return_description`, `complete_date`, `complete_by`, `complete_description`, `status`, `created_at`, `updated_at`) VALUES
	(1, 2, '222222', '2020-05-01', '2020-05-04', '2020-05-04', 'admin', NULL, NULL, NULL, '2020-05-04', 'admin', 'xcxcxcxc', 88, '2020-05-01 17:02:18', '2020-05-04 19:26:23'),
	(2, 2, '123456', '2020-05-01', NULL, NULL, NULL, NULL, NULL, NULL, NULL, NULL, NULL, 0, '2020-05-01 17:02:33', '2020-05-02 11:16:47'),
	(3, 2, '123456', '2020-05-01', '2020-05-04', '2020-05-04', '', '2020-05-09', 'admin', 'ขอเพิ่ม', '2020-05-10', 'admin', 'อนุมัติ', 99, '2020-05-01 17:14:14', '2020-05-09 17:08:14'),
	(4, 2, '123456', '2020-05-01', NULL, NULL, NULL, NULL, NULL, NULL, NULL, NULL, NULL, 0, '2020-05-01 17:39:20', '2020-05-02 11:20:21'),
	(5, 2, '123456', '2020-05-02', NULL, NULL, NULL, NULL, NULL, NULL, NULL, NULL, NULL, 0, '2020-05-02 04:03:26', '2020-05-03 08:43:32'),
	(6, 2, '123456', '2020-05-02', NULL, NULL, NULL, NULL, NULL, NULL, NULL, NULL, NULL, 0, '2020-05-02 11:20:36', '2020-05-02 11:20:47'),
	(7, 2, '123456', '2020-05-02', NULL, NULL, NULL, NULL, NULL, NULL, NULL, NULL, NULL, 0, '2020-05-02 11:21:12', '2020-05-03 08:43:16'),
	(8, 2, '123456', '2020-05-02', NULL, NULL, NULL, NULL, NULL, NULL, NULL, NULL, NULL, 0, '2020-05-02 11:22:30', '2020-05-02 11:38:23'),
	(9, 2, '123456', '2020-05-02', NULL, NULL, NULL, NULL, NULL, NULL, NULL, NULL, NULL, 0, '2020-05-02 11:41:57', '2020-05-03 08:43:13'),
	(10, 2, '123456', '2020-05-02', NULL, NULL, NULL, NULL, NULL, NULL, NULL, NULL, NULL, 0, '2020-05-02 11:48:57', '2020-05-02 12:07:10'),
	(11, 2, '123456', '2020-05-04', NULL, NULL, NULL, NULL, NULL, NULL, NULL, NULL, NULL, 4, '2020-05-04 07:33:21', '2020-05-04 16:47:33'),
	(12, 3, '123456', '2020-05-04', '2020-05-04', '2020-05-05', 'admin', NULL, NULL, NULL, NULL, NULL, NULL, 9, '2020-05-04 09:12:35', '2020-05-05 14:20:21'),
	(13, 2, '123456', '2020-05-05', NULL, NULL, NULL, NULL, NULL, NULL, NULL, NULL, NULL, 1, '2020-05-05 04:40:11', '2020-05-05 04:40:11'),
	(14, 2, '123456', '2020-05-05', NULL, NULL, NULL, NULL, NULL, NULL, NULL, NULL, NULL, 0, '2020-05-05 13:04:58', '2020-05-05 13:05:26'),
	(15, 2, '123456', '2020-05-05', NULL, NULL, NULL, NULL, NULL, NULL, NULL, NULL, NULL, 0, '2020-05-05 13:38:57', '2020-05-05 13:39:18'),
	(16, 2, '123456', '2020-05-05', NULL, NULL, NULL, NULL, NULL, NULL, NULL, NULL, NULL, 0, '2020-05-05 13:53:12', '2020-05-05 13:56:55'),
	(17, 2, '123456', '2020-05-05', NULL, NULL, NULL, NULL, NULL, NULL, NULL, NULL, NULL, 0, '2020-05-05 14:00:15', '2020-05-05 17:39:23'),
	(18, 2, '123456', '2020-05-05', NULL, NULL, NULL, NULL, NULL, NULL, NULL, NULL, NULL, 0, '2020-05-05 17:39:34', '2020-05-09 16:58:17'),
	(19, 2, '123456', '2020-05-05', NULL, NULL, NULL, NULL, NULL, NULL, NULL, NULL, NULL, 1, '2020-05-05 18:01:41', '2020-05-05 18:01:41'),
	(20, 2, '123456', '2020-05-06', NULL, NULL, NULL, NULL, NULL, NULL, NULL, NULL, NULL, 0, '2020-05-06 18:44:57', '2020-05-06 18:46:58'),
	(21, 2, '123456', '2020-05-09', NULL, NULL, NULL, NULL, NULL, NULL, NULL, NULL, NULL, 1, '2020-05-09 17:03:08', '2020-05-09 17:03:08');
/*!40000 ALTER TABLE `2_refunds` ENABLE KEYS */;

-- Dumping structure for table refund2.3_contracts
CREATE TABLE IF NOT EXISTS `3_contracts` (
  `id` int(10) unsigned NOT NULL AUTO_INCREMENT,
  `refund_id` int(10) unsigned NOT NULL,
  `contract_party` varchar(191) COLLATE utf8mb4_unicode_ci NOT NULL,
  `contract_no` varchar(191) COLLATE utf8mb4_unicode_ci NOT NULL,
  `contract_date` date NOT NULL,
  `budget` decimal(15,2) NOT NULL,
  `penalty_per_day` decimal(10,2) NOT NULL,
  `contract_start` date NOT NULL,
  `contract_end` date NOT NULL,
  `created_at` timestamp NULL DEFAULT NULL,
  `updated_at` timestamp NULL DEFAULT NULL,
  PRIMARY KEY (`id`),
  KEY `3_contracts_refund_id_index` (`refund_id`),
  CONSTRAINT `3_contracts_refund_id_foreign` FOREIGN KEY (`refund_id`) REFERENCES `2_refunds` (`id`) ON DELETE CASCADE
) ENGINE=InnoDB AUTO_INCREMENT=33 DEFAULT CHARSET=utf8mb4 COLLATE=utf8mb4_unicode_ci;

-- Dumping data for table refund2.3_contracts: ~4 rows (approximately)
/*!40000 ALTER TABLE `3_contracts` DISABLE KEYS */;
INSERT INTO `3_contracts` (`id`, `refund_id`, `contract_party`, `contract_no`, `contract_date`, `budget`, `penalty_per_day`, `contract_start`, `contract_end`, `created_at`, `updated_at`) VALUES
	(29, 3, 'บริษัท สัจจะอินโฟ จำกัด', '16/2556', '2020-05-02', 10000.00, 1212.00, '2020-05-06', '2020-05-31', '2020-05-01 17:34:30', '2020-05-03 18:31:36'),
	(30, 1, 'บริษัท ทรู จำกัด', '16/2556', '2020-05-01', 10000.00, 1212.00, '2020-05-02', '2020-05-31', '2020-05-03 18:40:59', '2020-05-03 18:40:59'),
	(31, 12, 'บริษัท กกก', '111/2563', '2020-05-01', 10000.00, 1212.00, '2020-05-04', '2020-05-31', '2020-05-04 09:31:44', '2020-05-04 09:31:44'),
	(32, 11, 'บริษัท กกก จำกัด', '16/2556', '2020-05-01', 100000.00, 111.00, '2020-05-01', '2020-05-31', '2020-05-04 10:05:11', '2020-05-04 10:05:11');
/*!40000 ALTER TABLE `3_contracts` ENABLE KEYS */;

-- Dumping structure for table refund2.4_contract_budget_edits
CREATE TABLE IF NOT EXISTS `4_contract_budget_edits` (
  `id` int(10) unsigned NOT NULL AUTO_INCREMENT,
  `refund_id` int(10) unsigned NOT NULL,
  `budget_new` decimal(15,2) NOT NULL,
  `penalty_new` decimal(10,2) NOT NULL,
  `contract_edit_date` date NOT NULL,
  `created_at` timestamp NULL DEFAULT NULL,
  `updated_at` timestamp NULL DEFAULT NULL,
  PRIMARY KEY (`id`),
  KEY `4_contract_budget_edits_refund_id_index` (`refund_id`),
  CONSTRAINT `4_contract_budget_edits_refund_id_foreign` FOREIGN KEY (`refund_id`) REFERENCES `2_refunds` (`id`) ON DELETE CASCADE
) ENGINE=InnoDB AUTO_INCREMENT=24 DEFAULT CHARSET=utf8mb4 COLLATE=utf8mb4_unicode_ci;

-- Dumping data for table refund2.4_contract_budget_edits: ~4 rows (approximately)
/*!40000 ALTER TABLE `4_contract_budget_edits` DISABLE KEYS */;
INSERT INTO `4_contract_budget_edits` (`id`, `refund_id`, `budget_new`, `penalty_new`, `contract_edit_date`, `created_at`, `updated_at`) VALUES
	(20, 12, 10000.00, 11.00, '2020-05-04', '2020-05-04 10:02:32', '2020-05-04 10:02:32'),
	(21, 11, 12121212.00, 11.00, '2020-05-20', '2020-05-04 10:05:23', '2020-05-04 10:05:23'),
	(22, 3, 10000.00, 11.00, '2020-05-01', '2020-05-05 16:55:45', '2020-05-05 16:55:45'),
	(23, 3, 10000.00, 11.00, '2020-05-04', '2020-05-05 16:55:54', '2020-05-05 16:55:54');
/*!40000 ALTER TABLE `4_contract_budget_edits` ENABLE KEYS */;

-- Dumping structure for table refund2.5_contract_time_edits
CREATE TABLE IF NOT EXISTS `5_contract_time_edits` (
  `id` int(10) unsigned NOT NULL AUTO_INCREMENT,
  `refund_id` int(10) unsigned NOT NULL,
  `approve_date` date NOT NULL,
  `edit_type` varchar(191) COLLATE utf8mb4_unicode_ci NOT NULL,
  `edit_detail` varchar(191) COLLATE utf8mb4_unicode_ci DEFAULT NULL,
  `edit_days` int(11) DEFAULT NULL,
  `edit_start_date` date DEFAULT NULL,
  `edit_end_date` date DEFAULT NULL,
  `edit_budget` decimal(15,2) DEFAULT NULL,
  `approve_type` varchar(191) COLLATE utf8mb4_unicode_ci NOT NULL,
  `approve_case` varchar(191) COLLATE utf8mb4_unicode_ci DEFAULT NULL,
  `problem_end_date` date DEFAULT NULL,
  `book_date` date DEFAULT NULL,
  `created_at` timestamp NULL DEFAULT NULL,
  `updated_at` timestamp NULL DEFAULT NULL,
  PRIMARY KEY (`id`),
  KEY `5_contract_time_edits_refund_id_index` (`refund_id`),
  CONSTRAINT `5_contract_time_edits_refund_id_foreign` FOREIGN KEY (`refund_id`) REFERENCES `2_refunds` (`id`) ON DELETE CASCADE
) ENGINE=InnoDB AUTO_INCREMENT=54 DEFAULT CHARSET=utf8mb4 COLLATE=utf8mb4_unicode_ci;

-- Dumping data for table refund2.5_contract_time_edits: ~3 rows (approximately)
/*!40000 ALTER TABLE `5_contract_time_edits` DISABLE KEYS */;
INSERT INTO `5_contract_time_edits` (`id`, `refund_id`, `approve_date`, `edit_type`, `edit_detail`, `edit_days`, `edit_start_date`, `edit_end_date`, `edit_budget`, `approve_type`, `approve_case`, `problem_end_date`, `book_date`, `created_at`, `updated_at`) VALUES
	(50, 3, '2020-05-02', '1', '-', 22, '2020-05-03', '2020-05-31', NULL, '23', '1', '2020-05-27', '2020-05-27', '2020-05-02 03:34:22', '2020-05-02 03:34:44'),
	(51, 12, '2020-05-01', '2', '-', 10, '2020-05-10', '2020-05-20', 20.00, '24', '111', NULL, NULL, '2020-05-04 10:10:51', '2020-05-04 10:10:51'),
	(52, 11, '2020-05-04', '1', '-', 20, '2020-05-03', '2020-05-28', NULL, '19', NULL, NULL, NULL, '2020-05-04 16:47:33', '2020-05-04 16:47:33'),
	(53, 3, '2020-05-05', '1', '-', 3, '2020-05-06', '2020-05-08', NULL, '24', '111', NULL, NULL, '2020-05-05 16:57:01', '2020-05-05 16:57:01');
/*!40000 ALTER TABLE `5_contract_time_edits` ENABLE KEYS */;

-- Dumping structure for table refund2.6_delivers
CREATE TABLE IF NOT EXISTS `6_delivers` (
  `id` int(10) unsigned NOT NULL AUTO_INCREMENT,
  `refund_id` int(10) unsigned NOT NULL,
  `delivery` varchar(150) COLLATE utf8mb4_unicode_ci NOT NULL,
  `detail` text COLLATE utf8mb4_unicode_ci DEFAULT NULL,
  `delivery_date` date DEFAULT NULL,
  `overdue_start_date` date DEFAULT NULL,
  `overdue_end_date` date DEFAULT NULL,
  `overdue_days` int(11) DEFAULT NULL,
  `penalty` double(15,2) DEFAULT NULL,
  `created_at` timestamp NULL DEFAULT NULL,
  `updated_at` timestamp NULL DEFAULT NULL,
  PRIMARY KEY (`id`),
  KEY `6_delivers_refund_id_index` (`refund_id`),
  CONSTRAINT `6_delivers_refund_id_foreign` FOREIGN KEY (`refund_id`) REFERENCES `2_refunds` (`id`) ON DELETE CASCADE
) ENGINE=InnoDB AUTO_INCREMENT=74 DEFAULT CHARSET=utf8mb4 COLLATE=utf8mb4_unicode_ci;

-- Dumping data for table refund2.6_delivers: ~4 rows (approximately)
/*!40000 ALTER TABLE `6_delivers` DISABLE KEYS */;
INSERT INTO `6_delivers` (`id`, `refund_id`, `delivery`, `detail`, `delivery_date`, `overdue_start_date`, `overdue_end_date`, `overdue_days`, `penalty`, `created_at`, `updated_at`) VALUES
	(69, 3, 'งวดที่ 1/ครั้งที่ 1', 'ตรวจรับงานเฉพาะงวดที่ 2', '2020-05-02', '2020-05-01', '2020-05-02', 2, 111.00, '2020-05-02 03:35:23', '2020-05-02 03:35:52'),
	(70, 1, 'งวดที่ 1/ครั้งที่ 1', 'ตรวจรับงานเฉพาะงวดที่ 2', '2020-05-05', '2020-05-04', '2020-05-05', 2, 111.00, '2020-05-03 18:42:34', '2020-05-03 18:42:34'),
	(71, 12, 'งวดที่ 1/ครั้งที่ 1', 'ตรวจรับงานเฉพาะงวดที่ 2', '2020-05-04', '2020-05-01', '2020-05-04', 1, 111.00, '2020-05-04 10:18:18', '2020-05-04 10:19:02'),
	(72, 12, 'งวดที่ 2/ครั้งที่ 1', 'ตรวจรับงานเฉพาะงวดที่ 2', '2020-05-13', NULL, NULL, NULL, NULL, '2020-05-04 10:20:23', '2020-05-04 10:20:23'),
	(73, 3, 'งวดที่ 2/ครั้งที่ 1', 'ตรวจรับงานเฉพาะงวดที่ 2', '2020-05-07', NULL, NULL, NULL, NULL, '2020-05-05 16:57:23', '2020-05-05 16:57:23');
/*!40000 ALTER TABLE `6_delivers` ENABLE KEYS */;

-- Dumping structure for table refund2.7_deposit_penalties
CREATE TABLE IF NOT EXISTS `7_deposit_penalties` (
  `id` int(10) unsigned NOT NULL AUTO_INCREMENT,
  `refund_id` int(10) unsigned NOT NULL,
  `deposit_no` varchar(191) COLLATE utf8mb4_unicode_ci NOT NULL,
  `deposit_date` date NOT NULL,
  `amount` double NOT NULL,
  `amount_in_contract` double DEFAULT NULL,
  `description` varchar(191) COLLATE utf8mb4_unicode_ci DEFAULT NULL,
  `created_at` timestamp NULL DEFAULT NULL,
  `updated_at` timestamp NULL DEFAULT NULL,
  PRIMARY KEY (`id`),
  KEY `7_deposit_penalties_refund_id_index` (`refund_id`),
  CONSTRAINT `7_deposit_penalties_refund_id_foreign` FOREIGN KEY (`refund_id`) REFERENCES `2_refunds` (`id`) ON DELETE CASCADE
) ENGINE=InnoDB AUTO_INCREMENT=60 DEFAULT CHARSET=utf8mb4 COLLATE=utf8mb4_unicode_ci;

-- Dumping data for table refund2.7_deposit_penalties: ~1 rows (approximately)
/*!40000 ALTER TABLE `7_deposit_penalties` DISABLE KEYS */;
INSERT INTO `7_deposit_penalties` (`id`, `refund_id`, `deposit_no`, `deposit_date`, `amount`, `amount_in_contract`, `description`, `created_at`, `updated_at`) VALUES
	(56, 3, '3201512315', '2020-05-03', 11, 10, '1/2563', '2020-05-03 09:03:28', '2020-05-03 09:03:28'),
	(57, 1, '3201512315', '2020-05-06', 11, 10, '1/2563', '2020-05-03 18:45:28', '2020-05-03 18:45:28'),
	(58, 12, '3201512315', '2020-05-26', 100, 10, '1/2563', '2020-05-04 10:23:23', '2020-05-04 10:23:23'),
	(59, 3, '3201512315', '2020-10-02', 11, 10, '1/2563', '2020-05-05 16:16:19', '2020-05-05 17:09:24');
/*!40000 ALTER TABLE `7_deposit_penalties` ENABLE KEYS */;

-- Dumping structure for table refund2.8_approve_refunds
CREATE TABLE IF NOT EXISTS `8_approve_refunds` (
  `id` int(10) unsigned NOT NULL AUTO_INCREMENT,
  `refund_id` int(10) unsigned NOT NULL,
  `receive_date` date DEFAULT NULL,
  `refund_days` int(11) NOT NULL,
  `refund_money` double(15,2) DEFAULT NULL,
  `refund_amount` double(15,2) NOT NULL,
  `approve_amount` double(15,2) NOT NULL,
  `created_at` timestamp NULL DEFAULT NULL,
  `updated_at` timestamp NULL DEFAULT NULL,
  PRIMARY KEY (`id`),
  UNIQUE KEY `8_approve_refunds_refund_id_unique` (`refund_id`),
  CONSTRAINT `8_approve_refunds_refund_id_foreign` FOREIGN KEY (`refund_id`) REFERENCES `2_refunds` (`id`) ON DELETE CASCADE
) ENGINE=InnoDB AUTO_INCREMENT=26 DEFAULT CHARSET=utf8mb4 COLLATE=utf8mb4_unicode_ci;

-- Dumping data for table refund2.8_approve_refunds: ~2 rows (approximately)
/*!40000 ALTER TABLE `8_approve_refunds` DISABLE KEYS */;
INSERT INTO `8_approve_refunds` (`id`, `refund_id`, `receive_date`, `refund_days`, `refund_money`, `refund_amount`, `approve_amount`, `created_at`, `updated_at`) VALUES
	(23, 3, NULL, 222, 222.00, 11.00, 20.00, '2020-05-03 09:11:51', '2020-05-04 11:19:47'),
	(24, 1, NULL, 2, 2.00, 11.00, 20.00, '2020-05-03 18:45:39', '2020-05-03 18:45:39'),
	(25, 12, NULL, 2, 2.00, 11.00, 20.00, '2020-05-04 10:25:28', '2020-05-04 10:25:28');
/*!40000 ALTER TABLE `8_approve_refunds` ENABLE KEYS */;

-- Dumping structure for table refund2.9_forms
CREATE TABLE IF NOT EXISTS `9_forms` (
  `id` int(10) unsigned NOT NULL AUTO_INCREMENT,
  `name1` varchar(191) COLLATE utf8mb4_unicode_ci NOT NULL,
  `name2` varchar(191) COLLATE utf8mb4_unicode_ci NOT NULL,
  `name3` varchar(191) COLLATE utf8mb4_unicode_ci NOT NULL,
  `order` tinyint(4) NOT NULL,
  `create_by` varchar(191) COLLATE utf8mb4_unicode_ci NOT NULL,
  `status` tinyint(4) NOT NULL,
  `created_at` timestamp NULL DEFAULT NULL,
  `updated_at` timestamp NULL DEFAULT NULL,
  PRIMARY KEY (`id`)
) ENGINE=InnoDB AUTO_INCREMENT=37 DEFAULT CHARSET=utf8mb4 COLLATE=utf8mb4_unicode_ci;

-- Dumping data for table refund2.9_forms: ~5 rows (approximately)
/*!40000 ALTER TABLE `9_forms` DISABLE KEYS */;
INSERT INTO `9_forms` (`id`, `name1`, `name2`, `name3`, `order`, `create_by`, `status`, `created_at`, `updated_at`) VALUES
	(31, 'แบบการถอนคืนเงินรายได้แผ่นดิน ตามมติคณะรัฐมนตรีเมื่อวันที่ 8 สิงหาคม 2560', 'แจ้งตามหนังสือสำนักเลขาธิการคณะรัฐมนตรี ด่วนที่สุด ที่ นร 0505/ว 399 ลงวันที่ 10 สิงหาคม 2560', 'แบบถอนคืนตาม ว 399 ทางตรง', 1, 'Songwut', 1, '2020-01-06 04:24:04', '2020-03-12 07:06:15'),
	(32, 'แบบการถอนคืนเงินรายได้แผ่นดิน ตามมติคณะรัฐมนตรีเมื่อวันที่ 6 กันยายน 2559', 'แจ้งตามหนังสือสำนักเลขาธิการคณะรัฐมนตรี ด่วนที่สุด ที่ นร 0505/ว 272 ลงวันที่ 7 กันยายน 2559', 'แบบถอนคืนตาม ว 272 กรณี 3', 2, 'Songwut', 1, '2020-01-06 07:33:01', '2020-03-04 08:36:54'),
	(33, 'แบบการถอนคืนเงินรายได้แผ่นดิน ตามมติคณะรัฐมนตรีเมื่อวันที่ 24 เมษายน 2562', 'แจ้งตามหนังสือสำนักเลขาธิการคณะรัฐมนตรี ด่วนที่สุด ที่ นร 0505/ว 165 ลงวันที่ 26 เมษายน 2562', 'แบบถอนคืนตาม ว 165', 3, 'Songwut', 1, '2020-01-08 03:11:53', '2020-01-08 03:11:53'),
	(34, 'แบบการถอนคืนเงินรายได้แผ่นดิน ตาม พรบ.การจัดซื้อจัดจ้างและบริหารพัสดุภาครัฐ พ.ศ. 2560', 'หรือระเบียบ ข้อบังคับ ข้อบัญญัติ ว่าด้วยการพัสดุของหน่วยงานนั้น ๆ', 'แบบถอนคืนตาม พรบ. และระเบียบพัสดุ', 4, 'Songwut', 1, '2020-03-03 07:03:48', '2020-03-03 07:18:48'),
	(35, 'ฟอร์ม หมายเลข 5', 'ฟอร์ม หมายเลข 5', 'ฟอร์ม หมายเลข 5', 5, 'Songwut', 1, '2020-04-15 09:52:47', '2020-04-15 09:52:47'),
	(36, 'แบบการถอนคืนเงินรายได้แผ่นดิน ตามมติคณะรัฐมนตรีเมื่อวันที่ 8 สิงหาคม 2560', 'แจ้งตามหนังสือสำนักเลขาธิการคณะรัฐมนตรี ด่วนที่สุด ที่ นร 0505/ว 399 ลงวันที่ 10 สิงหาคม 2560', 'แบบถอนคืนตาม ว 399/1', 6, 'Songwut', 1, '2020-05-05 13:01:20', '2020-05-05 13:01:20');
/*!40000 ALTER TABLE `9_forms` ENABLE KEYS */;

-- Dumping structure for table refund2.migrations
CREATE TABLE IF NOT EXISTS `migrations` (
  `id` int(10) unsigned NOT NULL AUTO_INCREMENT,
  `migration` varchar(191) COLLATE utf8mb4_unicode_ci NOT NULL,
  `batch` int(11) NOT NULL,
  PRIMARY KEY (`id`)
) ENGINE=InnoDB AUTO_INCREMENT=36 DEFAULT CHARSET=utf8mb4 COLLATE=utf8mb4_unicode_ci;

-- Dumping data for table refund2.migrations: ~34 rows (approximately)
/*!40000 ALTER TABLE `migrations` DISABLE KEYS */;
INSERT INTO `migrations` (`id`, `migration`, `batch`) VALUES
	(2, '2014_10_12_100000_create_password_resets_table', 1),
	(3, '2019_02_26_065640_create_offices_table', 1),
	(4, '2019_02_26_065741_create_refunds_table', 1),
	(5, '2019_02_26_071313_create_contracts_table', 1),
	(6, '2019_02_26_072926_create_contract_budget_edits_table', 1),
	(7, '2019_02_26_073325_create_contract_time_edits_table', 1),
	(8, '2019_02_28_060828_create_delivers_table', 1),
	(9, '2019_02_28_061714_create_deposit_penalties_table', 1),
	(10, '2019_03_01_041558_create_approve_refunds_table', 1),
	(11, '2019_04_03_065038_create_forms_table', 1),
	(12, '2019_04_03_070239_create_refund_forms_table', 1),
	(13, '2019_04_03_070715_create_form_rules_table', 1),
	(14, '2019_04_03_071418_create_form_conditions_table', 1),
	(15, '2019_07_15_024751_add_condition_to_rules_table', 1),
	(16, '2019_08_06_072551_create_considers_table', 1),
	(17, '2019_08_26_032504_add_description_on_considers_table', 1),
	(18, '2019_09_12_034811_create_refund_details_table', 1),
	(19, '2019_11_14_091048_modify_contract_budget_edit', 1),
	(20, '2019_11_19_081214_modify_3_contracts_float_to_decimal', 1),
	(21, '2019_11_20_013925_modify_contract_time_edit_add_column', 1),
	(22, '2019_11_21_070101_modify_delivers', 1),
	(23, '2019_11_22_111718_modify_approve_table_refund_id_set_unique', 1),
	(24, '2019_11_30_083347_edit_refund_detail_add_col_result_type', 2),
	(25, '2019_12_22_144315_create_refund_files_table', 3),
	(26, '2014_10_12_000000_create_users_table', 4),
	(27, '2016_06_01_000001_create_oauth_auth_codes_table', 4),
	(28, '2016_06_01_000002_create_oauth_access_tokens_table', 4),
	(29, '2016_06_01_000003_create_oauth_refresh_tokens_table', 4),
	(30, '2016_06_01_000004_create_oauth_clients_table', 4),
	(31, '2016_06_01_000005_create_oauth_personal_access_clients_table', 4),
	(32, '2020_02_21_080015_modify_contract_time_edit', 5),
	(33, '2020_02_24_092135_modify_delivers_add_col_start_end', 6),
	(34, '2020_02_24_142345_modify_deposit_add_column_amount_contract', 7),
	(35, '2020_03_11_064020_modify_approve_refund_add_column_refund_money', 8);
/*!40000 ALTER TABLE `migrations` ENABLE KEYS */;

-- Dumping structure for table refund2.oauth_access_tokens
CREATE TABLE IF NOT EXISTS `oauth_access_tokens` (
  `id` varchar(100) COLLATE utf8mb4_unicode_ci NOT NULL,
  `user_id` bigint(20) DEFAULT NULL,
  `client_id` int(10) unsigned NOT NULL,
  `name` varchar(191) COLLATE utf8mb4_unicode_ci DEFAULT NULL,
  `scopes` text COLLATE utf8mb4_unicode_ci DEFAULT NULL,
  `revoked` tinyint(1) NOT NULL,
  `created_at` timestamp NULL DEFAULT NULL,
  `updated_at` timestamp NULL DEFAULT NULL,
  `expires_at` datetime DEFAULT NULL,
  PRIMARY KEY (`id`),
  KEY `oauth_access_tokens_user_id_index` (`user_id`)
) ENGINE=InnoDB DEFAULT CHARSET=utf8mb4 COLLATE=utf8mb4_unicode_ci;

-- Dumping data for table refund2.oauth_access_tokens: ~298 rows (approximately)
/*!40000 ALTER TABLE `oauth_access_tokens` DISABLE KEYS */;
INSERT INTO `oauth_access_tokens` (`id`, `user_id`, `client_id`, `name`, `scopes`, `revoked`, `created_at`, `updated_at`, `expires_at`) VALUES
	('016c3aa69e63547e5a88472ed7debc6872920aac93f62f6b243cb0de267bea458204485b10caea36', 1, 2, NULL, '[]', 0, '2019-12-26 07:08:53', '2019-12-26 07:08:53', '2020-12-26 07:08:53'),
	('01af581eb98db03aed0ca1c163e79df1cf07bf636db55e785c670e4f52cbe638ae9d1f5c0b5e0d74', 2, 3, 'Laravel', '[]', 0, '2020-05-03 15:04:14', '2020-05-03 15:04:14', '2021-05-03 15:04:14'),
	('0290332d75432323a8a6c7bb2e56e9ea235695eded98885a824e2d9b01977e5c929816c577b83a7f', 1, 1, 'Laravel', '[]', 0, '2020-05-03 09:30:18', '2020-05-03 09:30:18', '2021-05-03 09:30:18'),
	('0381d9eaf74a5c9bdb5a31556cfa23754db73993749f43d9dd6676b1a49e5c251e99ff05999768d9', 1, 3, 'Refund', '[]', 0, '2020-05-06 10:02:04', '2020-05-06 10:02:04', '2021-05-06 10:02:04'),
	('03d89768ebb42d3712af96d49381642a12dc03c42e01c8f41d48ea1c930a48f598f55a3940e1a1c9', 1, 1, 'Laravel', '[]', 0, '2020-03-10 09:43:48', '2020-03-10 09:43:48', '2021-03-10 09:43:48'),
	('045f93d0611dc7cde9d2d04f9d267cea636d7568ec73879672e8bb1c0db004ef0cea307523a484c1', 1, 1, 'Laravel', '[]', 0, '2020-01-06 04:00:22', '2020-01-06 04:00:22', '2021-01-06 04:00:22'),
	('0660ce36bc330e198d6914f373cc780674177ea9d3376e330a92ed0f07a26ddadb6cd9121669b42a', 1, 1, 'Laravel', '[]', 0, '2020-01-06 04:08:38', '2020-01-06 04:08:38', '2021-01-06 04:08:38'),
	('06b6b8acfeaf6237af70c8531c7ce13cde2fb9c84c46a66706f4cdadd7e56f81127baf84970cd492', 2, 1, 'Laravel', '[]', 0, '2020-04-17 06:17:15', '2020-04-17 06:17:15', '2021-04-17 06:17:15'),
	('070f051567091be4abf94d50750ad52d722f43a00306f183fa6f480cbb3a75b7da6765b46296ec8f', 1, 1, 'Laravel', '[]', 0, '2020-05-02 18:47:28', '2020-05-02 18:47:28', '2021-05-02 18:47:28'),
	('089f917a26548a99dbc6c303854f49d27b9bf6b737cea5f7180067cd18e36f5fff5762358d8c07e5', 1, 3, 'Refund', '[]', 0, '2020-05-04 10:42:00', '2020-05-04 10:42:00', '2021-05-04 10:42:00'),
	('08c440864271ded5c7d919c5bcf2f36cb1adb6ffcbafa0ceb1e6183ba663411ce2b0415e588c428a', 1, 1, 'Laravel', '[]', 0, '2020-01-06 04:08:37', '2020-01-06 04:08:37', '2021-01-06 04:08:37'),
	('0903269bf1838addd3d5408df6a37f4b53fd1374c39ece86e198ed5a4fd9eadfd10b90534fe2cffe', 2, 1, 'Laravel', '[]', 0, '2020-03-02 02:42:17', '2020-03-02 02:42:17', '2021-03-02 02:42:17'),
	('095f170e998c5e1b0825bbac51230a0d970576695a5b89adb164d60304192f36b5bcb6e5c2a7277a', 2, 3, 'Refund', '[]', 0, '2020-05-06 07:23:17', '2020-05-06 07:23:17', '2021-05-06 07:23:17'),
	('0a75908f383fe03a1f81985cfc342a3a6230f5bf0ab8b0d84c6b9a35cef77e0ce9f54758111009ff', 1, 3, 'Refund', '[]', 0, '2020-05-06 07:23:42', '2020-05-06 07:23:42', '2021-05-06 07:23:42'),
	('0b475b5a0233ed0c8721e9ab72a5baf02beea5b9f18e652f4d61a5b024cae9924da91411ce4ccc45', 1, 3, 'Refund', '[]', 0, '2020-05-06 10:09:29', '2020-05-06 10:09:29', '2021-05-06 10:09:29'),
	('0cb9032e2ae0617e7a3a1c216b404bb40e3e96dfde3a76c1be99ae5c09edca220e7ca71c37e991bb', 1, 3, 'Refund', '[]', 0, '2020-05-04 09:16:44', '2020-05-04 09:16:44', '2021-05-04 09:16:44'),
	('0cf2f802185e860b456a123386ab36b99fcbd1577add40e8f270303dddd41e1cfefb343d10d9cc7b', 1, 1, 'Laravel', '[]', 0, '2020-03-04 02:16:51', '2020-03-04 02:16:51', '2021-03-04 02:16:51'),
	('0d52946c68e6b5db8815c20351897b50736e8663977e38b8bf2b90b1649f8f433f3879d99ce8f8cf', 1, 1, 'Laravel', '[]', 0, '2020-01-06 03:54:34', '2020-01-06 03:54:34', '2021-01-06 03:54:34'),
	('0d8e80fe35f54a192b60b2cd606ada0f63e51b83e6611fc87805cb9c3e78227b1a5538bb100d0481', 2, 1, 'Laravel', '[]', 0, '2020-05-02 11:41:06', '2020-05-02 11:41:06', '2021-05-02 11:41:06'),
	('0eed087318ea48f9ee82c37d5d36ae2d0b01a802963f4dfa06a8380a25ad1f43f94ad13399c40485', 1, 1, 'Laravel', '[]', 0, '2020-05-02 18:30:39', '2020-05-02 18:30:39', '2021-05-02 18:30:39'),
	('0f2c73da98167c980f2c6550049b1ee95ded30141cba261768038c174261f0f4d6b5f7cffe4d273f', 1, 1, 'Laravel', '[]', 0, '2020-01-06 04:08:20', '2020-01-06 04:08:20', '2021-01-06 04:08:20'),
	('102d14fe136fb087d49c69d0c1a28e92e91e51be2f5c0bf56d3c99b01f7deaaff85cc67b86c4eb76', 2, 1, 'Laravel', '[]', 0, '2020-03-02 02:24:29', '2020-03-02 02:24:29', '2021-03-02 02:24:29'),
	('1052229ddee491bc3c8100070b9c1fb4876abb888f528061f28f961559f50eee3a1b3761ae0499b5', 1, 1, 'Laravel', '[]', 0, '2020-05-02 16:51:47', '2020-05-02 16:51:47', '2021-05-02 16:51:47'),
	('107eccb27a6c53dc771f289b9cb304f706a0b205181bbfecf2a687670a98c38b5dcfff38357a777d', 1, 3, 'Refund', '[]', 0, '2020-05-06 10:33:25', '2020-05-06 10:33:25', '2021-05-06 10:33:25'),
	('12afc8c859bc746a74e56b06f226e393d2bf814a494d78eb07b5b3a5efbaed55cf3fb552bfc80253', 1, 1, 'Laravel', '[]', 0, '2020-01-06 04:08:17', '2020-01-06 04:08:17', '2021-01-06 04:08:17'),
	('12cfb4451aa2ec1f18de64e031e81715f182878fdffc8cdb935c7a6eb30633c7822c1bc45aa515b6', 1, 1, 'Laravel', '[]', 0, '2020-01-06 03:54:00', '2020-01-06 03:54:00', '2021-01-06 03:54:00'),
	('12f30190da8d6072e0bc87369850b578486ae6e22290691e6cd56b61e27c86abe8a6c23b1218e2d5', 1, 3, 'Refund', '[]', 0, '2020-05-03 16:13:51', '2020-05-03 16:13:51', '2021-05-03 16:13:51'),
	('13400fbf0d73abec749142e899b6433fc9c30c7419a0239f6582135af597b3f5443a8bba93d5b900', 1, 1, 'Laravel', '[]', 0, '2020-01-06 04:08:39', '2020-01-06 04:08:39', '2021-01-06 04:08:39'),
	('13cd50649769efa5491cecb80b4f7da606a74464c6450b0d5b4a7a4b6720ff49ea173f2bbfc7d3d3', 1, 3, 'Refund', '[]', 0, '2020-05-06 10:48:13', '2020-05-06 10:48:13', '2021-05-06 10:48:13'),
	('157bdc5375a8bb1378793832bad8c086b267c9922c08a71ff419aa7823cd90343a50eac99fcbd978', 2, 1, 'Laravel', '[]', 0, '2020-05-02 20:02:37', '2020-05-02 20:02:37', '2021-05-02 20:02:37'),
	('1827a74e27309c05ca828e6b551077fc1391d87660ef62f0f7eb3adf5e597332fa66eb2c4905d884', 1, 1, 'Laravel', '[]', 0, '2020-01-06 03:54:36', '2020-01-06 03:54:36', '2021-01-06 03:54:36'),
	('186f356f9218131981ad6afebd48c83566ed1bb6523eb927f2f94d91bcb51caf01067d137d811450', 1, 3, 'Refund', '[]', 0, '2020-05-05 04:58:06', '2020-05-05 04:58:06', '2021-05-05 04:58:06'),
	('1ad0f9175ea3497f14472d24c8ad63d8b2dbfc95306e0d695ae1e55db4054a2f801ece7963fa6f58', 1, 1, 'Laravel', '[]', 0, '2020-03-05 08:49:05', '2020-03-05 08:49:05', '2021-03-05 08:49:05'),
	('1ad604cb39494783a242372097d237ded1c46a1609c68ead9684b092cb967a50d8384ecb49c3599a', 1, 1, 'Laravel', '[]', 0, '2020-05-02 17:02:21', '2020-05-02 17:02:21', '2021-05-02 17:02:21'),
	('1bb1797e970bc8aae3a76ee20bb6ae68352e1a510dfc2dfb2d66bcfc82203fa81ad9d4e81b608c1b', 1, 1, 'Laravel', '[]', 0, '2020-05-02 15:07:11', '2020-05-02 15:07:11', '2021-05-02 15:07:11'),
	('1ca0bc256aebe5b8e19dd00338c0d7badea69560cbc02fdb7b76a96baaf094bc472932d9c1e18995', 2, 1, 'Laravel', '[]', 0, '2020-03-02 02:35:18', '2020-03-02 02:35:18', '2021-03-02 02:35:18'),
	('1d859da5faf1a3a6e213c93bef7a72d224648843db96ad6673cf84dd41e0d4dd70c7ff23bee93eeb', 2, 1, 'Laravel', '[]', 0, '2020-05-02 17:51:36', '2020-05-02 17:51:36', '2021-05-02 17:51:36'),
	('1e62fb6fe0d6a59762ad977112138d056b7a9078183055001bb61b22682b5ed3563ce3dd4fd5aec6', 2, 1, 'Laravel', '[]', 0, '2020-03-03 06:58:55', '2020-03-03 06:58:55', '2021-03-03 06:58:55'),
	('1e701feb8490743f981347c3e8f422e7ef47549ac0c8f78ea28ece6dbc02f4c2cf201ea5a504b84f', 2, 3, 'Refund', '[]', 0, '2020-05-04 09:14:23', '2020-05-04 09:14:23', '2021-05-04 09:14:23'),
	('1faf228a8fd99b5553dad2ca1918b99fb37497e601c01fadd3ad2ae68674998bef5e899ae2f907a2', 1, 3, 'Refund', '[]', 0, '2020-05-06 10:29:56', '2020-05-06 10:29:56', '2021-05-06 10:29:56'),
	('2094027a9d498454929babd6b252de0a584fa504ab06de2943f156aae1880d3fcd2ffe41c124193d', 2, 1, 'Laravel', '[]', 0, '2020-03-04 01:42:57', '2020-03-04 01:42:57', '2021-03-04 01:42:57'),
	('210d1550bef41f00358c97e6ce6cfa800cbd8a1d186e9c1cff737f96ae3865c50227646aa906e0f5', 2, 1, 'Laravel', '[]', 0, '2020-03-11 03:30:46', '2020-03-11 03:30:46', '2021-03-11 03:30:46'),
	('2353ae11b023e0b79a4266d23e0495f350ad882ed65b744f591e9fada161b78198d591ed7a01c588', 1, 1, 'Laravel', '[]', 0, '2020-05-02 18:13:07', '2020-05-02 18:13:07', '2021-05-02 18:13:07'),
	('23f64741e04a2d62a2b25ec0ce68848eebb2b0a8b7e1494b3a9fb8f6672bbd3d66293dfbcf5d8c7c', 1, 1, 'Laravel', '[]', 0, '2020-01-06 04:04:24', '2020-01-06 04:04:24', '2021-01-06 04:04:24'),
	('25c7efd2a1fde6006fc8c03e62a3776c5550efd884efadfe6b9aaa92971b518411619992a1f2f1a2', 1, 2, NULL, '[]', 0, '2019-12-26 07:44:49', '2019-12-26 07:44:49', '2020-12-26 07:44:49'),
	('26e2ef51d7954f77e4703df924dfb8cc92f7526a75b7a7294bc8a045091de65b466447afbfaceb62', 1, 1, 'Laravel', '[]', 0, '2020-05-02 16:53:17', '2020-05-02 16:53:17', '2021-05-02 16:53:17'),
	('27aeff5a4b060de16b835c05677033389e04a8955c2d350dd26cf2d037fd3d66bd2f5f6774115af1', 1, 3, 'Refund', '[]', 0, '2020-05-06 10:24:46', '2020-05-06 10:24:46', '2021-05-06 10:24:46'),
	('2869d20a2e429fac7e09ecbe62b243f3c4e882c4c3b7961ba42c37639858256966d434d83feda29e', 1, 1, 'Laravel', '[]', 0, '2020-01-06 04:04:29', '2020-01-06 04:04:29', '2021-01-06 04:04:29'),
	('28da955b5c2fa55866a2df7a83cc5eb2982cf16b9c2f54e62cf0600bab6a95b3831dbb7b9c4132fe', 2, 1, 'Laravel', '[]', 0, '2019-12-27 01:09:38', '2019-12-27 01:09:38', '2020-12-27 01:09:38'),
	('29738b30bca41a9e0010bc7e0695a1480f2ccdca5690b2d104ec31634a6e9f42c2ee0d9f4378f4e4', 1, 1, 'Laravel', '[]', 0, '2020-01-06 03:57:23', '2020-01-06 03:57:23', '2021-01-06 03:57:23'),
	('2a25e18b1a94f7ae4688d12e5c701b2c0f542472caf5cbd1c623aff8682bbca2ef993eb711729d52', 1, 1, 'Laravel', '[]', 0, '2020-01-06 03:56:25', '2020-01-06 03:56:25', '2021-01-06 03:56:25'),
	('2a395ddf9cbef8071241c1f635ca76d47c5fbec58891e6a032783f2a4c7f245027848816adb53a4f', 1, 3, 'Refund', '[]', 0, '2020-05-04 08:15:20', '2020-05-04 08:15:20', '2021-05-04 08:15:20'),
	('2a69e6d6aea5b5c1fdcebeeb730e376fe28a1c70aa10678c61e1bc9f0d073ca4f4931cdda3d7b63d', 2, 1, 'Laravel', '[]', 0, '2020-03-02 02:36:47', '2020-03-02 02:36:47', '2021-03-02 02:36:47'),
	('2a773933cf29b0f805e01bd4d1ea73a506dd90c38335f2d5f836a53b760e807eb7ccd55ee74340f3', 1, 1, 'Laravel', '[]', 0, '2020-05-03 10:40:35', '2020-05-03 10:40:35', '2021-05-03 10:40:35'),
	('2a81837c4510192c1d4200a4b21b3ae1b87dd27af3647b7d592c128011d29d63b4a48507be9875f9', 2, 1, 'Laravel', '[]', 0, '2020-03-04 01:48:20', '2020-03-04 01:48:20', '2021-03-04 01:48:20'),
	('2c9fc22fd3bf8040abe9db1b9996bdc407b9a7212429f5c2af3051b5a602885874828801bce94f28', 2, 1, 'Laravel', '[]', 0, '2020-05-02 03:30:06', '2020-05-02 03:30:06', '2021-05-02 03:30:06'),
	('2dfadc77b46fed5c4b3b1c6b0a7382dc5106ca65228f8581d25ba02b4a4b7ffd4a41a2eb2a8ac4d8', 2, 1, 'Laravel', '[]', 0, '2020-03-03 02:27:58', '2020-03-03 02:27:58', '2021-03-03 02:27:58'),
	('2f49741e0cb1df5c8edd8dd40dd62a657a2aad74bc6c5d4a71a07f7252f56806de2f01a77ef195cb', 1, 1, 'Laravel', '[]', 0, '2020-05-02 17:32:43', '2020-05-02 17:32:43', '2021-05-02 17:32:43'),
	('300bc05e701381d02694a2ffdb9011a61a6a0f809ac6e56ad8501d4f3d83e8f58a727fc1ebee367e', 1, 1, 'Laravel', '[]', 0, '2020-05-02 17:07:33', '2020-05-02 17:07:33', '2021-05-02 17:07:33'),
	('31ca900fc4f5681554c3fb4f3b3523067cefdddc80b4b2f1700c834a6f53e6f7e80d85fb515bbebe', 1, 1, 'Laravel', '[]', 0, '2020-03-06 06:12:19', '2020-03-06 06:12:19', '2021-03-06 06:12:19'),
	('3205fa3a681e401e1a7ee4440773abcf1aeb5d4acc95accddbfbe65c4fbc7327e5f7ba8eb2d2247f', 3, 3, 'Refund', '[]', 0, '2020-05-04 09:12:15', '2020-05-04 09:12:15', '2021-05-04 09:12:15'),
	('344e04f463d34d0fcc215ee0e96d44956e29357b303f87146682175bcd83376633099d3aa957b612', 2, 1, 'Laravel', '[]', 0, '2020-03-03 06:57:51', '2020-03-03 06:57:51', '2021-03-03 06:57:51'),
	('34711a79abc7e7244d7224c222b710a434488bc7a6c4c4d7d3b6c0bc932763b2c4c7a7617c5020f3', 2, 1, 'Laravel', '[]', 0, '2020-01-06 03:54:07', '2020-01-06 03:54:07', '2021-01-06 03:54:07'),
	('371ecb50b83d3d0c1f97efe30d75d5bcbb44c7315b81481df6e09e9743337c34c800792cfd8abaf2', 1, 2, NULL, '[]', 0, '2019-12-26 08:06:28', '2019-12-26 08:06:28', '2020-12-26 08:06:28'),
	('373b0bae4abaeb91efea79f4fa9a7a403c022711a9e8950a3d0b4283222bdb6478db7dc173869b5c', 1, 1, 'Laravel', '[]', 0, '2020-01-06 04:08:37', '2020-01-06 04:08:37', '2021-01-06 04:08:37'),
	('37791ef4b6fa94536f5d457a70c637b7f6cf2ae982e60559e59da1dad1f3c621d5e08a0e1c1d03cf', 1, 3, 'Refund', '[]', 0, '2020-05-04 09:40:44', '2020-05-04 09:40:44', '2021-05-04 09:40:44'),
	('383295e62847518408bd0eb4fcbf5d0ddf36339baf294b8f62ed014ecfc3119905fd57f616e721c8', 1, 1, 'Laravel', '[]', 0, '2020-01-06 04:08:37', '2020-01-06 04:08:37', '2021-01-06 04:08:37'),
	('390851d3bb258d1f69d47c8f5ec87ddc869c8b0f1a9cb010d149ba5eb5e8c8be054c6d08b594be64', 1, 3, 'Refund', '[]', 0, '2020-05-06 10:07:05', '2020-05-06 10:07:05', '2021-05-06 10:07:05'),
	('3916cb5ce8720856ebf4013ce7645fd7a840a4e21ee6aa4df062280265cf23820b64f74839703f52', 1, 1, 'Laravel', '[]', 0, '2020-05-02 17:51:16', '2020-05-02 17:51:16', '2021-05-02 17:51:16'),
	('391cc9402b703fb96a5478212cec01718f396689ff8d832aceb850258af11e4209ccf97ca1d2cfcc', 1, 3, 'Laravel', '[]', 0, '2020-05-03 15:02:20', '2020-05-03 15:02:20', '2021-05-03 15:02:20'),
	('3b29e38f9f6f4a9af7169e04f89ae01b1b178c598b197a22823d66c3e111afe454906ca95c94cf85', 1, 2, NULL, '[]', 0, '2019-12-26 09:28:56', '2019-12-26 09:28:56', '2020-12-26 09:28:56'),
	('3b2c120217a418c5b4576180c7a0a5d6c9895498d326215a59ee50c917b4a9957ae42c6885e20683', 1, 1, 'Laravel', '[]', 0, '2020-01-06 04:08:20', '2020-01-06 04:08:20', '2021-01-06 04:08:20'),
	('3b352e1659803ffe66f69776acdfca85731a563c6b85c8b023dd02d0336576abcaf499c0e0bad956', 1, 1, 'Laravel', '[]', 0, '2020-01-06 03:56:07', '2020-01-06 03:56:07', '2021-01-06 03:56:07'),
	('3ba8a6b82f957caf97588ec662bb306daf17a37dfb0da907413c2cd6e20b82947194d589d8110e06', 2, 1, 'Laravel', '[]', 0, '2020-05-02 17:09:29', '2020-05-02 17:09:29', '2021-05-02 17:09:29'),
	('3ca345fc875f70486f3050ff2af206d48cb42607e5df74f4d75c7365ec2e5ee6e227baa02e51476b', 2, 1, 'Laravel', '[]', 0, '2020-04-21 02:01:53', '2020-04-21 02:01:53', '2021-04-21 02:01:53'),
	('3d6e531074b4f955c943b4e12005b1ccf04b2b3f0cb68f0d76cc5e308e43b94762d0afa85d58e749', 1, 1, 'Laravel', '[]', 0, '2020-05-02 19:17:19', '2020-05-02 19:17:19', '2021-05-02 19:17:19'),
	('3ea7b2cce29ab782baa14527fce7210e49a9fdbb97ff3f688c6597f323d6ddb5e4184e50ba56e417', 3, 3, 'Refund', '[]', 0, '2020-05-04 10:08:26', '2020-05-04 10:08:26', '2021-05-04 10:08:26'),
	('3f1ca5ad33d334eda9077ecae64861d018093d83113f3eff3769359cf9d44143b7b1cfd48514fee1', 2, 1, 'Laravel', '[]', 0, '2020-03-04 08:05:01', '2020-03-04 08:05:01', '2021-03-04 08:05:01'),
	('3f288e39d3bd88797abd03c112e0154b954e6e2a619e11cda71aa24463d8751aaebb08f02bb2d247', 1, 1, 'Laravel', '[]', 0, '2020-05-02 17:12:44', '2020-05-02 17:12:44', '2021-05-02 17:12:44'),
	('40f2ead59ddf10ab906177ac44847797ab8905335e0de316bc265eb1a11fe199d83726234efd7133', 1, 1, 'Laravel', '[]', 0, '2020-05-03 11:13:17', '2020-05-03 11:13:17', '2021-05-03 11:13:17'),
	('439a682a626f11102e45e88677fdceef641bfda989a2be8345359e0688b8b6b3c862858d94a490fb', 2, 1, 'Laravel', '[]', 0, '2020-03-03 04:19:20', '2020-03-03 04:19:20', '2021-03-03 04:19:20'),
	('44406ff9dd3893002d5f9cb628b629375ec5e02108fa26ae5af5d7cc33d8a8633b5e20ab34b5ea16', 1, 3, 'Refund', '[]', 0, '2020-05-06 07:02:31', '2020-05-06 07:02:31', '2021-05-06 07:02:31'),
	('44a411cddf7297a8ee01b99774485f39961b88e82ad7bd33b8186c9ed821a5c387800a38e2f24bac', 1, 1, 'Laravel', '[]', 0, '2020-01-06 03:53:59', '2020-01-06 03:53:59', '2021-01-06 03:53:59'),
	('4680184a91dc31200b6f1e00d039bd0a7ccfca53f9530d417684626bf6a380458be658c1b037bd03', 2, 1, 'Laravel', '[]', 0, '2020-05-02 17:42:23', '2020-05-02 17:42:23', '2021-05-02 17:42:23'),
	('475ec490c5508fbf87d19bd50bdb17a709a17c26e386507746dde94c9c5448014d9c4f451aa8d02f', 2, 1, 'Laravel', '[]', 0, '2020-03-05 09:09:03', '2020-03-05 09:09:03', '2021-03-05 09:09:03'),
	('478f7338c9c5950273b2d232f6c854bfa46f59d2b5866803c946b20ec32896ecbbdeeeb915c3f94f', 2, 1, 'Laravel', '[]', 0, '2020-05-01 17:39:01', '2020-05-01 17:39:01', '2021-05-01 17:39:01'),
	('49405b939eac65046d8f6d50dc4896f1ed8c8198e435694ce6ee21fa5c60c5926505c583942d07fe', 1, 1, 'Laravel', '[]', 0, '2020-03-04 02:04:53', '2020-03-04 02:04:53', '2021-03-04 02:04:53'),
	('4955994dda9538cbe2d183fceb6c32b3fada9e27f33cd107a51a8418c68c9320a478f8ee24171b10', 1, 1, 'Laravel', '[]', 0, '2020-01-06 04:08:16', '2020-01-06 04:08:16', '2021-01-06 04:08:16'),
	('497809afaaad1c5c40351e51751b1a20c4e05c81e4e06c0e60493ef0134d46a9fbe4536c2c9ad8fa', 1, 3, 'Laravel', '[]', 0, '2020-05-03 14:43:54', '2020-05-03 14:43:54', '2021-05-03 14:43:54'),
	('4a5b3ea9e0a230eb0112a391d9a56a395f9ef59fbbc5c8ffe8041928d3ce11eb4e28d6bd54f06989', 1, 3, 'Refund', '[]', 0, '2020-05-04 08:24:30', '2020-05-04 08:24:30', '2021-05-04 08:24:30'),
	('4a5d86f4cffca2076a755e8658713782f1e225e7677a2a99d85fceaec7fd1ba7c546443cf605655b', 2, 1, 'Laravel', '[]', 0, '2020-03-03 07:27:35', '2020-03-03 07:27:35', '2021-03-03 07:27:35'),
	('4ad3ebcee59d3d0ef83c9ad95928810ce60c67f5ec5156fe40e75cff04240c60b2b057aadf5a263b', 1, 1, 'Laravel', '[]', 0, '2020-01-06 03:55:59', '2020-01-06 03:55:59', '2021-01-06 03:55:59'),
	('4b5d76698b28e6b833ddfa081500e53961042f8cef6224861d47199a64ef6ce5d9ca9278170a0b0b', 1, 1, 'Laravel', '[]', 0, '2020-01-06 04:00:23', '2020-01-06 04:00:23', '2021-01-06 04:00:23'),
	('4c6b981b4772ab6263b7c7979418ec14c922b4ec93b4966d5137d40bdd01f67d619a020e568fb0ab', 2, 1, 'Laravel', '[]', 0, '2020-04-15 06:27:51', '2020-04-15 06:27:51', '2021-04-15 06:27:51'),
	('4dc85ba3a4caf03df9da4923a678f9e69a939a8d79891cae27c0fb9fdb6553b6626c46b0522a36a0', 2, 1, 'Laravel', '[]', 0, '2020-05-02 19:11:22', '2020-05-02 19:11:22', '2021-05-02 19:11:22'),
	('4e06dcf5dd8071cd50b15b03780e719d8b359b2f6d272a4ea92e8eb4b820e46980b08767a2627ace', 2, 1, 'Laravel', '[]', 0, '2020-05-02 18:59:07', '2020-05-02 18:59:07', '2021-05-02 18:59:07'),
	('4ee56af08df50121348c5c1a0da5e6cd8e56fe80f93beed2d69bd47ae9aa12809efb841bd43c09b9', 1, 3, 'Refund', '[]', 0, '2020-05-06 09:57:40', '2020-05-06 09:57:40', '2021-05-06 09:57:40'),
	('4fe489bf76c7fcd2fb18349017e4547725ef4f4b32cce0bb95047db2fa9451a10f0936c039abbb08', 1, 1, 'Laravel', '[]', 0, '2020-05-02 17:07:25', '2020-05-02 17:07:25', '2021-05-02 17:07:25'),
	('501859d02d5afed3e33c3508007f272bd94169074bc21cbe2391a42aa4336957ae48ce0c83b337db', 1, 1, 'Laravel', '[]', 0, '2020-01-06 04:08:18', '2020-01-06 04:08:18', '2021-01-06 04:08:18'),
	('50d59a7e4e8e5487c7900ddee3d171960b26d968a3ac20ff64f135331fa2f4ee913d4f5cfe34713d', 1, 1, 'Laravel', '[]', 0, '2020-05-02 18:23:12', '2020-05-02 18:23:12', '2021-05-02 18:23:12'),
	('53d67321fb06e16feaffae33a3e15fd10cd39494717a36918b345f15da88b96aedafb2b43e63771e', 1, 1, 'Laravel', '[]', 0, '2020-01-06 03:55:09', '2020-01-06 03:55:09', '2021-01-06 03:55:09'),
	('54ea4ec50f9d380775042e5fd05f61be94268f398af618bee4181e30d60ed0d406e276a25cc30cdc', 1, 1, 'Laravel', '[]', 0, '2020-01-06 03:57:22', '2020-01-06 03:57:22', '2021-01-06 03:57:22'),
	('556ef5f2e5a54a59a6c71e93a0aca601b3f3f237d7ccc8ff0e1e483bb5c035fb3d81db7f65aa9386', 2, 3, 'Refund', '[]', 0, '2020-05-05 04:12:04', '2020-05-05 04:12:04', '2021-05-05 04:12:04'),
	('55be0d9529258c196cbdaa7a9702c5e8108799db86b6c73115db04a0e6fe7e0375d6aa1f59ad5753', 2, 3, 'Refund', '[]', 0, '2020-05-05 03:56:26', '2020-05-05 03:56:26', '2021-05-05 03:56:26'),
	('55e3e4481b6c86faa210c62f92b126c809b9d7a674787211519d2c0ac0588f071761790712440d62', 3, 3, 'Refund', '[]', 0, '2020-05-04 09:43:25', '2020-05-04 09:43:25', '2021-05-04 09:43:25'),
	('560cb399f76425331e448e3795f2cfdb7b863cd395799b0fd9e54d6e146e38eb0622425df2d75273', 1, 1, 'Laravel', '[]', 0, '2020-01-06 03:55:46', '2020-01-06 03:55:46', '2021-01-06 03:55:46'),
	('5627f0cfabc33c030a45433b76a3eecfad1453c1c33f49726e477f8fa282847640be68f748175378', 2, 1, 'Laravel', '[]', 0, '2019-12-27 02:48:09', '2019-12-27 02:48:09', '2020-12-27 02:48:09'),
	('56b8a57f3b56825bb9b0895141907cbbbc552d396e82a5e5eb67c0b6fdf0bc87080f25c5c32529fc', 1, 1, 'Laravel', '[]', 0, '2020-01-06 04:04:24', '2020-01-06 04:04:24', '2021-01-06 04:04:24'),
	('56fc6d6ea7745b54ad3abbbc79fd79a2951757de72df18b0967f85aad2054e31c68173ca72f1b116', 1, 1, 'Laravel', '[]', 0, '2020-05-03 10:37:12', '2020-05-03 10:37:12', '2021-05-03 10:37:12'),
	('58251b9f0814527d3b04eea1361a40c6a25cb65193e93dedd8c3c658852785089721b5fecbece58b', 1, 3, 'Refund', '[]', 0, '2020-05-06 19:41:15', '2020-05-06 19:41:15', '2021-05-06 19:41:15'),
	('587946a4e394e077faacb51fc95ebb01caff5b82c109ad1fb78dd586ef10d1aafa0c02f28298dcde', 1, 1, 'Laravel', '[]', 0, '2020-01-06 04:08:18', '2020-01-06 04:08:18', '2021-01-06 04:08:18'),
	('592bf9215f7500e5cc20abe7b1dc19c9312b4e3c16a42d8b7c313ba6974748b475dc5b7ce85661ea', 2, 1, 'Laravel', '[]', 0, '2020-03-12 07:05:59', '2020-03-12 07:05:59', '2021-03-12 07:05:59'),
	('59bec2689b90e584c873a8f3add78f907b369564e97b7f0c0cd33fbd9e6f17f43d2ebbc91f6a932d', 1, 3, 'Refund', '[]', 0, '2020-05-06 10:09:39', '2020-05-06 10:09:39', '2021-05-06 10:09:39'),
	('59beddf5f16e14cfa88ebd4e89adc12ca111222c8593d3892b22c2c37d6e7501b2ec024916e472ed', 1, 3, 'Refund', '[]', 0, '2020-05-06 10:31:22', '2020-05-06 10:31:22', '2021-05-06 10:31:22'),
	('5acaccbc4389afcbcb4d6f35f352d9792b3e69a076c244f7d75b338d89c0308a7ca439efaa412734', 2, 3, 'Refund', '[]', 0, '2020-05-06 07:17:11', '2020-05-06 07:17:11', '2021-05-06 07:17:11'),
	('5bd05c78277d19d3dd8c410404a98a0df364ae8c69425f46106215a0009476ac13e3840de524eb53', 2, 1, 'Laravel', '[]', 0, '2020-05-02 17:40:01', '2020-05-02 17:40:01', '2021-05-02 17:40:01'),
	('5bfd2ecc65ad2bd4a38da3c1aab6165f16baa32c7b8fe3b5d9879b1475c3c430eaef01e0e838acce', 2, 3, 'Refund', '[]', 0, '2020-05-06 07:23:52', '2020-05-06 07:23:52', '2021-05-06 07:23:52'),
	('5d3a83a271f07abe8824332311ca1f343017d29edcf640ab57ffc09d4d18e2022a462122a5ae5e17', 1, 3, 'Refund', '[]', 0, '2020-05-09 16:32:58', '2020-05-09 16:32:58', '2021-05-09 16:32:58'),
	('5d86d3a77e23bdfea4e182fa4bb2ec309ce57fa4f75c52263ea91bb51d7906ee4add1b4154161026', 2, 1, 'Laravel', '[]', 0, '2020-03-10 08:12:59', '2020-03-10 08:12:59', '2021-03-10 08:12:59'),
	('5f36821cc2474f46369e068e1d9e0e380462a2a6ec1f22d00d889bbe394e6cbd5b15d1eebfdfb10f', 1, 1, 'Laravel', '[]', 0, '2020-01-06 04:08:17', '2020-01-06 04:08:17', '2021-01-06 04:08:17'),
	('5fccaaec12e16068008ff73be4308a7e1956a68a241a869366e15b16c929c9361fcf76352f376fe6', 2, 1, 'Laravel', '[]', 0, '2020-03-02 08:14:09', '2020-03-02 08:14:09', '2021-03-02 08:14:09'),
	('60a51eb8ea608637d18d3f7178e496feb0ec54304d7d593222cdd6d61acde910ec8ac257f37a5b7a', 1, 1, 'Laravel', '[]', 0, '2020-05-03 13:17:37', '2020-05-03 13:17:37', '2021-05-03 13:17:37'),
	('61b172024365fee7af46c983901f59f2715332b578203cbbeb0b771ccd98662a5a21f5622f982888', 1, 3, 'Refund', '[]', 0, '2020-05-06 10:32:11', '2020-05-06 10:32:11', '2021-05-06 10:32:11'),
	('62e9cd18556c0d430c23dcaaea7a039678aa1db34b6cf608390cbd81be19822f41ceed9c3ee53089', 2, 1, 'Laravel', '[]', 0, '2020-04-09 02:20:57', '2020-04-09 02:20:57', '2021-04-09 02:20:57'),
	('63c30c36c96970742d90b85faf4db6d4ec2482ea81a29e68ed0cd75660d3be3b0192d481de5371ea', 1, 3, 'Refund', '[]', 0, '2020-05-06 10:32:53', '2020-05-06 10:32:53', '2021-05-06 10:32:53'),
	('664cda5e0fbc61c98416d091a8519d50d2a3b51e29e8f8bda9ff237d81a5d99455d7a0f61d07586d', 1, 2, NULL, '[]', 0, '2019-12-26 02:19:31', '2019-12-26 02:19:31', '2020-12-26 02:19:31'),
	('665d549029842ebc710b19d5056f4c8c13e9ea336e5a9af6b18cbe5ad86662e3a2f7caec46aa3bcc', 1, 3, 'Refund', '[]', 0, '2020-05-08 14:18:17', '2020-05-08 14:18:17', '2021-05-08 14:18:17'),
	('66a0cfef02fb0570b862017874701ac2ed9f00a512deff2c302d7bdf3f26f640d37cc01f1990f2d0', 1, 1, 'Laravel', '[]', 0, '2020-03-04 08:36:06', '2020-03-04 08:36:06', '2021-03-04 08:36:06'),
	('66a286e5b560b86a6e21e87af14c2e6ae937757ac5240317229f8f0776c8d98879bb1dbdcd0f43d1', 3, 3, 'Refund', '[]', 0, '2020-05-04 13:30:00', '2020-05-04 13:30:00', '2021-05-04 13:30:00'),
	('671042faa588d523cc3b9083fed78e5e50f35a3cc94516954c74bf868ac5da1a9ece2bcbe24af92e', 2, 1, 'Laravel', '[]', 0, '2019-12-27 02:27:01', '2019-12-27 02:27:01', '2020-12-27 02:27:01'),
	('67f1c3a93a173375543c5c614ba119054ab96f8dec983518e6d251d2ffca258b2c4c92b677d75921', 1, 3, 'Laravel', '[]', 0, '2020-05-03 14:53:19', '2020-05-03 14:53:19', '2021-05-03 14:53:19'),
	('68b0105ebd7031b90c99a70cade436f3c0c6cb5686cc5d0493ccb4244cdc720f641ad8bb0bd32dfb', 1, 1, 'Laravel', '[]', 0, '2020-01-06 04:08:21', '2020-01-06 04:08:21', '2021-01-06 04:08:21'),
	('6ab923028505420d17f60bff6ea6f741fd61090aff78e2e3faf025534d2b805d6ee243cba078e6e5', 2, 1, 'Laravel', '[]', 0, '2020-01-06 03:54:08', '2020-01-06 03:54:08', '2021-01-06 03:54:08'),
	('6afa0ae13ca86e482994ad0f01609133d5763627194d1e08fcabeb884fb83c60cd9fe098891b3650', 2, 3, 'Refund', '[]', 0, '2020-05-04 10:04:16', '2020-05-04 10:04:16', '2021-05-04 10:04:16'),
	('6b36d5fb5da1063d3245ff32e6fd71d0163f24af4bf5ec9fce146eaf3eb16c938983dd3fd8960146', 1, 1, 'Laravel', '[]', 0, '2020-01-06 04:08:19', '2020-01-06 04:08:19', '2021-01-06 04:08:19'),
	('6c7f4891a88c960744641b3677a18bade6a84570e5d386c336e5e5f7dbca4b7260b0aba28afa3b44', 2, 1, 'Laravel', '[]', 0, '2020-03-02 02:36:48', '2020-03-02 02:36:48', '2021-03-02 02:36:48'),
	('6d16767bffbeb59430d05f58f5f9406501a3899be27a1d061ed3b0b3ad6de952ae50e5bbbd0d0bfc', 1, 1, 'Laravel', '[]', 0, '2020-01-06 03:53:41', '2020-01-06 03:53:41', '2021-01-06 03:53:41'),
	('6d2a2c16f96a5543864aee14b7bb2bf3cce12403d61fd6a789178eb07f61175469ca2817fee8a646', 1, 3, 'Refund', '[]', 0, '2020-05-04 09:39:27', '2020-05-04 09:39:27', '2021-05-04 09:39:27'),
	('6e84e29bfa56fb918ed6b97fc033ffcad0bb63717962e80e6e5418914356eee747191c9053271072', 1, 1, 'Laravel', '[]', 0, '2020-01-06 03:54:35', '2020-01-06 03:54:35', '2021-01-06 03:54:35'),
	('6fce3bd364d20e370039cc574bbec85044b8794d4482ce87120acf0cf7032bdd2664b0668d161bd9', 1, 1, 'Laravel', '[]', 0, '2020-05-03 14:13:26', '2020-05-03 14:13:26', '2021-05-03 14:13:26'),
	('727a06cf4d85c9e1fb08864e8a5a39526443186074215383b4513ff150cf6e79192c3052609f76d7', 1, 1, 'Laravel', '[]', 0, '2020-05-02 17:13:50', '2020-05-02 17:13:50', '2021-05-02 17:13:50'),
	('742077ba158a620df75e7eb90eaf4332593fbedc7963df881fed1c448e3c8da4978da4e0b40f719b', 2, 1, 'Laravel', '[]', 0, '2020-03-02 02:36:18', '2020-03-02 02:36:18', '2021-03-02 02:36:18'),
	('74563a9a32f7b5dbe13e667badc9b1c9031867f0338949bd375bcb135e1b6cbf4bec9c6f6f7e2e2e', 3, 3, 'Refund', '[]', 0, '2020-05-04 13:18:17', '2020-05-04 13:18:17', '2021-05-04 13:18:17'),
	('752bb65f29b7cc0ebe049a1594f5dccee5a36ac52c98788a2587d5df5f0f5ea4968c280187737305', 2, 1, 'Laravel', '[]', 0, '2020-05-02 17:09:18', '2020-05-02 17:09:18', '2021-05-02 17:09:18'),
	('7618807fcb6b0b61de59231f57e7b81b5b7e31d42927e026cf55382e42cfc8541f59c2d3e60f5019', 2, 1, 'Laravel', '[]', 0, '2020-03-04 01:46:37', '2020-03-04 01:46:37', '2021-03-04 01:46:37'),
	('766443607ec058045336958a7408dac4253d4f18162206254fba1ac0149d9c0e01c2c772f5ace2e3', 1, 1, 'Laravel', '[]', 0, '2020-01-06 04:04:25', '2020-01-06 04:04:25', '2021-01-06 04:04:25'),
	('778c47be836cd48aee6474e56df228bbcb9b7ee35e34c7fff47112b3d7474f84c0535693d0ac9bc7', 1, 3, 'Refund', '[]', 0, '2020-05-06 10:26:04', '2020-05-06 10:26:04', '2021-05-06 10:26:04'),
	('77f72a45e3946b01f020f0c9cf71e9efbf5a0b2dc2843451ec18f8809babfe43af1e242cf5b192a6', 1, 1, 'Laravel', '[]', 0, '2020-05-02 15:05:32', '2020-05-02 15:05:32', '2021-05-02 15:05:32'),
	('7880faca73d3e2730b59cc388b6a5f2faae2c289da49d1716e4228f02c16c7a0aa812ff2050bf576', 2, 1, 'Laravel', '[]', 0, '2020-03-06 02:00:19', '2020-03-06 02:00:19', '2021-03-06 02:00:19'),
	('789c21e9111e0a823e5d39f5ec870dde55835df43073538306450d12f74a8b896a066f13200ec196', 1, 2, NULL, '[]', 0, '2019-12-26 07:50:06', '2019-12-26 07:50:06', '2020-12-26 07:50:06'),
	('78afa159f7990139f1b32e13fb2ad7c96f7bfec731efc081f2fd358bdd644523c57972360887ac17', 1, 1, 'Laravel', '[]', 0, '2020-01-06 03:57:21', '2020-01-06 03:57:21', '2021-01-06 03:57:21'),
	('7a720f7053b440adb40503aabd080e282c3ca969dff0e46609ef297db7baed0d31d6cb08fa502113', 2, 3, 'Refund', '[]', 0, '2020-05-03 16:16:04', '2020-05-03 16:16:04', '2021-05-03 16:16:04'),
	('7b81d305cad2454b2072af3a05f9bcde6928779080a4b5e1e412aec3f0d6d53fa0d816cec4b7ce92', 1, 3, 'Refund', '[]', 0, '2020-05-05 12:43:45', '2020-05-05 12:43:45', '2021-05-05 12:43:45'),
	('7bde60ab2574c5cf7cbc049188ed2d4dc8aca71a38654ea15601496f81fb3ebdd2827cf623a27f42', 1, 1, 'Laravel', '[]', 0, '2020-05-02 17:06:07', '2020-05-02 17:06:07', '2021-05-02 17:06:07'),
	('7c01876c435172787b7d1c96b817e2c275ac561130525728aad5ce09df34fc2718274c4851f91799', 1, 1, 'Laravel', '[]', 0, '2020-05-02 18:12:02', '2020-05-02 18:12:02', '2021-05-02 18:12:02'),
	('7c3964f1a6c1968f4214b3091c81edcab8a316af600f6d85a9796ae3091d191bd588aa51a59bdd16', 2, 1, 'Laravel', '[]', 0, '2020-01-06 04:11:14', '2020-01-06 04:11:14', '2021-01-06 04:11:14'),
	('7c567406be073db22277e6a12027b2b97d5f7016d55ade40dc8769aad755a6b0a708fed13b3bd555', 2, 1, 'Laravel', '[]', 0, '2020-03-03 06:43:01', '2020-03-03 06:43:01', '2021-03-03 06:43:01'),
	('7cbab2ffe6cd16ca86739a32806d733b1560027234a56e7fe8df883ca77a92709edf1e9609d6b7f9', 1, 3, 'Refund', '[]', 0, '2020-05-06 10:28:49', '2020-05-06 10:28:49', '2021-05-06 10:28:49'),
	('7d9d4a8f68eb3f3addbd9cdf36107edf50a2942168e952150ae46b911aa002c1f0decbdbff6d1945', 1, 1, 'Laravel', '[]', 0, '2020-04-07 07:37:18', '2020-04-07 07:37:18', '2021-04-07 07:37:18'),
	('7dab3837fc9f428e45360724d40c30cd635f5881856e59d0a2458a886892f2e83ce15fc545105a80', 1, 1, 'Laravel', '[]', 0, '2020-01-06 03:53:58', '2020-01-06 03:53:58', '2021-01-06 03:53:58'),
	('7ec1ecf90b1237f3cf88a8dd042bc125b67ad354f877439e49e5e4f8bc55083c10823090f487e8d3', 1, 1, 'Laravel', '[]', 0, '2020-01-06 04:08:21', '2020-01-06 04:08:21', '2021-01-06 04:08:21'),
	('7f36e1328b7f71d974c1e02686524bdd5cfac2c2d9222944963078479a461aee32639399db0bccd2', 1, 1, 'Laravel', '[]', 0, '2020-01-06 03:55:45', '2020-01-06 03:55:45', '2021-01-06 03:55:45'),
	('7f9ac34f89cba38e40df48a6e7c4e71118c9b62aef89b94a41dc20b74e078eacb2802d91a2dcddcf', 2, 1, 'Laravel', '[]', 0, '2020-03-03 08:28:54', '2020-03-03 08:28:54', '2021-03-03 08:28:54'),
	('809f8f9cd3b25e4e561d0b56ee5da371b6be3d31d3fcae7615501345f27acbf70052facb2dd8bd7b', 2, 1, 'Laravel', '[]', 0, '2020-04-14 04:41:45', '2020-04-14 04:41:45', '2021-04-14 04:41:45'),
	('8113322b6e6674256d9a14f7265d064acb84e5ba95cfae2dd6baa193853ab64b3944f7d2384204ac', 1, 1, 'Laravel', '[]', 0, '2020-03-05 09:08:31', '2020-03-05 09:08:31', '2021-03-05 09:08:31'),
	('81147f13984e741eb45308a9298f4f46ef7c803038b3fcce3d6eb8020d35cb6ad0be815ac8778bb5', 1, 1, 'Laravel', '[]', 0, '2020-03-02 02:23:29', '2020-03-02 02:23:29', '2021-03-02 02:23:29'),
	('82d3f016cc5b33871d63719f45095ee8f090df588242685a8d113dd4ca81fd91cccd22252dd2e3a6', 1, 1, 'Laravel', '[]', 0, '2020-05-02 17:11:29', '2020-05-02 17:11:29', '2021-05-02 17:11:29'),
	('83372fec64917ac6e7de39001ef7a40c40cc208e4a43e8957c7733f7b0a5ec2e9fc202676aa78fad', 1, 3, 'Refund', '[]', 0, '2020-05-06 10:11:02', '2020-05-06 10:11:02', '2021-05-06 10:11:02'),
	('8461b4e48bb020f020f6c4ee23d64a1c2dcf36adf5d1f7fac29579e66210896e3c78a1c0b8eeab08', 2, 1, 'Laravel', '[]', 0, '2020-04-20 03:32:54', '2020-04-20 03:32:54', '2021-04-20 03:32:54'),
	('84da2740a73717550f05256f3330c246bd31bf70fbda24e9577d59cb0e44ba87c8908896012adb13', 1, 1, 'Laravel', '[]', 0, '2020-05-02 16:58:21', '2020-05-02 16:58:21', '2021-05-02 16:58:21'),
	('86ef118f67aaf4ac52f7da633fcf5627dd0955ba61b74c85e30fe5b5faf594684be519d8f6857539', 1, 1, 'Laravel', '[]', 0, '2020-05-02 17:33:22', '2020-05-02 17:33:22', '2021-05-02 17:33:22'),
	('87b22cc9bcd5d9b7de0d38baf58519dbb0b5c0234205141ca77b431fa5451198203ff8bb288dcda6', 2, 1, 'Laravel', '[]', 0, '2020-05-03 13:18:27', '2020-05-03 13:18:27', '2021-05-03 13:18:27'),
	('8d793e15cedf522ecc2c726657f10b0e309c5af8db28ee8bcbc2d22d121413c24bd0f942758a1cfa', 1, 1, 'Laravel', '[]', 0, '2020-01-06 04:08:19', '2020-01-06 04:08:19', '2021-01-06 04:08:19'),
	('8e75f57edc93d79c6ad1f64a47494a61565035f62bf0a8180115fa74d651f0421d84b8a083a2e7ec', 1, 2, NULL, '[]', 0, '2019-12-26 03:46:48', '2019-12-26 03:46:48', '2020-12-26 03:46:48'),
	('8eaaf9e94d88ef51655e25e33c7426f47f95950d62f262e071b89950b9324fea4a334b319be502ec', 1, 1, 'Laravel', '[]', 0, '2020-01-06 04:10:57', '2020-01-06 04:10:57', '2021-01-06 04:10:57'),
	('90d4208e070a71282aa061c4df59765a241d3565a4e460705f20d074e1e2dad72e51a9baf1b36a3f', 1, 1, 'Laravel', '[]', 0, '2019-12-27 02:40:38', '2019-12-27 02:40:38', '2020-12-27 02:40:38'),
	('90e1dc92606400adf777789e15125bd9cfc379aa7eedaf2d427ebf93d4714eff9442caba56c08245', 1, 1, 'Laravel', '[]', 0, '2020-01-06 03:54:00', '2020-01-06 03:54:00', '2021-01-06 03:54:00'),
	('94c8a1faa47cf6a6260aca258288e79f91c76703f4e5b6fcf16843ff90708c17afce624451b438e8', 1, 1, 'Laravel', '[]', 0, '2020-01-06 04:00:22', '2020-01-06 04:00:22', '2021-01-06 04:00:22'),
	('955c5ba6602457bb75aea4aebdbd5ab7a61ddeb761906517349d9e34878ffae02ed99d183f4a4ddf', 1, 1, 'Laravel', '[]', 0, '2020-03-04 02:01:18', '2020-03-04 02:01:18', '2021-03-04 02:01:18'),
	('960508d7772e6d119f6895bbabbe08e0e7af65d076c87927d2b9f1ee5e82269b140b6d547dc2584d', 1, 1, 'Laravel', '[]', 0, '2020-05-02 17:51:49', '2020-05-02 17:51:49', '2021-05-02 17:51:49'),
	('965d7070ff828007646620b457a7d3ed3f0f073e2f8c7efd68f555ebb9c6e8469ee477a74a527506', 2, 3, 'Refund', '[]', 0, '2020-05-06 06:10:55', '2020-05-06 06:10:55', '2021-05-06 06:10:55'),
	('9760ccdd118b6d8992ccd8139e0051c27f306da0b8b0c05ebc81a4bdc0bd9d54babcad60bc969ad3', 1, 1, 'Laravel', '[]', 0, '2020-01-06 04:00:16', '2020-01-06 04:00:16', '2021-01-06 04:00:16'),
	('989da299b479b7e56672a28bc3a8e2514920c9d032839cd9397c17c71434557a06c3970a469751b8', 1, 3, 'Refund', '[]', 0, '2020-05-06 10:26:16', '2020-05-06 10:26:16', '2021-05-06 10:26:16'),
	('98ce6319faaaf9224a88510ea4c8ead74b9ab08f00cd8c1507e1e00cdd3c05eaca4ad183b3db450f', 1, 1, 'Laravel', '[]', 0, '2020-01-06 03:53:47', '2020-01-06 03:53:47', '2021-01-06 03:53:47'),
	('99370bb5baef4edd3a1397084f8fd09eced861f1c85863d8acba4e18d378bbfa68d1d08c74413ae0', 1, 1, 'Laravel', '[]', 0, '2020-01-06 03:53:59', '2020-01-06 03:53:59', '2021-01-06 03:53:59'),
	('9ab2ad9730d3d6896631811a4e3b32a9ce6d6925002d5e48ec4b85d00c9a46a7be3b35978612cca6', 1, 3, 'Laravel', '[]', 0, '2020-05-03 15:03:17', '2020-05-03 15:03:17', '2021-05-03 15:03:17'),
	('9c73adbd103bad585b5e795a7b5157b5a18cbcf40c9ad7f3dc1af01e48f2e2892634f6072173c7ab', 2, 1, 'Laravel', '[]', 0, '2020-04-30 12:52:20', '2020-04-30 12:52:20', '2021-04-30 12:52:20'),
	('9e13d329b509a58db1d8de5f07ee3e3abce142b43d7a6920ca5d492fa0ac3aa0ea62343f0d3c2d59', 2, 3, 'Refund', '[]', 0, '2020-05-03 16:17:59', '2020-05-03 16:17:59', '2021-05-03 16:17:59'),
	('9f8540f9e96cc53c0f014baead9270df72fa907dde08ce33adf5198d37471534616416fc256d1344', 1, 3, 'Refund', '[]', 0, '2020-05-03 16:25:35', '2020-05-03 16:25:35', '2021-05-03 16:25:35'),
	('a07defe3fd5f7132c6010a2b23e74d343544bc1f3a97fc38f15d1ed4c63e76ad08526e306814c75f', 2, 1, 'Laravel', '[]', 0, '2020-05-02 17:42:25', '2020-05-02 17:42:25', '2021-05-02 17:42:25'),
	('a0a8cc081add98f1261a83c3de05b7c776741fb5fd0c29c5e741caaa2734aeef048b13653b3297a3', 2, 1, 'Laravel', '[]', 0, '2020-03-02 02:37:47', '2020-03-02 02:37:47', '2021-03-02 02:37:47'),
	('a2b325a9ecb709dbe1185e7f001ff1a5341c72d2d45b9a81d5f9e29ab5b50a762b582d6b1194b9a4', 1, 1, 'Laravel', '[]', 0, '2019-12-27 01:09:22', '2019-12-27 01:09:22', '2020-12-27 01:09:22'),
	('a377050abd689309d3ce4f0a439a1026ccac79b9f0b346748995a664848291eec0c47165c3a7e9df', 2, 3, 'Refund', '[]', 0, '2020-05-06 11:14:23', '2020-05-06 11:14:23', '2021-05-06 11:14:23'),
	('a3fa7aed35287dbc0bbc55e0cefd023df69ded906b13b5fb0e46dbb556689803466b0dfb9369b024', 2, 1, 'Laravel', '[]', 0, '2020-05-02 17:08:00', '2020-05-02 17:08:00', '2021-05-02 17:08:00'),
	('a4160cdccc03adb40482e0d99897e210047521979684521ccea99105368326dcd89f19ca022d41c6', 1, 1, 'Laravel', '[]', 0, '2020-01-06 04:04:25', '2020-01-06 04:04:25', '2021-01-06 04:04:25'),
	('a430a8a4d1848ed13ecbcd0212fa5f2ddadf2d422512a44154ac62180b948c91e1b2757da4266e33', 1, 1, 'Laravel', '[]', 0, '2020-05-02 17:06:20', '2020-05-02 17:06:20', '2021-05-02 17:06:20'),
	('a443cc723a0bf6cc2f7411699d79510eaa241ce179b364af5f1affd3f3358c12435bdd1722b6bd24', 1, 3, 'Laravel', '[]', 0, '2020-05-03 14:55:22', '2020-05-03 14:55:22', '2021-05-03 14:55:22'),
	('a678bb314f918dc86349e603313030fd533e9413ca81acefbf658eadcc8c49a8d63b7e7f64707f6b', 1, 1, 'Laravel', '[]', 0, '2020-05-02 20:02:22', '2020-05-02 20:02:22', '2021-05-02 20:02:22'),
	('a6d6d7924f657fbe46c270ad3f4dd4032343243cbaad7f2fe158fef00d39b414baa0b3392950e6ce', 1, 1, 'Laravel', '[]', 0, '2020-05-02 18:55:17', '2020-05-02 18:55:17', '2021-05-02 18:55:17'),
	('a6dc243f90f666441a3bdab58acf9748932f25c3cf8fed3cfd1a6060e49395698d3d3455d05e4b89', 2, 1, 'Laravel', '[]', 0, '2020-04-28 13:21:42', '2020-04-28 13:21:42', '2021-04-28 13:21:42'),
	('a6f4691263be7c0c08da6597533db7c3a505fe9b1a28b361251076a90dc89186195cbf7585fe5f4e', 3, 3, 'Refund', '[]', 0, '2020-05-04 09:16:20', '2020-05-04 09:16:20', '2021-05-04 09:16:20'),
	('a80c7127b51b1f618f2359c6ccd6fed3e7c71b511b4d45537e2744d11607d3123e3a7895a2c55e10', 1, 1, 'Laravel', '[]', 0, '2020-05-03 14:12:43', '2020-05-03 14:12:43', '2021-05-03 14:12:43'),
	('aa1b3287f74b23d1bf5c02149a810564411c83b2a82635934b3032a48b37b5ff8ae771e1f2438fda', 1, 1, 'Laravel', '[]', 0, '2020-05-02 16:49:37', '2020-05-02 16:49:37', '2021-05-02 16:49:37'),
	('ab50e9938d16399b7708697d37be1b41c8b51581ad6a2c29f4fdfb8be595a2e38945fe39cfeed858', 1, 3, 'Refund', '[]', 0, '2020-05-06 10:21:56', '2020-05-06 10:21:56', '2021-05-06 10:21:56'),
	('abf809ee7344dd99b1781fc0669b3cf86e0e9c18ee46e4800458e4f8f8cba3dce9d18daa8b4f1866', 2, 1, 'Laravel', '[]', 0, '2020-04-08 07:59:55', '2020-04-08 07:59:55', '2021-04-08 07:59:55'),
	('ad6c5fdca72a5d11f57cba583a2dc377e27fbba37c87990af99b385fab44405f99a54430291ab0c7', 1, 3, 'Refund', '[]', 0, '2020-05-06 10:02:18', '2020-05-06 10:02:18', '2021-05-06 10:02:18'),
	('ade894434f51e6ca9d98d40aac594e9d4cde129d2ca52061ec9cc6a7a78bd84608446d6225c8bf28', 1, 3, 'Refund', '[]', 0, '2020-05-06 10:08:43', '2020-05-06 10:08:43', '2021-05-06 10:08:43'),
	('ae29d591c38a9c0af5afa44ca422482062ca7134fe2952019f25a9a2f683d52587073948296069e1', 2, 1, 'Laravel', '[]', 0, '2020-01-06 03:54:09', '2020-01-06 03:54:09', '2021-01-06 03:54:09'),
	('af3ac773c93d4f62874d4c7bb058b332f3d755973e6436303cfaf13c0c52c466ff077f7d81c4638d', 1, 1, 'Laravel', '[]', 0, '2020-01-06 04:00:22', '2020-01-06 04:00:22', '2021-01-06 04:00:22'),
	('b0578594aa4a46ba38d427b2b4c31ae994e1592cc21165b1b639b7d2b6b855ffc6a2622532a9a5ed', 1, 1, 'Laravel', '[]', 0, '2020-03-04 02:09:25', '2020-03-04 02:09:25', '2021-03-04 02:09:25'),
	('b0ade71f064d6cb7cde8269e53db929e2878b65bc4f8ac4c8dc77f112071257862da2a92f9107dc3', 3, 3, 'Refund', '[]', 0, '2020-05-04 10:06:29', '2020-05-04 10:06:29', '2021-05-04 10:06:29'),
	('b118b6d0b5e201f4a1ac77e533ed613704c97d859021ab1852727158608f24b7322a689547a24658', 1, 2, NULL, '[]', 0, '2019-12-26 02:07:12', '2019-12-26 02:07:12', '2020-12-26 02:07:12'),
	('b1293037b0f8a3d2a6357177b5b2f05d65de9cb0f2a595c5db6a664e460678e1a34574518c71b48e', 1, 3, 'Refund', '[]', 0, '2020-05-06 10:05:52', '2020-05-06 10:05:52', '2021-05-06 10:05:52'),
	('b2dd1b47a18a52e699358d855512bd2749a28bc788780df5695e6d97af5f17031dc5b2439d7e3296', 2, 3, 'Refund', '[]', 0, '2020-05-04 09:36:03', '2020-05-04 09:36:03', '2021-05-04 09:36:03'),
	('b365905f21156a73d097f63dcac620362dfeaeeb7f6315f2a41ef2989cd2a2cfe1d1ab474d2b1ed3', 2, 1, 'Laravel', '[]', 0, '2020-04-07 07:41:29', '2020-04-07 07:41:29', '2021-04-07 07:41:29'),
	('b4c91bf6d9505649c929e653db8216420f7f8cbef9aa7e7739e4d1b8deaf95f69339598511c8b6e9', 1, 1, 'Laravel', '[]', 0, '2020-01-06 04:00:21', '2020-01-06 04:00:21', '2021-01-06 04:00:21'),
	('b50b8face2b92560644f8a598188e399efc29264a0b8d22561e24b427f1ea758a66eddc064d19db1', 1, 1, 'Laravel', '[]', 0, '2020-05-02 18:30:23', '2020-05-02 18:30:23', '2021-05-02 18:30:23'),
	('b5fc3f6ba79ddf82f22b2eed422cb775ca844d08c257d143b3c96b9d4331de72c2930de286b12a22', 1, 1, 'Laravel', '[]', 0, '2020-05-03 07:58:10', '2020-05-03 07:58:10', '2021-05-03 07:58:10'),
	('b877e705ddec56e2161a26d144a0423a7dedaa39242538883398f024786b7606eae91349a593e28e', 2, 3, 'Refund', '[]', 0, '2020-05-05 03:38:10', '2020-05-05 03:38:10', '2021-05-05 03:38:10'),
	('b89871077e5279d45c65069db8f5781e3e70f4d0cf367f10672ddffd814bff3521a7a6384b17fd31', 1, 1, 'Laravel', '[]', 0, '2020-05-02 17:13:56', '2020-05-02 17:13:56', '2021-05-02 17:13:56'),
	('ba4654e90a09bcf9c38237e204b9b28e6b82e69d809a5253d850464bd62e14ace7eac89ffb430dfb', 1, 2, NULL, '[]', 0, '2019-12-26 09:11:16', '2019-12-26 09:11:16', '2020-12-26 09:11:16'),
	('bc18a6b2730dde13b7c241f42ac147e05b5e6dce306426ae576819a37935544846b2206ed8a320d2', 2, 3, 'Refund', '[]', 0, '2020-05-06 19:28:38', '2020-05-06 19:28:38', '2021-05-06 19:28:38'),
	('bcf11fc8570c1fc008049a0e9d8741e57f715310dabba9283ddb354e8b23d367177577dfa069a57c', 2, 1, 'Laravel', '[]', 0, '2020-03-03 06:59:51', '2020-03-03 06:59:51', '2021-03-03 06:59:51'),
	('be3225ee4c0004f57653df312a8c5dc141cb54dab5dc3fd7ffcc3ac1f36193094f9e6a05966d42d8', 1, 1, 'Laravel', '[]', 0, '2020-05-02 19:09:30', '2020-05-02 19:09:30', '2021-05-02 19:09:30'),
	('bf51332d6a50271edde78c55f1322d9010df8be74be42d1e049a1292a7988f3306bf37d1fb6552af', 1, 1, 'Laravel', '[]', 0, '2020-01-06 03:55:05', '2020-01-06 03:55:05', '2021-01-06 03:55:05'),
	('bf5594aeaf3b8ce32d57a24c55c4f8d19a39a109b32ada37d9ec63a305c26b8285915f525989038c', 2, 1, 'Laravel', '[]', 0, '2020-04-13 02:07:05', '2020-04-13 02:07:05', '2021-04-13 02:07:05'),
	('bffaf8dba849a21a61eb5f006eeb9614980ee8339ed904c39780c5948ddcfd520d50769f08df5557', 1, 3, 'Refund', '[]', 0, '2020-05-05 10:02:24', '2020-05-05 10:02:24', '2021-05-05 10:02:24'),
	('c01c891c22679f00815339364c67591263a05df7e901f3d949fd988d66e5d8ddc6e774c5601e3dc6', 1, 3, 'Refund', '[]', 0, '2020-05-06 10:02:45', '2020-05-06 10:02:45', '2021-05-06 10:02:45'),
	('c1ce2b03baec2c9362315ead64b8f7a99ca4ca4356f5b0b6b6fece9ff11196a287e1091b15ca4767', 2, 1, 'Laravel', '[]', 0, '2020-03-03 06:42:09', '2020-03-03 06:42:09', '2021-03-03 06:42:09'),
	('c20e49bbb41b30eb43bc0bffba47c3e5d9a88f4ed1049029c3064f2c16d968b13439017ebbd37650', 1, 1, 'Laravel', '[]', 0, '2020-05-02 17:03:37', '2020-05-02 17:03:37', '2021-05-02 17:03:37'),
	('c28a28aae6ba5e0f2e76e02c5a16854bde9064258e820a334fb5c72e7c53f689d0ff11afd15d7957', 1, 1, 'Laravel', '[]', 0, '2020-05-03 11:14:07', '2020-05-03 11:14:07', '2021-05-03 11:14:07'),
	('c29935a9aff577ddec22810aaa6d294aabc88d7938149be68b9dce92629fb6906cba921ac0c78b87', 1, 1, 'Laravel', '[]', 0, '2020-04-09 06:58:55', '2020-04-09 06:58:55', '2021-04-09 06:58:55'),
	('c2fbdecacd978944958ab819f312e9158b8ea7ec5d35151667d3dfca7874feb98841578a25efdd7a', 1, 1, 'Laravel', '[]', 0, '2020-05-03 09:29:45', '2020-05-03 09:29:45', '2021-05-03 09:29:45'),
	('c4187957d31f389d9cf512e7910c7dc920d7d577b0de00f22908fffce773d0c0fdf9d26d23c2b60b', 1, 3, 'Refund', '[]', 0, '2020-05-06 10:18:18', '2020-05-06 10:18:18', '2021-05-06 10:18:18'),
	('c457c6ef07f99a8d236b6b7c61f4b15cbdf61faecd2f5488e6a9c88f848dbe5ab146f32725bc3421', 2, 1, 'Laravel', '[]', 0, '2020-04-07 02:33:01', '2020-04-07 02:33:01', '2021-04-07 02:33:01'),
	('c4b39fdec8e36737a0e07188bfa6acc2fd7c07181383e6a3b1679cc0cc76429c9fee517ac95e7c4d', 2, 1, 'Laravel', '[]', 0, '2020-03-06 03:17:19', '2020-03-06 03:17:19', '2021-03-06 03:17:19'),
	('c4d2b4cbe1473941f13c79c3d403973879bf2fc3392dd8fb568cc9aa4b5e735329115f4f285d5933', 2, 1, 'Laravel', '[]', 0, '2020-03-03 07:00:44', '2020-03-03 07:00:44', '2021-03-03 07:00:44'),
	('c4d66df2799b52423a3d14850b1d5df69f2cc2c1f2b1f730656d041b3eb681118f64602b874086d0', 2, 1, 'Laravel', '[]', 0, '2020-03-04 08:40:09', '2020-03-04 08:40:09', '2021-03-04 08:40:09'),
	('c4d9ac8ca172a6006eef94a107090f3534847a851ec9dff7d8d8f9b8c98a062314147ece61e449af', 1, 1, 'Laravel', '[]', 0, '2020-01-06 03:55:59', '2020-01-06 03:55:59', '2021-01-06 03:55:59'),
	('c60c8aede7d1f5ecb364906c43bc8fa7f11d67b4c858c45157e80647457cea08e36c3df8caaa6973', 2, 1, 'Laravel', '[]', 0, '2020-04-10 02:30:17', '2020-04-10 02:30:17', '2021-04-10 02:30:17'),
	('c71dd2b11e0e81ee25ceca75a830ec4184308b2a90ab272cc15676936b45bfaf5649793eebd9636e', 2, 1, 'Laravel', '[]', 0, '2020-05-02 11:16:14', '2020-05-02 11:16:14', '2021-05-02 11:16:14'),
	('c8bb9fdb9cc5aa842b5021dd2dc640c7e3bf2bb6045466e62fa533f3cf5d77178e5679487e6e3fb3', 1, 1, 'Laravel', '[]', 0, '2020-01-06 03:54:34', '2020-01-06 03:54:34', '2021-01-06 03:54:34'),
	('ca2692def5b21aeaa2509af0fe61c03f381d0403e9470087fb15b001cfef74055ea554dad61dab35', 1, 1, 'Laravel', '[]', 0, '2020-01-06 04:00:23', '2020-01-06 04:00:23', '2021-01-06 04:00:23'),
	('cbf1b87aca6c66b90f06651edc0e51da5e86fe30718e98df2c4c55512e74078722bc4e246ea13e86', 1, 3, 'Refund', '[]', 0, '2020-05-06 14:46:25', '2020-05-06 14:46:25', '2021-05-06 14:46:25'),
	('cc43a474f22b2eb3d889819151424fa4d31245ee1a5c2e457056a563a31e7090265902f8c9e8c9a3', 1, 1, 'Laravel', '[]', 0, '2020-05-02 19:17:59', '2020-05-02 19:17:59', '2021-05-02 19:17:59'),
	('ccae057eb13e78189d1b1a7f5d0b665fba1f89e77a07b2b2e006c0b2c96b4a3bf57c652263a9706c', 1, 3, 'Refund', '[]', 0, '2020-05-04 10:07:51', '2020-05-04 10:07:51', '2021-05-04 10:07:51'),
	('cd5983ffa92ddc2d701ea83fac2f8cebc20f9e05370d2d1d2b3f8bf3ed69a7059c24bee6cd977c72', 1, 1, 'Laravel', '[]', 0, '2020-01-06 04:10:39', '2020-01-06 04:10:39', '2021-01-06 04:10:39'),
	('ce14a53d7a96c9c49eb0e1aa0247c0c1d9d12b02751ff9d1352d88e2263f4e2edf855c379bd32b45', 1, 3, 'Refund', '[]', 0, '2020-05-06 10:13:46', '2020-05-06 10:13:46', '2021-05-06 10:13:46'),
	('ce327d7b8ef8c781bbe84115de4a94ba69e32c478be77b59ecccfc4c7c1c70dc873409eebd676613', 2, 1, 'Laravel', '[]', 0, '2020-05-01 13:18:15', '2020-05-01 13:18:15', '2021-05-01 13:18:15'),
	('cf1888d3de15823cd71ab09c7b3658c08f1cf6366d196e0ff2626c1d48166a8c9f9c28ead978d241', 2, 3, 'Refund', '[]', 0, '2020-05-05 13:50:27', '2020-05-05 13:50:27', '2021-05-05 13:50:27'),
	('cf3420c4e1369e4eca52b0cf7ae3c56bcb79ba54fb985cb4c0bc0d7926ce11693982ca2607e323e4', 1, 1, 'Laravel', '[]', 0, '2020-05-02 19:13:18', '2020-05-02 19:13:18', '2021-05-02 19:13:18'),
	('cfbbf46c69f2c9986b2b967c7148b92af6e500a8da3dfeff24b5d2afb317e40d3b01e876f367ee53', 2, 3, 'Refund', '[]', 0, '2020-05-03 15:49:59', '2020-05-03 15:49:59', '2021-05-03 15:49:59'),
	('d0518cb9adb3a44c71051672026af04263f3019bab46e102a883cbb826646871f5f09e9597d5ee3c', 1, 1, 'Laravel', '[]', 0, '2019-12-27 06:57:13', '2019-12-27 06:57:13', '2020-12-27 06:57:13'),
	('d0d2034e3ad74cd6a2a425f51c501770c52c39c5577a912a8216439d5ef038b67a465cfeec81f5e7', 1, 1, 'Laravel', '[]', 0, '2020-01-06 03:57:22', '2020-01-06 03:57:22', '2021-01-06 03:57:22'),
	('d20b95875c3faab328483da4b3cb4c8a8770ee882bf149e8415f4a705ae71bd1b86e68ef1e193380', 1, 1, 'Laravel', '[]', 0, '2020-05-02 17:51:26', '2020-05-02 17:51:26', '2021-05-02 17:51:26'),
	('d30b450a670c5468fc5f3547b8e27a45b2384acb3857a706e3e99b17b36dc9ef99b5fef82377c63c', 1, 1, 'Laravel', '[]', 0, '2020-01-06 03:57:23', '2020-01-06 03:57:23', '2021-01-06 03:57:23'),
	('d4ee16271e7262e293a9362ffb1c50ff15e65897637a3b281d8df505760d4edbba146b8bfa8feb50', 2, 1, 'Laravel', '[]', 0, '2019-12-27 06:57:28', '2019-12-27 06:57:28', '2020-12-27 06:57:28'),
	('d531f73d4fcc943d203f96ca65406acd42fdb069863045703436299cea99760dbbe84814c95a081d', 1, 3, 'Refund', '[]', 0, '2020-05-06 10:12:48', '2020-05-06 10:12:48', '2021-05-06 10:12:48'),
	('d5adce49f477818608608d1adefa5969387362bb0181d59875cdc3c58bf095a4cba444dc581ec9f4', 2, 1, 'Laravel', '[]', 0, '2020-03-02 07:01:59', '2020-03-02 07:01:59', '2021-03-02 07:01:59'),
	('d6895f05716b9ceb12d3caf8b672963904660aa493dcf3312e76d580aae09b3adc89ef8d57cd78f5', 1, 1, 'Laravel', '[]', 0, '2020-01-06 03:57:23', '2020-01-06 03:57:23', '2021-01-06 03:57:23'),
	('d79fb7c8ac43a6a9e0c8e9a20e1bd38598b73ae21bfd10463b8afa72fed3f4de83053612edab2908', 2, 1, 'Laravel', '[]', 0, '2020-03-03 02:41:18', '2020-03-03 02:41:18', '2021-03-03 02:41:18'),
	('d892e745dcbb6d3c63ebba3cddaf6f33572346e9328d877781dfa7964cfe9120c9dcdba24ad49232', 1, 1, 'Laravel', '[]', 0, '2020-01-06 03:55:08', '2020-01-06 03:55:08', '2021-01-06 03:55:08'),
	('d89866c242afad676d3a5cfecbce96133daff1cd8a04c25b66a39f367a7f24d577a62ce2dbe2a9f6', 1, 1, 'Laravel', '[]', 0, '2020-05-02 18:13:46', '2020-05-02 18:13:46', '2021-05-02 18:13:46'),
	('d8d1d0da1548cf3edad13e5b66dd83b78afa8379fcafebef1b6e98bb0d20edb8ec6b9f221cd1585c', 1, 3, 'Refund', '[]', 0, '2020-05-06 10:16:27', '2020-05-06 10:16:27', '2021-05-06 10:16:27'),
	('da6d37a0a781d7318d9972a2bc71ae3c4d0c54318a5f036a7a2d0fa5381e4e4a42e232e3e2c59cd0', 2, 1, 'Laravel', '[]', 0, '2020-04-07 07:27:40', '2020-04-07 07:27:40', '2021-04-07 07:27:40'),
	('db30cf4b68e52fc637d10d6062d75ac7c63e206ec269d7f7563cabc9d73327a0ba81a7bab895b506', 2, 1, 'Laravel', '[]', 0, '2020-05-03 07:58:23', '2020-05-03 07:58:23', '2021-05-03 07:58:23'),
	('dbff927e28087f964bd61e92c44059dc0d3c73de2f4cecdd2261b8bd6152009c1e921807eb713549', 1, 1, 'Laravel', '[]', 0, '2020-01-06 03:55:08', '2020-01-06 03:55:08', '2021-01-06 03:55:08'),
	('dccd385f4fbc85783850ad783dee5c1fd62b0b275d28838c1b9a561f8b3a422ab5d96119ff7ab52a', 2, 3, 'Refund', '[]', 0, '2020-05-04 13:20:07', '2020-05-04 13:20:07', '2021-05-04 13:20:07'),
	('dd6a801b533c446a681d238f004e23cd71df14b2d24eb540f1527138af8299f6cf9441686d3abedc', 1, 1, 'Laravel', '[]', 0, '2020-01-06 04:04:24', '2020-01-06 04:04:24', '2021-01-06 04:04:24'),
	('e0e0e3c696e79b98665a0d10dfb52fb941c8f7ca4e8df0594d2dd7e744cacc2f5e0f931416fb59a8', 2, 1, 'Laravel', '[]', 0, '2020-05-02 19:13:49', '2020-05-02 19:13:49', '2021-05-02 19:13:49'),
	('e1639cc2147ab719b6b22f6b040fb60c02d57bc1370c7d3c01b8b8ce675377447b00fa4af3273014', 1, 1, 'Laravel', '[]', 0, '2020-01-06 04:08:19', '2020-01-06 04:08:19', '2021-01-06 04:08:19'),
	('e226e2f599e8c7c70b835c72e4bd98fea1ca35043545aeb89c400aeee86e39cc262cb1bde2032dba', 1, 1, 'Laravel', '[]', 0, '2020-01-06 04:08:20', '2020-01-06 04:08:20', '2021-01-06 04:08:20'),
	('e256b915af4e0776ddb7a8a98098061e1c3c956d56e646259c41fbfe2316b5f5f17edcdc49898046', 1, 2, NULL, '[]', 0, '2019-12-26 09:17:21', '2019-12-26 09:17:21', '2020-12-26 09:17:21'),
	('e2fad9b4b7d65da8da484dc7090d5dca79ce2e8493461a361bf89166e2835b6b93d946701feec414', 1, 1, 'Laravel', '[]', 0, '2020-05-02 17:44:13', '2020-05-02 17:44:13', '2021-05-02 17:44:13'),
	('e351c03e00730fec8ccc050aaa33c55d45c8359a16f3291a1ac44e722823acab75e02a53e43bc511', 1, 3, 'Laravel', '[]', 0, '2020-05-03 14:34:57', '2020-05-03 14:34:57', '2021-05-03 14:34:57'),
	('e3ccb8823a497c2704bb3a1517384dbe16a39ad8b91762dee98bf60d1ca6d4a068c9e5bea4274006', 1, 1, 'Laravel', '[]', 0, '2020-04-08 08:56:38', '2020-04-08 08:56:38', '2021-04-08 08:56:38'),
	('e403b47ce0a69eb52e9f14d68a8b6cf326b74c3938d47325413955c59b6bc8dd99ef35b5d796224f', 2, 3, 'Refund', '[]', 0, '2020-05-04 08:43:22', '2020-05-04 08:43:22', '2021-05-04 08:43:22'),
	('e498b9ba8f39b42a9763d79727a13d11d51f574820db1934e45b8f36485a662e291c9ffb94aae8de', 1, 1, 'Laravel', '[]', 0, '2020-01-06 03:57:24', '2020-01-06 03:57:24', '2021-01-06 03:57:24'),
	('e527953494234fb229e556b691a264ac816ff7bc502f883d328e90b14a094b9fb605e02cba9854fd', 1, 1, 'Laravel', '[]', 0, '2020-01-06 03:54:35', '2020-01-06 03:54:35', '2021-01-06 03:54:35'),
	('e7139172614d4bcf9ad0e8c330bf33f3082853d14f6158b874c4fc9520d6554f44a3a51daca7976e', 2, 1, 'Laravel', '[]', 0, '2020-04-08 04:43:40', '2020-04-08 04:43:40', '2021-04-08 04:43:40'),
	('e7c3d1185faa7a6300d05ed57f7a51fb28dc1176d0dd4ab0fb7d90669d00c9122a079d354e06ab77', 1, 3, 'Refund', '[]', 0, '2020-05-06 10:19:39', '2020-05-06 10:19:39', '2021-05-06 10:19:39'),
	('e8312add844ff671585be9c4a62d74a9f0ec35b32144aeacf31f36082c05d449a2590c639ad090ba', 1, 1, 'Laravel', '[]', 0, '2020-01-06 04:08:18', '2020-01-06 04:08:18', '2021-01-06 04:08:18'),
	('e8781c6d578b9d6af860b15a7dc40c23a4d30414d6ee99fd019ad242ccd004fd5e08e4c23fce4eaa', 1, 1, 'Laravel', '[]', 0, '2020-05-02 17:05:56', '2020-05-02 17:05:56', '2021-05-02 17:05:56'),
	('e8cd62d59f9a83df2de0f175e7ab1dfb3050dd3cb7c4dcd1d7dc8b2c4fbbe0ca8b45bcd4f6dc1897', 2, 3, 'Refund', '[]', 0, '2020-05-06 18:44:45', '2020-05-06 18:44:45', '2021-05-06 18:44:45'),
	('eb2f0e71f5c38b97101ded17a8a195afec09ee43a9058ec95277c247f8883f0ddb11b20d44b7a041', 1, 3, 'Laravel', '[]', 0, '2020-05-03 14:45:29', '2020-05-03 14:45:29', '2021-05-03 14:45:29'),
	('eba7a67cc45e05cce4d28c256393ea1ea3c44db6037700f38514b43185c080d394fe71cac9841d36', 1, 1, 'Laravel', '[]', 0, '2020-03-02 02:40:11', '2020-03-02 02:40:11', '2021-03-02 02:40:11'),
	('ec5714588e13b343a3f57aa74bde197c03e3789fb91014ab551eba0fe864afd2810474edb171c809', 1, 1, 'Laravel', '[]', 0, '2020-05-02 17:14:10', '2020-05-02 17:14:10', '2021-05-02 17:14:10'),
	('ec5e5836be8b10ed6b7abf3ed1801f8256aa45f4eed9095ca7e9fe24b5f62c16a3b6d794e82e8e1c', 2, 1, 'Laravel', '[]', 0, '2020-03-11 01:28:18', '2020-03-11 01:28:18', '2021-03-11 01:28:18'),
	('ede6b75832ef3c64eea347883615d1b9e9835f39439f25ea66982fc0fbf6116591e4c5f1a4d39dc4', 2, 1, 'Laravel', '[]', 0, '2020-03-02 03:46:19', '2020-03-02 03:46:19', '2021-03-02 03:46:19'),
	('ee360785c5feb76e60d0b699129170f4341da13b77100bd74e5528884559bb22b876dade2bd63d78', 1, 1, 'Laravel', '[]', 0, '2020-01-06 04:08:16', '2020-01-06 04:08:16', '2021-01-06 04:08:16'),
	('f0dcbfb00ed10429be2ba82ca42ec764955ef82acb3b138985656171ac223e8bececb57a92d9e9c8', 2, 1, 'Laravel', '[]', 0, '2020-01-06 03:54:08', '2020-01-06 03:54:08', '2021-01-06 03:54:08'),
	('f194840fcf7e7ad676606cc3a68170c459505c7327849bc8ff91a5638be2501a3373358fd8fc18a7', 1, 2, NULL, '[]', 0, '2019-12-26 03:42:31', '2019-12-26 03:42:31', '2020-12-26 03:42:31'),
	('f1b1c9c6028dd2926d3e636cad2deafb2f5ae215fc8424d0d2611677b50bdfe0a7927654479ecd31', 2, 3, 'Refund', '[]', 0, '2020-05-05 12:47:31', '2020-05-05 12:47:31', '2021-05-05 12:47:31'),
	('f26534bdd418d1d567c45f8754ea527f4e71e17c83daeab71bdce297fa1ef59084915544cbb74f0c', 2, 1, 'Laravel', '[]', 0, '2020-05-02 19:13:33', '2020-05-02 19:13:33', '2021-05-02 19:13:33'),
	('f27cd65fd5acc76984565c7236206013c377f981605bc6d74fc3a9765373887cda318f796ca9aa44', 2, 1, 'Laravel', '[]', 0, '2020-03-04 02:03:57', '2020-03-04 02:03:57', '2021-03-04 02:03:57'),
	('f4c24d425f7f439b86512db72d68f3d8f16bfd1a41c983594abaffbfd4d2404ce30e5d8518edf1ae', 2, 1, 'Laravel', '[]', 0, '2020-03-09 02:36:35', '2020-03-09 02:36:35', '2021-03-09 02:36:35'),
	('f56dbc79d343cc20a12bf635526e8e2de065a9eb1a3081dea49b561846d6dc101afa43f943710157', 2, 1, 'Laravel', '[]', 0, '2020-05-01 15:01:49', '2020-05-01 15:01:49', '2021-05-01 15:01:49'),
	('f64685a8c8d1d8d75e4eb82c168d93dc33ce83caef4fa42a917d6d01a5f4330bbae5bab27b8d4aa1', 2, 1, 'Laravel', '[]', 0, '2020-04-20 07:52:45', '2020-04-20 07:52:45', '2021-04-20 07:52:45'),
	('f70c1a0cc143f98dbdc39d5977e92b272d6c99feb059a872d9ad4597e201f706f4fee5e17004f834', 2, 1, 'Laravel', '[]', 0, '2020-04-10 07:19:53', '2020-04-10 07:19:53', '2021-04-10 07:19:53'),
	('f759fa1f628fca7ca9c38b94e36b42e03f56d2c533fab51e28a41978b602d7c508ac304cbe6bc1f0', 1, 3, 'Refund', '[]', 0, '2020-05-06 05:57:48', '2020-05-06 05:57:48', '2021-05-06 05:57:48'),
	('f78fd5ab32663051c2008fbbd1c6af00a10ddfd8696dba864db47156faa3e99de3a8dde323710ec2', 1, 1, 'Laravel', '[]', 0, '2020-01-06 04:04:23', '2020-01-06 04:04:23', '2021-01-06 04:04:23'),
	('f8da56c611d53088edda99cc35a3ee84829375765643c83eae3c4481951ac0697d356380b9fd6e3e', 1, 1, 'Laravel', '[]', 0, '2020-01-06 04:08:38', '2020-01-06 04:08:38', '2021-01-06 04:08:38'),
	('fb2c77385c5420a28dff89d281056206a7bef30641bae8c254574792916a69258554beb0d3f647b8', 2, 1, 'Laravel', '[]', 0, '2020-03-03 07:45:29', '2020-03-03 07:45:29', '2021-03-03 07:45:29'),
	('fb3acf01677266b584ec9744e10e5b61dace011c87007bbf2b7b8d2257cca3070c776b7181e503a1', 1, 1, 'Laravel', '[]', 0, '2020-05-02 14:42:31', '2020-05-02 14:42:31', '2021-05-02 14:42:31'),
	('fb4fe97ddd185af695aaf41e8fe0ae7ee0c94b053006645e338913eb3e4e44c5d176e0ebf43b8b1c', 1, 1, 'Laravel', '[]', 0, '2020-05-02 18:11:18', '2020-05-02 18:11:18', '2021-05-02 18:11:18'),
	('fdd30c9c593cf289b9f504f4b0caa7986689d218252a4b0b674d4d3fa5a61ff36d59837cc8f3119b', 2, 1, 'Laravel', '[]', 0, '2020-03-06 06:00:37', '2020-03-06 06:00:37', '2021-03-06 06:00:37'),
	('ff3f5405c75f2c1fd2f96548aa78919ea4ddb636e967f583d75b308bf20268ce94606dbc4697ffc8', 1, 1, 'Laravel', '[]', 0, '2020-01-06 03:55:07', '2020-01-06 03:55:07', '2021-01-06 03:55:07');
/*!40000 ALTER TABLE `oauth_access_tokens` ENABLE KEYS */;

-- Dumping structure for table refund2.oauth_auth_codes
CREATE TABLE IF NOT EXISTS `oauth_auth_codes` (
  `id` varchar(100) COLLATE utf8mb4_unicode_ci NOT NULL,
  `user_id` bigint(20) NOT NULL,
  `client_id` int(10) unsigned NOT NULL,
  `scopes` text COLLATE utf8mb4_unicode_ci DEFAULT NULL,
  `revoked` tinyint(1) NOT NULL,
  `expires_at` datetime DEFAULT NULL,
  PRIMARY KEY (`id`)
) ENGINE=InnoDB DEFAULT CHARSET=utf8mb4 COLLATE=utf8mb4_unicode_ci;

-- Dumping data for table refund2.oauth_auth_codes: ~0 rows (approximately)
/*!40000 ALTER TABLE `oauth_auth_codes` DISABLE KEYS */;
/*!40000 ALTER TABLE `oauth_auth_codes` ENABLE KEYS */;

-- Dumping structure for table refund2.oauth_clients
CREATE TABLE IF NOT EXISTS `oauth_clients` (
  `id` int(10) unsigned NOT NULL AUTO_INCREMENT,
  `user_id` bigint(20) DEFAULT NULL,
  `name` varchar(191) COLLATE utf8mb4_unicode_ci NOT NULL,
  `secret` varchar(100) COLLATE utf8mb4_unicode_ci NOT NULL,
  `redirect` text COLLATE utf8mb4_unicode_ci NOT NULL,
  `personal_access_client` tinyint(1) NOT NULL,
  `password_client` tinyint(1) NOT NULL,
  `revoked` tinyint(1) NOT NULL,
  `created_at` timestamp NULL DEFAULT NULL,
  `updated_at` timestamp NULL DEFAULT NULL,
  PRIMARY KEY (`id`),
  KEY `oauth_clients_user_id_index` (`user_id`)
) ENGINE=InnoDB AUTO_INCREMENT=5 DEFAULT CHARSET=utf8mb4 COLLATE=utf8mb4_unicode_ci;

-- Dumping data for table refund2.oauth_clients: ~4 rows (approximately)
/*!40000 ALTER TABLE `oauth_clients` DISABLE KEYS */;
INSERT INTO `oauth_clients` (`id`, `user_id`, `name`, `secret`, `redirect`, `personal_access_client`, `password_client`, `revoked`, `created_at`, `updated_at`) VALUES
	(1, NULL, 'Laravel Personal Access Client', '4u0flYt9vZYyLiYhPHcQ9bj2CrrKtOqZfrrlKLh3', 'http://localhost', 1, 0, 0, '2019-12-26 02:00:54', '2019-12-26 02:00:54'),
	(2, NULL, 'Laravel Password Grant Client', 'R6PIquMQDbcAxknaqSUgMBkSEf4WIU1lCNUU4jfk', 'http://localhost', 0, 1, 0, '2019-12-26 02:00:54', '2019-12-26 02:00:54'),
	(3, NULL, 'Laravel Personal Access Client', 'Rv6NVXtPC4XDb9ouTs66D9WpAOnyHWctASUCMqHZ', 'http://localhost', 1, 0, 0, '2020-05-03 14:21:30', '2020-05-03 14:21:30'),
	(4, NULL, 'Laravel Password Grant Client', 'yiJ8RFfE16OsVBZup8VzaE8Wms8GYUCGHszWgcLK', 'http://localhost', 0, 1, 0, '2020-05-03 14:21:30', '2020-05-03 14:21:30');
/*!40000 ALTER TABLE `oauth_clients` ENABLE KEYS */;

-- Dumping structure for table refund2.oauth_personal_access_clients
CREATE TABLE IF NOT EXISTS `oauth_personal_access_clients` (
  `id` int(10) unsigned NOT NULL AUTO_INCREMENT,
  `client_id` int(10) unsigned NOT NULL,
  `created_at` timestamp NULL DEFAULT NULL,
  `updated_at` timestamp NULL DEFAULT NULL,
  PRIMARY KEY (`id`),
  KEY `oauth_personal_access_clients_client_id_index` (`client_id`)
) ENGINE=InnoDB AUTO_INCREMENT=3 DEFAULT CHARSET=utf8mb4 COLLATE=utf8mb4_unicode_ci;

-- Dumping data for table refund2.oauth_personal_access_clients: ~0 rows (approximately)
/*!40000 ALTER TABLE `oauth_personal_access_clients` DISABLE KEYS */;
INSERT INTO `oauth_personal_access_clients` (`id`, `client_id`, `created_at`, `updated_at`) VALUES
	(1, 1, '2019-12-26 02:00:54', '2019-12-26 02:00:54'),
	(2, 3, '2020-05-03 14:21:30', '2020-05-03 14:21:30');
/*!40000 ALTER TABLE `oauth_personal_access_clients` ENABLE KEYS */;

-- Dumping structure for table refund2.oauth_refresh_tokens
CREATE TABLE IF NOT EXISTS `oauth_refresh_tokens` (
  `id` varchar(100) COLLATE utf8mb4_unicode_ci NOT NULL,
  `access_token_id` varchar(100) COLLATE utf8mb4_unicode_ci NOT NULL,
  `revoked` tinyint(1) NOT NULL,
  `expires_at` datetime DEFAULT NULL,
  PRIMARY KEY (`id`),
  KEY `oauth_refresh_tokens_access_token_id_index` (`access_token_id`)
) ENGINE=InnoDB DEFAULT CHARSET=utf8mb4 COLLATE=utf8mb4_unicode_ci;

-- Dumping data for table refund2.oauth_refresh_tokens: ~11 rows (approximately)
/*!40000 ALTER TABLE `oauth_refresh_tokens` DISABLE KEYS */;
INSERT INTO `oauth_refresh_tokens` (`id`, `access_token_id`, `revoked`, `expires_at`) VALUES
	('06ec845f550d3d9f456ed395c57ce098f9431d33eafe2dbba294dcd8175ce18b1434152456934fac', '25c7efd2a1fde6006fc8c03e62a3776c5550efd884efadfe6b9aaa92971b518411619992a1f2f1a2', 0, '2020-12-26 07:44:49'),
	('27e80c29a1754122c4143db22ab3fd9f623fa5c189fff073bfe910a6f07677755c6ad477bba2a564', '016c3aa69e63547e5a88472ed7debc6872920aac93f62f6b243cb0de267bea458204485b10caea36', 0, '2020-12-26 07:08:53'),
	('308dda09b81562ec18bfdcfa82377103e9c85e8a61ef94206e1571998685d3a68445ded91660f9db', 'b118b6d0b5e201f4a1ac77e533ed613704c97d859021ab1852727158608f24b7322a689547a24658', 0, '2020-12-26 02:07:12'),
	('46e9d84a43696076871a4fde55b7718738166f54c18ff39d3429e37e581b21b9fa735dee65a7a533', '8e75f57edc93d79c6ad1f64a47494a61565035f62bf0a8180115fa74d651f0421d84b8a083a2e7ec', 0, '2020-12-26 03:46:48'),
	('576776659c9a15168707cd3dbe5a705c7843552ede9954dbfa8184cc0aa1ee856a8b04715fe7d211', 'ba4654e90a09bcf9c38237e204b9b28e6b82e69d809a5253d850464bd62e14ace7eac89ffb430dfb', 0, '2020-12-26 09:11:16'),
	('5ba393eb1852d6ef8c1e76f52bd137a3139cdfcb9a99a7dc72b9dd14ac89616e38451ee50429b46c', '3b29e38f9f6f4a9af7169e04f89ae01b1b178c598b197a22823d66c3e111afe454906ca95c94cf85', 0, '2020-12-26 09:28:56'),
	('672db0fb96b3cd02dfb2d280cce7f4a2663d12d3716378b25498162ca4b854b6b698e5a93cfba917', '789c21e9111e0a823e5d39f5ec870dde55835df43073538306450d12f74a8b896a066f13200ec196', 0, '2020-12-26 07:50:06'),
	('7304f4414b849b7897fd7b1bc22a7085e348ab937e6b1600ac029177b5e79813a9b00f6dc2d12622', 'f194840fcf7e7ad676606cc3a68170c459505c7327849bc8ff91a5638be2501a3373358fd8fc18a7', 0, '2020-12-26 03:42:31'),
	('8e3db281aabcc848f73fd7bdd4046fa57484405cb1e4439191fc2ab5632a25c63638a37ad24b9445', '664cda5e0fbc61c98416d091a8519d50d2a3b51e29e8f8bda9ff237d81a5d99455d7a0f61d07586d', 0, '2020-12-26 02:19:31'),
	('9fa294e70f28a05ef80cb1d7004afbceedac99c1aa52e864c39ad6a0a9f4ca301d6077ac97022a36', '371ecb50b83d3d0c1f97efe30d75d5bcbb44c7315b81481df6e09e9743337c34c800792cfd8abaf2', 0, '2020-12-26 08:06:28'),
	('bd298fc3c9907e3458b3632f5914edf0457e2c4036e9386c42bf3beb323264033faa7f5448c0394d', 'e256b915af4e0776ddb7a8a98098061e1c3c956d56e646259c41fbfe2316b5f5f17edcdc49898046', 0, '2020-12-26 09:17:21');
/*!40000 ALTER TABLE `oauth_refresh_tokens` ENABLE KEYS */;

-- Dumping structure for table refund2.password_resets
CREATE TABLE IF NOT EXISTS `password_resets` (
  `email` varchar(191) COLLATE utf8mb4_unicode_ci NOT NULL,
  `token` varchar(191) COLLATE utf8mb4_unicode_ci NOT NULL,
  `created_at` timestamp NULL DEFAULT NULL,
  KEY `password_resets_email_index` (`email`)
) ENGINE=InnoDB DEFAULT CHARSET=utf8mb4 COLLATE=utf8mb4_unicode_ci;

-- Dumping data for table refund2.password_resets: ~0 rows (approximately)
/*!40000 ALTER TABLE `password_resets` DISABLE KEYS */;
/*!40000 ALTER TABLE `password_resets` ENABLE KEYS */;

-- Dumping structure for table refund2.users
CREATE TABLE IF NOT EXISTS `users` (
  `id` int(10) unsigned NOT NULL AUTO_INCREMENT,
  `name` varchar(191) COLLATE utf8mb4_unicode_ci NOT NULL,
  `email` varchar(191) COLLATE utf8mb4_unicode_ci NOT NULL,
  `username` varchar(191) COLLATE utf8mb4_unicode_ci NOT NULL,
  `password` varchar(191) COLLATE utf8mb4_unicode_ci NOT NULL,
  `type` varchar(191) COLLATE utf8mb4_unicode_ci NOT NULL,
  `office_id` int(11) NOT NULL,
  `status` int(11) DEFAULT NULL,
  `remember_token` varchar(100) COLLATE utf8mb4_unicode_ci DEFAULT NULL,
  `created_at` timestamp NULL DEFAULT NULL,
  `updated_at` timestamp NULL DEFAULT NULL,
  PRIMARY KEY (`id`),
  UNIQUE KEY `users_username_unique` (`username`)
) ENGINE=InnoDB AUTO_INCREMENT=4 DEFAULT CHARSET=utf8mb4 COLLATE=utf8mb4_unicode_ci;

-- Dumping data for table refund2.users: ~3 rows (approximately)
/*!40000 ALTER TABLE `users` DISABLE KEYS */;
INSERT INTO `users` (`id`, `name`, `email`, `username`, `password`, `type`, `office_id`, `status`, `remember_token`, `created_at`, `updated_at`) VALUES
	(1, 'Rozella Marvin III', 'crohan@example.net', 'admin', '$2y$10$TKh8H1.PfQx37YgCzwiKb.KjNyWgaHb9cbcoQgdIVFlYg7B77UdFm', 'admin', 0, 1, 'IxycJmZMqf', '2019-12-26 02:05:30', '2019-12-26 02:05:30'),
	(2, 'Agustina Bartoletti III', 'jewell.shields@example.org', 'user1', '$2y$10$TKh8H1.PfQx37YgCzwiKb.KjNyWgaHb9cbcoQgdIVFlYg7B77UdFm', 'user', 2, 1, '9yY7UYZsW3', '2019-12-26 02:06:12', '2019-12-26 02:06:12'),
	(3, 'Agustina Bartoletti III', 'jewell.shields@example.org', 'user2', '$2y$10$TKh8H1.PfQx37YgCzwiKb.KjNyWgaHb9cbcoQgdIVFlYg7B77UdFm', 'user', 3, 1, '9yY7UYZsW3', '2019-12-26 02:06:12', '2019-12-26 02:06:12');
/*!40000 ALTER TABLE `users` ENABLE KEYS */;

/*!40101 SET SQL_MODE=IFNULL(@OLD_SQL_MODE, '') */;
/*!40014 SET FOREIGN_KEY_CHECKS=IF(@OLD_FOREIGN_KEY_CHECKS IS NULL, 1, @OLD_FOREIGN_KEY_CHECKS) */;
/*!40101 SET CHARACTER_SET_CLIENT=@OLD_CHARACTER_SET_CLIENT */;
